sr_no,member_name,sebi_reg_no,member_code,internal_id,details_url
1,CENTRICITY SECURITIES PRIVATE LIMITED,INZ000323234,90456,3323,https://enit.nseindia.com/MemDirWeb/brokerDetailPage_Beta?memID=3323&h_MemType=members&memName=CENTRICITY%20SECURITIES%20PRIVATE%20LIMITED
2,PLOUTOS QUANT RESEARCH CAPITAL PRIVATE LIMITED,INZ000295333,90210,3087,https://enit.nseindia.com/MemDirWeb/brokerDetailPage_Beta?memID=3087&h_MemType=members&memName=PLOUTOS%20QUANT%20RESEARCH%20CAPITAL%20PRIVATE%20LIMITED
3,HINDUSTAN TECHNOSOL PRIVATE LIMITED,INZ000092238,90339,3210,https://enit.nseindia.com/MemDirWeb/brokerDetailPage_Beta?memID=3210&h_MemType=members&memName=HINDUSTAN%20TECHNOSOL%20PRIVATE%20LIMITED
4,OYSTER FINCAP PRIVATE LIMITED,INZ000237237,14149,2535,https://enit.nseindia.com/MemDirWeb/brokerDetailPage_Beta?memID=2535&h_MemType=members&memName=OYSTER%20FINCAP%20PRIVATE%20LIMITED
5,JAMBUWALA COMMODITIES PRIVATE LIMITED,INZ000056036,13934,2429,https://enit.nseindia.com/MemDirWeb/brokerDetailPage_Beta?memID=2429&h_MemType=members&memName=JAMBUWALA%20COMMODITIES%20PRIVATE%20LIMITED
6,ALLWIN SECURITIES LIMITED,INZ000239635,12335,2801,https://enit.nseindia.com/MemDirWeb/brokerDetailPage_Beta?memID=2801&h_MemType=members&memName=ALLWIN%20SECURITIES%20LIMITED
7,QI BROKERAGE LLP,INZ000299350,90230,3107,https://enit.nseindia.com/MemDirWeb/brokerDetailPage_Beta?memID=3107&h_MemType=members&memName=QI%20BROKERAGE%20LLP
8,MLB STOCK BROKING PRIVATE LIMITED,INZ000305131,90252,3128,https://enit.nseindia.com/MemDirWeb/brokerDetailPage_Beta?memID=3128&h_MemType=members&memName=MLB%20STOCK%20BROKING%20PRIVATE%20LIMITED
9,VERIQUS PARTNERS PRIVATE LIMITED,INZ000329631,90471,3337,https://enit.nseindia.com/MemDirWeb/brokerDetailPage_Beta?memID=3337&h_MemType=members&memName=VERIQUS%20PARTNERS%20PRIVATE%20LIMITED
10,NU INVESTORS TECHNOLOGIES PRIVATE LIMITED,INZ000304837,90251,3127,https://enit.nseindia.com/MemDirWeb/brokerDetailPage_Beta?memID=3127&h_MemType=members&memName=NU%20INVESTORS%20TECHNOLOGIES%20PRIVATE%20LIMITED
11,VRIDHI CAPITAL & FINANCE PRIVATE LIMITED,INZ000323534,90445,3314,https://enit.nseindia.com/MemDirWeb/brokerDetailPage_Beta?memID=3314&h_MemType=members&memName=VRIDHI%20CAPITAL%20%26%20FINANCE%20PRIVATE%20LIMITED
12,AMBIT BROKING SERVICES PRIVATE LIMITED,INZ000325835,90446,3315,https://enit.nseindia.com/MemDirWeb/brokerDetailPage_Beta?memID=3315&h_MemType=members&memName=AMBIT%20BROKING%20SERVICES%20PRIVATE%20LIMITED
13,SARA SECURITIES PVT. LTD.,INZ000216732,12083,1890,https://enit.nseindia.com/MemDirWeb/brokerDetailPage_Beta?memID=1890&h_MemType=members&memName=SARA%20SECURITIES%20PVT.%20LTD.
14,INDO MONEY SECURITIES PRIVATE LIMITED,INZ000291930,14495,2063,https://enit.nseindia.com/MemDirWeb/brokerDetailPage_Beta?memID=2063&h_MemType=members&memName=INDO%20MONEY%20SECURITIES%20PRIVATE%20LIMITED
15,KAI SECURITIES PRIVATE LIMITED,INZ000232632,11271,1861,https://enit.nseindia.com/MemDirWeb/brokerDetailPage_Beta?memID=1861&h_MemType=members&memName=KAI%20SECURITIES%20PRIVATE%20LIMITED
16,WEALTHYIN BROKING PRIVATE LIMITED,INZ000308532,90293,3160,https://enit.nseindia.com/MemDirWeb/brokerDetailPage_Beta?memID=3160&h_MemType=members&memName=WEALTHYIN%20BROKING%20PRIVATE%20LIMITED
17,GILL BROKING PRIVATE LIMITED,INZ000168338,90213,3090,https://enit.nseindia.com/MemDirWeb/brokerDetailPage_Beta?memID=3090&h_MemType=members&memName=GILL%20BROKING%20PRIVATE%20LIMITED
18,RELIGARE BROKING LIMITED,INZ000330135,06537,79,https://enit.nseindia.com/MemDirWeb/brokerDetailPage_Beta?memID=79&h_MemType=members&memName=RELIGARE%20BROKING%20LIMITED
19,FINVERSE PLATFORM PRIVATE LIMITED,INZ000330930,90483,3349,https://enit.nseindia.com/MemDirWeb/brokerDetailPage_Beta?memID=3349&h_MemType=members&memName=FINVERSE%20PLATFORM%20PRIVATE%20LIMITED
20,MSE FINANCIAL SERVICES LTD.,INZ000297436,11169,1964,https://enit.nseindia.com/MemDirWeb/brokerDetailPage_Beta?memID=1964&h_MemType=members&memName=MSE%20FINANCIAL%20SERVICES%20LTD.
21,EAST INDIA SECURITIES LTD.,INZ000190836,08134,536,https://enit.nseindia.com/MemDirWeb/brokerDetailPage_Beta?memID=536&h_MemType=members&memName=EAST%20INDIA%20SECURITIES%20LTD.
22,CROSSEAS CAPITAL SERVICES PVT. LTD.,INZ000201133,12295,531,https://enit.nseindia.com/MemDirWeb/brokerDetailPage_Beta?memID=531&h_MemType=members&memName=CROSSEAS%20CAPITAL%20SERVICES%20PVT.%20LTD.
23,INDIRA SECURITIES PRIVATE LIMITED,INZ000188930,12866,884,https://enit.nseindia.com/MemDirWeb/brokerDetailPage_Beta?memID=884&h_MemType=members&memName=INDIRA%20SECURITIES%20PRIVATE%20LIMITED
24,DIVYA SECURITIES,INZ000167528,90132,3006,https://enit.nseindia.com/MemDirWeb/brokerDetailPage_Beta?memID=3006&h_MemType=members&memName=DIVYA%20SECURITIES
25,MONEYBEE SECURITIES PRIVATE LIMITED,INZ000227335,12364,1987,https://enit.nseindia.com/MemDirWeb/brokerDetailPage_Beta?memID=1987&h_MemType=members&memName=MONEYBEE%20SECURITIES%20PRIVATE%20LIMITED
26,STEEL CITY SECURITIES LTD.,INZ000223538,08061,874,https://enit.nseindia.com/MemDirWeb/brokerDetailPage_Beta?memID=874&h_MemType=members&memName=STEEL%20CITY%20SECURITIES%20LTD.
27,YOKE SECURITIES LTD.,INZ000242232,11232,1694,https://enit.nseindia.com/MemDirWeb/brokerDetailPage_Beta?memID=1694&h_MemType=members&memName=YOKE%20SECURITIES%20LTD.
28,BULLPULSE MARKETEDGE PRIVATE LIMITED,INZ000323634,90417,3288,https://enit.nseindia.com/MemDirWeb/brokerDetailPage_Beta?memID=3288&h_MemType=members&memName=BULLPULSE%20MARKETEDGE%20PRIVATE%20LIMITED
29,SHARE WISE EQUITY BROKERS PRIVATE LIMITED,INZ000300631,90249,3125,https://enit.nseindia.com/MemDirWeb/brokerDetailPage_Beta?memID=3125&h_MemType=members&memName=SHARE%20WISE%20EQUITY%20BROKERS%20PRIVATE%20LIMITED
30,SUKESH JAIN SECURITIES PRIVATE LIMITED,INZ000233631,90327,3197,https://enit.nseindia.com/MemDirWeb/brokerDetailPage_Beta?memID=3197&h_MemType=members&memName=SUKESH%20JAIN%20SECURITIES%20PRIVATE%20LIMITED
31,AETRAM TRADES PRIVATE LIMITED,INZ000309838,90356,3227,https://enit.nseindia.com/MemDirWeb/brokerDetailPage_Beta?memID=3227&h_MemType=members&memName=AETRAM%20TRADES%20PRIVATE%20LIMITED
32,HOLANI CONSULTANTS PRIVATE LIMITED,INZ000299835,90225,3102,https://enit.nseindia.com/MemDirWeb/brokerDetailPage_Beta?memID=3102&h_MemType=members&memName=HOLANI%20CONSULTANTS%20PRIVATE%20LIMITED
33,GET PROSPER CAPITAL PRIVATE LIMITED,INZ000301435,90231,3108,https://enit.nseindia.com/MemDirWeb/brokerDetailPage_Beta?memID=3108&h_MemType=members&memName=GET%20PROSPER%20CAPITAL%20PRIVATE%20LIMITED
34,SUNRISE GILTS & SECURITIES PVT LTD,INZ000025734,90076,2941,https://enit.nseindia.com/MemDirWeb/brokerDetailPage_Beta?memID=2941&h_MemType=members&memName=SUNRISE%20GILTS%20%26%20SECURITIES%20PVT%20LTD
35,SANKALP FINANCE,INZ000298721,90223,3100,https://enit.nseindia.com/MemDirWeb/brokerDetailPage_Beta?memID=3100&h_MemType=members&memName=SANKALP%20FINANCE
36,EVERMORE SHARE BROKING PRIVATE LIMITED,INZ000022431,07936,772,https://enit.nseindia.com/MemDirWeb/brokerDetailPage_Beta?memID=772&h_MemType=members&memName=EVERMORE%20SHARE%20BROKING%20PRIVATE%20LIMITED
37,GIRIRAJ STOCK BROKING PRIVATE LIMITED,INZ000212638,90318,3185,https://enit.nseindia.com/MemDirWeb/brokerDetailPage_Beta?memID=3185&h_MemType=members&memName=GIRIRAJ%20STOCK%20BROKING%20PRIVATE%20LIMITED
38,ASMAH SHARES & STOCK BROKERS PVT LTD,INZ000305432,90264,3138,https://enit.nseindia.com/MemDirWeb/brokerDetailPage_Beta?memID=3138&h_MemType=members&memName=ASMAH%20SHARES%20%26%20STOCK%20BROKERS%20PVT%20LTD
39,A SWAMINATHAN,INZ000173014,90139,3015,https://enit.nseindia.com/MemDirWeb/brokerDetailPage_Beta?memID=3015&h_MemType=members&memName=A%20SWAMINATHAN
40,A SWAMINATHAN,INZ000173014,90139,3015,https://enit.nseindia.com/MemDirWeb/brokerDetailPage_Beta?memID=3015&h_MemType=members&memName=A%20SWAMINATHAN
41,SHAILESH MULCHAND NISSAR,INZ000248617,00278,2122,https://enit.nseindia.com/MemDirWeb/brokerDetailPage_Beta?memID=2122&h_MemType=members&memName=SHAILESH%20MULCHAND%20NISSAR
42,JAYSHREE FINVEST LTD.,INZ000254938,07699,975,https://enit.nseindia.com/MemDirWeb/brokerDetailPage_Beta?memID=975&h_MemType=members&memName=JAYSHREE%20FINVEST%20LTD.
43,GCM SECURITIES LTD.,INZ000255131,07934,543,https://enit.nseindia.com/MemDirWeb/brokerDetailPage_Beta?memID=543&h_MemType=members&memName=GCM%20SECURITIES%20LTD.
44,ECONO BROKING PRIVATE LIMITED,INZ000301331,13771,2474,https://enit.nseindia.com/MemDirWeb/brokerDetailPage_Beta?memID=2474&h_MemType=members&memName=ECONO%20BROKING%20PRIVATE%20LIMITED
45,GHANSHYAM SHARES & STOCK BROKERS PVT LTD,INZ000245133,08552,544,https://enit.nseindia.com/MemDirWeb/brokerDetailPage_Beta?memID=544&h_MemType=members&memName=GHANSHYAM%20SHARES%20%26%20STOCK%20BROKERS%20PVT%20LTD
46,OHM STOCK BROKER PVT. LTD.,INZ000246138,10573,1574,https://enit.nseindia.com/MemDirWeb/brokerDetailPage_Beta?memID=1574&h_MemType=members&memName=OHM%20STOCK%20BROKER%20PVT.%20LTD.
47,WELLWORTH SHARE & STOCK BROKING LIMITED,INZ000261433,10557,1895,https://enit.nseindia.com/MemDirWeb/brokerDetailPage_Beta?memID=1895&h_MemType=members&memName=WELLWORTH%20SHARE%20%26%20STOCK%20BROKING%20LIMITED
48,JUPITER STOCK BROKERS LTD.,INZ000250436,10250,275,https://enit.nseindia.com/MemDirWeb/brokerDetailPage_Beta?memID=275&h_MemType=members&memName=JUPITER%20STOCK%20BROKERS%20LTD.
49,MITTAL SECURITIES PVT LTD,INZ000288039,06531,162,https://enit.nseindia.com/MemDirWeb/brokerDetailPage_Beta?memID=162&h_MemType=members&memName=MITTAL%20SECURITIES%20PVT%20LTD
50,NATVERLAL & SONS STOCKBROKERS PRIVATE LIMITED,INZ000243336,13435,180,https://enit.nseindia.com/MemDirWeb/brokerDetailPage_Beta?memID=180&h_MemType=members&memName=NATVERLAL%20%26%20SONS%20STOCKBROKERS%20PRIVATE%20LIMITED
51,RAMSNEHI VINIYOG PRIVATE LIMITED,INZ000046331,90186,3063,https://enit.nseindia.com/MemDirWeb/brokerDetailPage_Beta?memID=3063&h_MemType=members&memName=RAMSNEHI%20VINIYOG%20PRIVATE%20LIMITED
52,SVS SECURITIES PVT. LTD.,INZ000284933,09957,441,https://enit.nseindia.com/MemDirWeb/brokerDetailPage_Beta?memID=441&h_MemType=members&memName=SVS%20SECURITIES%20PVT.%20LTD.
53,DOLAT ALGOTECH LIMITED,INZ000285038,90183,3060,https://enit.nseindia.com/MemDirWeb/brokerDetailPage_Beta?memID=3060&h_MemType=members&memName=DOLAT%20ALGOTECH%20LIMITED
54,DEAL DEPOT BROKERAGE PVT LTD,INZ000257137,07096,221,https://enit.nseindia.com/MemDirWeb/brokerDetailPage_Beta?memID=221&h_MemType=members&memName=DEAL%20DEPOT%20BROKERAGE%20PVT%20LTD
55,BRSB SECURITIES PRIVATE LIMITED,INZ000302136,90241,3118,https://enit.nseindia.com/MemDirWeb/brokerDetailPage_Beta?memID=3118&h_MemType=members&memName=BRSB%20SECURITIES%20PRIVATE%20LIMITED
56,AMIT JASANI FINANCIAL SERVICES PVT. LTD.,INZ000280133,11072,1655,https://enit.nseindia.com/MemDirWeb/brokerDetailPage_Beta?memID=1655&h_MemType=members&memName=AMIT%20JASANI%20FINANCIAL%20SERVICES%20PVT.%20LTD.
57,PUMARTH CREDIT & CAPITAL LTD.,INZ000290936,07829,888,https://enit.nseindia.com/MemDirWeb/brokerDetailPage_Beta?memID=888&h_MemType=members&memName=PUMARTH%20CREDIT%20%26%20CAPITAL%20LTD.
58,MBL & COMPANY LTD.,INZ000289536,10047,1887,https://enit.nseindia.com/MemDirWeb/brokerDetailPage_Beta?memID=1887&h_MemType=members&memName=MBL%20%26%20COMPANY%20LTD.
59,VOLTAIRE SECURITIES PRIVATE LIMITED,INZ000290830,90180,3056,https://enit.nseindia.com/MemDirWeb/brokerDetailPage_Beta?memID=3056&h_MemType=members&memName=VOLTAIRE%20SECURITIES%20PRIVATE%20LIMITED
60,GOPALJI BROKING PRIVATE LIMITED,INZ000298037,90388,3260,https://enit.nseindia.com/MemDirWeb/brokerDetailPage_Beta?memID=3260&h_MemType=members&memName=GOPALJI%20BROKING%20PRIVATE%20LIMITED
61,RELIABLE STOCKS & SHARES (INDIA) LTD.,INZ000290639,07544,928,https://enit.nseindia.com/MemDirWeb/brokerDetailPage_Beta?memID=928&h_MemType=members&memName=RELIABLE%20STOCKS%20%26%20SHARES%20%28INDIA%29%20LTD.
62,LOTUS  CAPITAL,INZ000291411,90193,3070,https://enit.nseindia.com/MemDirWeb/brokerDetailPage_Beta?memID=3070&h_MemType=members&memName=LOTUS%20%20CAPITAL
63,A.N. SECURITIES,INZ000292027,14282,2539,https://enit.nseindia.com/MemDirWeb/brokerDetailPage_Beta?memID=2539&h_MemType=members&memName=A.N.%20SECURITIES
64,SVCM SECURITIES PRIVATE LIMITED,INZ000293732,90216,3093,https://enit.nseindia.com/MemDirWeb/brokerDetailPage_Beta?memID=3093&h_MemType=members&memName=SVCM%20SECURITIES%20PRIVATE%20LIMITED
65,V. C. MEHTA,INZ000219324,90190,3067,https://enit.nseindia.com/MemDirWeb/brokerDetailPage_Beta?memID=3067&h_MemType=members&memName=V.%20C.%20MEHTA
66,JSK SECURITIES AND SERVICES PRIVATE LIMITED,INZ000319333,90424,3295,https://enit.nseindia.com/MemDirWeb/brokerDetailPage_Beta?memID=3295&h_MemType=members&memName=JSK%20SECURITIES%20AND%20SERVICES%20PRIVATE%20LIMITED
67,FINSTREAM PRIVATE LIMITED,INZ000326336,90440,3309,https://enit.nseindia.com/MemDirWeb/brokerDetailPage_Beta?memID=3309&h_MemType=members&memName=FINSTREAM%20PRIVATE%20LIMITED
68,LOTUSDEW SECURITIES PRIVATE LTD,INZ000306935,90272,3146,https://enit.nseindia.com/MemDirWeb/brokerDetailPage_Beta?memID=3146&h_MemType=members&memName=LOTUSDEW%20SECURITIES%20PRIVATE%20LTD
69,DIAMOND HANDS LLP,INZ000307157,90269,3143,https://enit.nseindia.com/MemDirWeb/brokerDetailPage_Beta?memID=3143&h_MemType=members&memName=DIAMOND%20HANDS%20LLP
70,KANTILAL CHHAGANLAL SECURITIES PRIVATE LIMITED,INZ000216538,09301,118,https://enit.nseindia.com/MemDirWeb/brokerDetailPage_Beta?memID=118&h_MemType=members&memName=KANTILAL%20CHHAGANLAL%20SECURITIES%20PRIVATE%20LIMITED
71,BANHEM SECURITIES PVT LTD,INZ000281030,06536,34,https://enit.nseindia.com/MemDirWeb/brokerDetailPage_Beta?memID=34&h_MemType=members&memName=BANHEM%20SECURITIES%20PVT%20LTD
72,BLB LIMITED,INZ000171635,06428,41,https://enit.nseindia.com/MemDirWeb/brokerDetailPage_Beta?memID=41&h_MemType=members&memName=BLB%20LIMITED
73,DALMIA SECURITIES PVT. LTD.,INZ000181031,06453,63,https://enit.nseindia.com/MemDirWeb/brokerDetailPage_Beta?memID=63&h_MemType=members&memName=DALMIA%20SECURITIES%20PVT.%20LTD.
74,MEHTA EQUITIES LIMITED,INZ000175334,13512,243,https://enit.nseindia.com/MemDirWeb/brokerDetailPage_Beta?memID=243&h_MemType=members&memName=MEHTA%20EQUITIES%20LIMITED
75,SHILPA SHARES AND SECURITIES,INB230662822,06628,261,https://enit.nseindia.com/MemDirWeb/brokerDetailPage_Beta?memID=261&h_MemType=members&memName=SHILPA%20SHARES%20AND%20SECURITIES
76,NIKUNJ STOCK BROKERS LTD.,INZ000169335,06913,278,https://enit.nseindia.com/MemDirWeb/brokerDetailPage_Beta?memID=278&h_MemType=members&memName=NIKUNJ%20STOCK%20BROKERS%20LTD.
77,VCK SHARE & STOCK BROKING SERVICES LTD.,INZ000215030,04691,298,https://enit.nseindia.com/MemDirWeb/brokerDetailPage_Beta?memID=298&h_MemType=members&memName=VCK%20SHARE%20%26%20STOCK%20BROKING%20SERVICES%20LTD.
78,NDA SECURITIES LTD.,INZ000208431,06438,184,https://enit.nseindia.com/MemDirWeb/brokerDetailPage_Beta?memID=184&h_MemType=members&memName=NDA%20SECURITIES%20LTD.
79,ANTIQUE STOCK BROKING LTD.,INZ000001131,12987,203,https://enit.nseindia.com/MemDirWeb/brokerDetailPage_Beta?memID=203&h_MemType=members&memName=ANTIQUE%20STOCK%20BROKING%20LTD.
80,G. N. G INVESTMENT LTD,INZ000222336,07942,442,https://enit.nseindia.com/MemDirWeb/brokerDetailPage_Beta?memID=442&h_MemType=members&memName=G.%20N.%20G%20INVESTMENT%20LTD
81,KIFS TRADE CAPITAL PRIVATE LIMITED,INZ000004234,07760,450,https://enit.nseindia.com/MemDirWeb/brokerDetailPage_Beta?memID=450&h_MemType=members&memName=KIFS%20TRADE%20CAPITAL%20PRIVATE%20LIMITED
82,HB SECURITIES LIMITED,INZ000246038,06073,343,https://enit.nseindia.com/MemDirWeb/brokerDetailPage_Beta?memID=343&h_MemType=members&memName=HB%20SECURITIES%20LIMITED
83,INTEGRATED STOCK BROKING SERVICES PVT.LTD.,INB230781235,07812,354,https://enit.nseindia.com/MemDirWeb/brokerDetailPage_Beta?memID=354&h_MemType=members&memName=INTEGRATED%20STOCK%20BROKING%20SERVICES%20PVT.LTD.
84,SUNIDHI SECURITIES & FINANCE LIMITED,INZ000169235,06764,412,https://enit.nseindia.com/MemDirWeb/brokerDetailPage_Beta?memID=412&h_MemType=members&memName=SUNIDHI%20SECURITIES%20%26%20FINANCE%20LIMITED
85,STANDARD CHARTERED SECURITIES (INDIA) LIMITED,INZ000231932,13333,420,https://enit.nseindia.com/MemDirWeb/brokerDetailPage_Beta?memID=420&h_MemType=members&memName=STANDARD%20CHARTERED%20SECURITIES%20%28INDIA%29%20LIMITED
86,BASANT SECURITIES PRIVATE LIMITED,INZ000165832,07693,434,https://enit.nseindia.com/MemDirWeb/brokerDetailPage_Beta?memID=434&h_MemType=members&memName=BASANT%20SECURITIES%20PRIVATE%20LIMITED
87,AJIT S SIAL,INB230079610,00796,629,https://enit.nseindia.com/MemDirWeb/brokerDetailPage_Beta?memID=629&h_MemType=members&memName=AJIT%20S%20SIAL
88,SHREE BAHUBALI STOCK BROKING LTD,INZ000103838,07818,586,https://enit.nseindia.com/MemDirWeb/brokerDetailPage_Beta?memID=586&h_MemType=members&memName=SHREE%20BAHUBALI%20STOCK%20BROKING%20LTD
89,GOENKA CAPITAL MARKET SERVICES,INZ000007039,06486,6,https://enit.nseindia.com/MemDirWeb/brokerDetailPage_Beta?memID=6&h_MemType=members&memName=GOENKA%20CAPITAL%20MARKET%20SERVICES
90,AMIT NALIN SECURITIES PVT LTD,INZ000244134,09807,14,https://enit.nseindia.com/MemDirWeb/brokerDetailPage_Beta?memID=14&h_MemType=members&memName=AMIT%20NALIN%20SECURITIES%20PVT%20LTD
91,CLSA INDIA PRIVATE LIMITED,INZ000001735,14991,58,https://enit.nseindia.com/MemDirWeb/brokerDetailPage_Beta?memID=58&h_MemType=members&memName=CLSA%20INDIA%20PRIVATE%20LIMITED
92,DAULAT SECURITIES LTD.,INZ000261035,06433,64,https://enit.nseindia.com/MemDirWeb/brokerDetailPage_Beta?memID=64&h_MemType=members&memName=DAULAT%20SECURITIES%20LTD.
93,SYKES & RAY EQUITIES (I) LTD.,INZ000199833,07277,281,https://enit.nseindia.com/MemDirWeb/brokerDetailPage_Beta?memID=281&h_MemType=members&memName=SYKES%20%26%20RAY%20EQUITIES%20%28I%29%20LTD.
94,UAE EXCHANGE & FINANCE LTD.,INZ000196935,06558,290,https://enit.nseindia.com/MemDirWeb/brokerDetailPage_Beta?memID=290&h_MemType=members&memName=UAE%20EXCHANGE%20%26%20FINANCE%20LTD.
95,KOTAK SECURITIES LTD.,INZ000200137,08081,291,https://enit.nseindia.com/MemDirWeb/brokerDetailPage_Beta?memID=291&h_MemType=members&memName=KOTAK%20SECURITIES%20LTD.
96,SANGHAVI SAVLA STOCKBROKERS LTD.,INZ000182234,07656,124,https://enit.nseindia.com/MemDirWeb/brokerDetailPage_Beta?memID=124&h_MemType=members&memName=SANGHAVI%20SAVLA%20STOCKBROKERS%20LTD.
97,DHARAMSHI SECURITIES PRIVATE LIMITED,INZ000202832,12786,125,https://enit.nseindia.com/MemDirWeb/brokerDetailPage_Beta?memID=125&h_MemType=members&memName=DHARAMSHI%20SECURITIES%20PRIVATE%20LIMITED
98,ARTHA VRDDHI SECURITIES LIMITED,INZ000002139,12213,135,https://enit.nseindia.com/MemDirWeb/brokerDetailPage_Beta?memID=135&h_MemType=members&memName=ARTHA%20VRDDHI%20SECURITIES%20LIMITED
99,TOSS FINANCIAL SERVICES PVT. LTD.,INZ000314234,07602,166,https://enit.nseindia.com/MemDirWeb/brokerDetailPage_Beta?memID=166&h_MemType=members&memName=TOSS%20FINANCIAL%20SERVICES%20PVT.%20LTD.
100,JM FINANCIAL SERVICES LIMITED,INZ000195834,10548,359,https://enit.nseindia.com/MemDirWeb/brokerDetailPage_Beta?memID=359&h_MemType=members&memName=JM%20FINANCIAL%20SERVICES%20LIMITED
101,MATA SECURITIES INDIA PVT. LTD.,INZ000264636,06071,371,https://enit.nseindia.com/MemDirWeb/brokerDetailPage_Beta?memID=371&h_MemType=members&memName=MATA%20SECURITIES%20INDIA%20PVT.%20LTD.
102,INDISTOCK SECURITIES LTD.,INZ000237431,06003,411,https://enit.nseindia.com/MemDirWeb/brokerDetailPage_Beta?memID=411&h_MemType=members&memName=INDISTOCK%20SECURITIES%20LTD.
103,SUSHIL FINANCIAL SERVICES PRIVATE LIMITED,INZ000165135,06074,414,https://enit.nseindia.com/MemDirWeb/brokerDetailPage_Beta?memID=414&h_MemType=members&memName=SUSHIL%20FINANCIAL%20SERVICES%20PRIVATE%20LIMITED
104,KNA SHARE BROKERS PRIVATE LIMITED,INZ000198538,14193,554,https://enit.nseindia.com/MemDirWeb/brokerDetailPage_Beta?memID=554&h_MemType=members&memName=KNA%20SHARE%20BROKERS%20PRIVATE%20LIMITED
105,PRAVIN RATILAL SHARE AND STOCK BROKERS LTD,INZ000206732,07589,463,https://enit.nseindia.com/MemDirWeb/brokerDetailPage_Beta?memID=463&h_MemType=members&memName=PRAVIN%20RATILAL%20SHARE%20AND%20STOCK%20BROKERS%20LTD
106,RRS SHARES & STOCK BROKERS PVT. LTD,INZ000257533,11301,510,https://enit.nseindia.com/MemDirWeb/brokerDetailPage_Beta?memID=510&h_MemType=members&memName=RRS%20SHARES%20%26%20STOCK%20BROKERS%20PVT.%20LTD
107,C.R.KOTHARI & SONS STOCK BROKING PRIVATE LIMITED,INZ000279336,12867,511,https://enit.nseindia.com/MemDirWeb/brokerDetailPage_Beta?memID=511&h_MemType=members&memName=C.R.KOTHARI%20%26%20SONS%20STOCK%20BROKING%20PRIVATE%20LIMITED
108,SDFC SECURITIES LIMITED,INB230822939/INF230822939,08229,512,https://enit.nseindia.com/MemDirWeb/brokerDetailPage_Beta?memID=512&h_MemType=members&memName=SDFC%20SECURITIES%20LIMITED
109,JK SECURITIES PVT. LTD.,INZ000174537,08239,513,https://enit.nseindia.com/MemDirWeb/brokerDetailPage_Beta?memID=513&h_MemType=members&memName=JK%20SECURITIES%20PVT.%20LTD.
110,BALJIT SECURITIES PVT. LTD.,INZ000194035,09074,522,https://enit.nseindia.com/MemDirWeb/brokerDetailPage_Beta?memID=522&h_MemType=members&memName=BALJIT%20SECURITIES%20PVT.%20LTD.
111,PRABHAT FINANCIAL SERVICES LTD.,INZ000169433,08852,774,https://enit.nseindia.com/MemDirWeb/brokerDetailPage_Beta?memID=774&h_MemType=members&memName=PRABHAT%20FINANCIAL%20SERVICES%20LTD.
112,PUNEET SECURITIES PVT. LTD.,INZ000285533,08767,781,https://enit.nseindia.com/MemDirWeb/brokerDetailPage_Beta?memID=781&h_MemType=members&memName=PUNEET%20SECURITIES%20PVT.%20LTD.
113,R K GLOBAL SHARES & SECURITIES LIMITED,INZ000187132,08250,786,https://enit.nseindia.com/MemDirWeb/brokerDetailPage_Beta?memID=786&h_MemType=members&memName=R%20K%20GLOBAL%20SHARES%20%26%20SECURITIES%20LIMITED
114,ACEMONEY INTERMEDIARIES PRIVATE LIMITED,INZ000104331,07923,659,https://enit.nseindia.com/MemDirWeb/brokerDetailPage_Beta?memID=659&h_MemType=members&memName=ACEMONEY%20INTERMEDIARIES%20PRIVATE%20LIMITED
115,COMPOSITE SECURITIES LTD.,INZ000278838,07754,663,https://enit.nseindia.com/MemDirWeb/brokerDetailPage_Beta?memID=663&h_MemType=members&memName=COMPOSITE%20SECURITIES%20LTD.
116,INDIAN FINANCE GUARANTY LTD.,INZ000101139,08806,703,https://enit.nseindia.com/MemDirWeb/brokerDetailPage_Beta?memID=703&h_MemType=members&memName=INDIAN%20FINANCE%20GUARANTY%20LTD.
117,KAPILA SECURITIES PRIVATE LIMITED,INZ000181731,07826,722,https://enit.nseindia.com/MemDirWeb/brokerDetailPage_Beta?memID=722&h_MemType=members&memName=KAPILA%20SECURITIES%20PRIVATE%20LIMITED
118,CHOLAMANDALAM SECURITIES LIMITED,INZ000168236,12881,902,https://enit.nseindia.com/MemDirWeb/brokerDetailPage_Beta?memID=902&h_MemType=members&memName=CHOLAMANDALAM%20SECURITIES%20LIMITED
119,SAJAG SECURITIES PVT. LTD.,INZ000221337,07549,960,https://enit.nseindia.com/MemDirWeb/brokerDetailPage_Beta?memID=960&h_MemType=members&memName=SAJAG%20SECURITIES%20PVT.%20LTD.
120,AUM SECURITIES PRIVATE LTD.,INZ000173337,08066,914,https://enit.nseindia.com/MemDirWeb/brokerDetailPage_Beta?memID=914&h_MemType=members&memName=AUM%20SECURITIES%20PRIVATE%20LTD.
121,GANDHI SECURITIES & INVESTMENT PVT. LTD.,INZ000248031,08955,920,https://enit.nseindia.com/MemDirWeb/brokerDetailPage_Beta?memID=920&h_MemType=members&memName=GANDHI%20SECURITIES%20%26%20INVESTMENT%20PVT.%20LTD.
122,PATERSON SECURITIES PRIVATE LIMITED,INZ000264838,13671,924,https://enit.nseindia.com/MemDirWeb/brokerDetailPage_Beta?memID=924&h_MemType=members&memName=PATERSON%20SECURITIES%20PRIVATE%20LIMITED
123,CROWN CONSULTANTS (P) LIMITED,INZ000198434,08076,948,https://enit.nseindia.com/MemDirWeb/brokerDetailPage_Beta?memID=948&h_MemType=members&memName=CROWN%20CONSULTANTS%20%28P%29%20LIMITED
124,GANESH STOCKINVEST (P) LIMITED,INZ000191431,07922,815,https://enit.nseindia.com/MemDirWeb/brokerDetailPage_Beta?memID=815&h_MemType=members&memName=GANESH%20STOCKINVEST%20%28P%29%20LIMITED
125,SINGHAL CAPITAL MARKET LIMITED,INZ000286134,07540,817,https://enit.nseindia.com/MemDirWeb/brokerDetailPage_Beta?memID=817&h_MemType=members&memName=SINGHAL%20CAPITAL%20MARKET%20LIMITED
126,SPFL SECURITIES LIMITED,INZ000214237,08125,823,https://enit.nseindia.com/MemDirWeb/brokerDetailPage_Beta?memID=823&h_MemType=members&memName=SPFL%20SECURITIES%20LIMITED
127,TIME CAPITAL LTD.,INZ000291834,07718,835,https://enit.nseindia.com/MemDirWeb/brokerDetailPage_Beta?memID=835&h_MemType=members&memName=TIME%20CAPITAL%20LTD.
128,ELBEE SECURITIES PVT. LTD.,INZ000199535,07951,1672,https://enit.nseindia.com/MemDirWeb/brokerDetailPage_Beta?memID=1672&h_MemType=members&memName=ELBEE%20SECURITIES%20PVT.%20LTD.
129,SSJ FINANCE & SECURITIES PVT. LTD.,INZ000178436,11183,1679,https://enit.nseindia.com/MemDirWeb/brokerDetailPage_Beta?memID=1679&h_MemType=members&memName=SSJ%20FINANCE%20%26%20SECURITIES%20PVT.%20LTD.
130,JADE SECURITIES PVT. LTD.,INZ000272139,08564,1013,https://enit.nseindia.com/MemDirWeb/brokerDetailPage_Beta?memID=1013&h_MemType=members&memName=JADE%20SECURITIES%20PVT.%20LTD.
131,SKP SECURITIES LTD.,INZ000199335,07075,1050,https://enit.nseindia.com/MemDirWeb/brokerDetailPage_Beta?memID=1050&h_MemType=members&memName=SKP%20SECURITIES%20LTD.
132,NIRMAL BANG SECURITIES PVT. LTD.,INZ000202536,09391,1105,https://enit.nseindia.com/MemDirWeb/brokerDetailPage_Beta?memID=1105&h_MemType=members&memName=NIRMAL%20BANG%20SECURITIES%20PVT.%20LTD.
133,VISHVAS SECURITIES LIMITED,INB230914232/INF230914232,09142,1112,https://enit.nseindia.com/MemDirWeb/brokerDetailPage_Beta?memID=1112&h_MemType=members&memName=VISHVAS%20SECURITIES%20LIMITED
134,DEVANSHU INFIN PRIVATE LIMITED,INZ000235231,09353,1231,https://enit.nseindia.com/MemDirWeb/brokerDetailPage_Beta?memID=1231&h_MemType=members&memName=DEVANSHU%20INFIN%20PRIVATE%20LIMITED
135,UBS SECURITIES INDIA PVT. LTD.,INZ000259830,09514,1261,https://enit.nseindia.com/MemDirWeb/brokerDetailPage_Beta?memID=1261&h_MemType=members&memName=UBS%20SECURITIES%20INDIA%20PVT.%20LTD.
136,NOVEL SECURITIES PRIVATE LIMITED,INZ000248836,10976,1533,https://enit.nseindia.com/MemDirWeb/brokerDetailPage_Beta?memID=1533&h_MemType=members&memName=NOVEL%20SECURITIES%20PRIVATE%20LIMITED
137,HOTLINE CAPITAL SERVICES PRIVATE LIMITED,INZ000288933,11576,1763,https://enit.nseindia.com/MemDirWeb/brokerDetailPage_Beta?memID=1763&h_MemType=members&memName=HOTLINE%20CAPITAL%20SERVICES%20PRIVATE%20LIMITED
138,FORTUNE WEALTH MANAGEMENT COMPANY INDIA (P) LTD.,INZ000190535,12038,1889,https://enit.nseindia.com/MemDirWeb/brokerDetailPage_Beta?memID=1889&h_MemType=members&memName=FORTUNE%20WEALTH%20MANAGEMENT%20COMPANY%20INDIA%20%28P%29%20LTD.
139,SHREEHARI SHARES & STOCK BROKERS LLP,INZ000166031,09802,1891,https://enit.nseindia.com/MemDirWeb/brokerDetailPage_Beta?memID=1891&h_MemType=members&memName=SHREEHARI%20SHARES%20%26%20STOCK%20BROKERS%20LLP
140,MATRIX EQUITRADE PRIVATE LIMITED,INZ000264236,11828,1855,https://enit.nseindia.com/MemDirWeb/brokerDetailPage_Beta?memID=1855&h_MemType=members&memName=MATRIX%20EQUITRADE%20PRIVATE%20LIMITED
141,GOENKA SECURITIES PVT. LTD.,INZ000265139,08088,1698,https://enit.nseindia.com/MemDirWeb/brokerDetailPage_Beta?memID=1698&h_MemType=members&memName=GOENKA%20SECURITIES%20PVT.%20LTD.
142,GOVIND PARIKH SECURITIES (P) LTD.,INZ000261234,11220,1717,https://enit.nseindia.com/MemDirWeb/brokerDetailPage_Beta?memID=1717&h_MemType=members&memName=GOVIND%20PARIKH%20SECURITIES%20%28P%29%20LTD.
143,BP EQUITIES PRIVATE LIMITED,INZ000176539,11420,1741,https://enit.nseindia.com/MemDirWeb/brokerDetailPage_Beta?memID=1741&h_MemType=members&memName=BP%20EQUITIES%20PRIVATE%20LIMITED
144,ADROIT SHARE & STOCK BROKER PVT. LTD.,INZ000278739,12691,2014,https://enit.nseindia.com/MemDirWeb/brokerDetailPage_Beta?memID=2014&h_MemType=members&memName=ADROIT%20SHARE%20%26%20STOCK%20BROKER%20PVT.%20LTD.
145,FAIR INTERMEDIATE INVESTMENT PVT. LTD.,INZ000185032,12098,1897,https://enit.nseindia.com/MemDirWeb/brokerDetailPage_Beta?memID=1897&h_MemType=members&memName=FAIR%20INTERMEDIATE%20INVESTMENT%20PVT.%20LTD.
146,INDIA SECURITIES BROKING PRIVATE LIMITED,INZ000218834,12933,1917,https://enit.nseindia.com/MemDirWeb/brokerDetailPage_Beta?memID=1917&h_MemType=members&memName=INDIA%20SECURITIES%20BROKING%20PRIVATE%20LIMITED
147,GNG STOCK HOLDINGS PVT. LTD.,INZ000266439,12248,1939,https://enit.nseindia.com/MemDirWeb/brokerDetailPage_Beta?memID=1939&h_MemType=members&memName=GNG%20STOCK%20HOLDINGS%20PVT.%20LTD.
148,ANJANEY STOCK BROKING LTD.,INZ000263532,12417,1962,https://enit.nseindia.com/MemDirWeb/brokerDetailPage_Beta?memID=1962&h_MemType=members&memName=ANJANEY%20STOCK%20BROKING%20LTD.
149,DEALMONEY COMMODITIES PRIVATE LIMITED,INZ000102031,13482,1990,https://enit.nseindia.com/MemDirWeb/brokerDetailPage_Beta?memID=1990&h_MemType=members&memName=DEALMONEY%20COMMODITIES%20PRIVATE%20LIMITED
150,DIVYA CAPITAL ONE PRIVATE LIMITED,INZ000183738,12468,2141,https://enit.nseindia.com/MemDirWeb/brokerDetailPage_Beta?memID=2141&h_MemType=members&memName=DIVYA%20CAPITAL%20ONE%20PRIVATE%20LIMITED
151,MIB SECURITIES INDIA PRIVATE LIMITED,INZ000010538,12893,2111,https://enit.nseindia.com/MemDirWeb/brokerDetailPage_Beta?memID=2111&h_MemType=members&memName=MIB%20SECURITIES%20INDIA%20PRIVATE%20LIMITED
152,RANGOLI TECHTRADERS PRIVATE LIMITED,INZ000216437,12931,2133,https://enit.nseindia.com/MemDirWeb/brokerDetailPage_Beta?memID=2133&h_MemType=members&memName=RANGOLI%20TECHTRADERS%20PRIVATE%20LIMITED
153,S.P.JAIN SECURITIES PRIVATE LIMITED,INZ000218230,10595,2025,https://enit.nseindia.com/MemDirWeb/brokerDetailPage_Beta?memID=2025&h_MemType=members&memName=S.P.JAIN%20SECURITIES%20PRIVATE%20LIMITED
154,SSD SECURITIES PVT. LTD.,INZ000200930,12389,2026,https://enit.nseindia.com/MemDirWeb/brokerDetailPage_Beta?memID=2026&h_MemType=members&memName=SSD%20SECURITIES%20PVT.%20LTD.
155,FORT SHARE BROKING PRIVATE LIMITED,INZ000236431,12724,2027,https://enit.nseindia.com/MemDirWeb/brokerDetailPage_Beta?memID=2027&h_MemType=members&memName=FORT%20SHARE%20BROKING%20PRIVATE%20LIMITED
156,INDIANIVESH SHARES AND SECURITIES PRIVATE LIMITED,INZ000010132,12566,2037,https://enit.nseindia.com/MemDirWeb/brokerDetailPage_Beta?memID=2037&h_MemType=members&memName=INDIANIVESH%20SHARES%20AND%20SECURITIES%20PRIVATE%20LIMITED
157,SACHDEVA STOCKS PRIVATE LIMITED,INZ000292435,12877,2082,https://enit.nseindia.com/MemDirWeb/brokerDetailPage_Beta?memID=2082&h_MemType=members&memName=SACHDEVA%20STOCKS%20PRIVATE%20LIMITED
158,ARISTON CAPITAL SERVICES PRIVATE LIMITED,INZ000162033,13247,2344,https://enit.nseindia.com/MemDirWeb/brokerDetailPage_Beta?memID=2344&h_MemType=members&memName=ARISTON%20CAPITAL%20SERVICES%20PRIVATE%20LIMITED
159,INTELLECT STOCK BROKING LIMITED,INZ000191632,12965,2167,https://enit.nseindia.com/MemDirWeb/brokerDetailPage_Beta?memID=2167&h_MemType=members&memName=INTELLECT%20STOCK%20BROKING%20LIMITED
160,MOTISONS SHARES PRIVATE LIMITED,INZ000191336,12981,2174,https://enit.nseindia.com/MemDirWeb/brokerDetailPage_Beta?memID=2174&h_MemType=members&memName=MOTISONS%20SHARES%20PRIVATE%20LIMITED
161,PRAKASH SECURITIES,INZ000207722,12967,2185,https://enit.nseindia.com/MemDirWeb/brokerDetailPage_Beta?memID=2185&h_MemType=members&memName=PRAKASH%20SECURITIES
162,TWENTY FOUR CARAT STOCK & SHARE BROKERS LIMITED,INB231296832/INF231296832/INE231296832,12968,2191,https://enit.nseindia.com/MemDirWeb/brokerDetailPage_Beta?memID=2191&h_MemType=members&memName=TWENTY%20FOUR%20CARAT%20STOCK%20%26%20SHARE%20BROKERS%20LIMITED
163,MUTHOOT SECURITIES LTD.,INZ000185238,12943,2202,https://enit.nseindia.com/MemDirWeb/brokerDetailPage_Beta?memID=2202&h_MemType=members&memName=MUTHOOT%20SECURITIES%20LTD.
164,SIC STOCKS & SERVICES PRIVATE LIMITED,INZ000289933,11803,2228,https://enit.nseindia.com/MemDirWeb/brokerDetailPage_Beta?memID=2228&h_MemType=members&memName=SIC%20STOCKS%20%26%20SERVICES%20PRIVATE%20LIMITED
165,SATYA FINVEST CO,INB231309429/INF231309429,13094,2246,https://enit.nseindia.com/MemDirWeb/brokerDetailPage_Beta?memID=2246&h_MemType=members&memName=SATYA%20FINVEST%20CO
166,ANGEL SECURITIES LTD,INZ000245435,09946,2254,https://enit.nseindia.com/MemDirWeb/brokerDetailPage_Beta?memID=2254&h_MemType=members&memName=ANGEL%20SECURITIES%20LTD
167,AIRAN FINSTOCKS PRIVATE LIMITED,INZ000214031,13233,2277,https://enit.nseindia.com/MemDirWeb/brokerDetailPage_Beta?memID=2277&h_MemType=members&memName=AIRAN%20FINSTOCKS%20PRIVATE%20LIMITED
168,A C AGARWAL SHARE BROKERS PVT LTD,INZ000216930,13264,2280,https://enit.nseindia.com/MemDirWeb/brokerDetailPage_Beta?memID=2280&h_MemType=members&memName=A%20C%20AGARWAL%20SHARE%20BROKERS%20PVT%20LTD
169,MAHESHWARI EQUITY SERVICES (P) LIMITED,INZ000211236,11835,2302,https://enit.nseindia.com/MemDirWeb/brokerDetailPage_Beta?memID=2302&h_MemType=members&memName=MAHESHWARI%20EQUITY%20SERVICES%20%28P%29%20LIMITED
170,BHUMIKA CONSULTANCY (P) LTD,INZ000201830,10862,2471,https://enit.nseindia.com/MemDirWeb/brokerDetailPage_Beta?memID=2471&h_MemType=members&memName=BHUMIKA%20CONSULTANCY%20%28P%29%20LTD
171,VISHWAS FINCAP SERVICES PRIVATE LIMITED,INZ000189835,14024,2473,https://enit.nseindia.com/MemDirWeb/brokerDetailPage_Beta?memID=2473&h_MemType=members&memName=VISHWAS%20FINCAP%20SERVICES%20PRIVATE%20LIMITED
172,SRM SECURITIES PRIVATE LIMITED,INB231426231/INF231426231/INE231426231,14262,2538,https://enit.nseindia.com/MemDirWeb/brokerDetailPage_Beta?memID=2538&h_MemType=members&memName=SRM%20SECURITIES%20PRIVATE%20LIMITED
173,TIPSONS STOCK BROKERS PRIVATE LIMITED,INZ000217531,14280,2448,https://enit.nseindia.com/MemDirWeb/brokerDetailPage_Beta?memID=2448&h_MemType=members&memName=TIPSONS%20STOCK%20BROKERS%20PRIVATE%20LIMITED
174,UPSTOX SECURITIES PRIVATE LIMITED,INZ000315837,13942,2513,https://enit.nseindia.com/MemDirWeb/brokerDetailPage_Beta?memID=2513&h_MemType=members&memName=UPSTOX%20SECURITIES%20PRIVATE%20LIMITED
175,AFFLUENCE SHARES AND STOCKS PRIVATE LIMITED,INZ000173635,14691,2521,https://enit.nseindia.com/MemDirWeb/brokerDetailPage_Beta?memID=2521&h_MemType=members&memName=AFFLUENCE%20SHARES%20AND%20STOCKS%20PRIVATE%20LIMITED
176,FRR SHARES AND SECURITIES LIMITED,INZ000279232,13972,2527,https://enit.nseindia.com/MemDirWeb/brokerDetailPage_Beta?memID=2527&h_MemType=members&memName=FRR%20SHARES%20AND%20SECURITIES%20LIMITED
177,PRRSAAR SAMPADA PRIVATE LIMITED,INZ000027432,13457,2395,https://enit.nseindia.com/MemDirWeb/brokerDetailPage_Beta?memID=2395&h_MemType=members&memName=PRRSAAR%20SAMPADA%20PRIVATE%20LIMITED
178,TRADEBULLS SECURITIES (P) LTD.,INZ000171838,13499,2436,https://enit.nseindia.com/MemDirWeb/brokerDetailPage_Beta?memID=2436&h_MemType=members&memName=TRADEBULLS%20SECURITIES%20%28P%29%20LTD.
179,SILVER STREAM EQUITIES PRIVATE LIMITED,INZ000198335,13598,2442,https://enit.nseindia.com/MemDirWeb/brokerDetailPage_Beta?memID=2442&h_MemType=members&memName=SILVER%20STREAM%20EQUITIES%20PRIVATE%20LIMITED
180,OMJI CAPITAL,INB231444028/INF231444028,14440,2786,https://enit.nseindia.com/MemDirWeb/brokerDetailPage_Beta?memID=2786&h_MemType=members&memName=OMJI%20CAPITAL
181,RELYBULLS STOCK BROKING PRIVATE LIMITED,INZ000278937,14474,2793,https://enit.nseindia.com/MemDirWeb/brokerDetailPage_Beta?memID=2793&h_MemType=members&memName=RELYBULLS%20STOCK%20BROKING%20PRIVATE%20LIMITED
182,NEHA FOREX PRIVATE LIMITED,INZ000213238,14386,2606,https://enit.nseindia.com/MemDirWeb/brokerDetailPage_Beta?memID=2606&h_MemType=members&memName=NEHA%20FOREX%20PRIVATE%20LIMITED
183,PRITHVI FINMART PRIVATE LIMITED,INZ000211637,14308,2371,https://enit.nseindia.com/MemDirWeb/brokerDetailPage_Beta?memID=2371&h_MemType=members&memName=PRITHVI%20FINMART%20PRIVATE%20LIMITED
184,TOWER RESEARCH CAPITAL MARKETS INDIA PRIVATE LIMITED,INZ000183334,14616,2830,https://enit.nseindia.com/MemDirWeb/brokerDetailPage_Beta?memID=2830&h_MemType=members&memName=TOWER%20RESEARCH%20CAPITAL%20MARKETS%20INDIA%20PRIVATE%20LIMITED
185,ABIRA SECURITIES LIMITED,INZ000211332,14648,2839,https://enit.nseindia.com/MemDirWeb/brokerDetailPage_Beta?memID=2839&h_MemType=members&memName=ABIRA%20SECURITIES%20LIMITED
186,KALYNDA FINANCIAL ADVISORY PRIVATE LIMITED,INB231468530/INF231468530/INE231468530,14685,2813,https://enit.nseindia.com/MemDirWeb/brokerDetailPage_Beta?memID=2813&h_MemType=members&memName=KALYNDA%20FINANCIAL%20ADVISORY%20PRIVATE%20LIMITED
187,F6 FINSERVE PRIVATE LIMITED,INB231467334/INF231467334/INE231484739,14673,2841,https://enit.nseindia.com/MemDirWeb/brokerDetailPage_Beta?memID=2841&h_MemType=members&memName=F6%20FINSERVE%20PRIVATE%20LIMITED
188,VIRTU INDIA PRIVATE LIMITED,INZ000280037,14783,2849,https://enit.nseindia.com/MemDirWeb/brokerDetailPage_Beta?memID=2849&h_MemType=members&memName=VIRTU%20INDIA%20PRIVATE%20LIMITED
189,VT CAPITAL MARKET PRIVATE LIMITED,INZ000168637,14759,2869,https://enit.nseindia.com/MemDirWeb/brokerDetailPage_Beta?memID=2869&h_MemType=members&memName=VT%20CAPITAL%20MARKET%20PRIVATE%20LIMITED
190,ADVENTURES INDIA FINANCIAL SERVICES LIMITED,INZ230004236/INZ230004236/INZ230004236,90011,2886,https://enit.nseindia.com/MemDirWeb/brokerDetailPage_Beta?memID=2886&h_MemType=members&memName=ADVENTURES%20INDIA%20FINANCIAL%20SERVICES%20LIMITED
191,GREAT VENTURES,INZ000286216,90029,2902,https://enit.nseindia.com/MemDirWeb/brokerDetailPage_Beta?memID=2902&h_MemType=members&memName=GREAT%20VENTURES
192,VARDHAMANGLOBAL SHARECOM PRIVATE LIMITED,INZ000009431,90064,2943,https://enit.nseindia.com/MemDirWeb/brokerDetailPage_Beta?memID=2943&h_MemType=members&memName=VARDHAMANGLOBAL%20SHARECOM%20PRIVATE%20LIMITED
193,GOYAL SECURITIES,INZ000000828,14975,2866,https://enit.nseindia.com/MemDirWeb/brokerDetailPage_Beta?memID=2866&h_MemType=members&memName=GOYAL%20SECURITIES
194,PRARAMBH SECURITIES PRIVATE LIMITED,INZ000006130,90052,2916,https://enit.nseindia.com/MemDirWeb/brokerDetailPage_Beta?memID=2916&h_MemType=members&memName=PRARAMBH%20SECURITIES%20PRIVATE%20LIMITED
195,A K EQUITIES PVT LTD,INZ000239939,90035,2914,https://enit.nseindia.com/MemDirWeb/brokerDetailPage_Beta?memID=2914&h_MemType=members&memName=A%20K%20EQUITIES%20PVT%20LTD
196,PATEL WEALTH ADVISORS PVT LTD,INZ000018432,90074,2948,https://enit.nseindia.com/MemDirWeb/brokerDetailPage_Beta?memID=2948&h_MemType=members&memName=PATEL%20WEALTH%20ADVISORS%20PVT%20LTD
197,AIWIN INVESTMENT MONEY,INZ000036426,90082,2959,https://enit.nseindia.com/MemDirWeb/brokerDetailPage_Beta?memID=2959&h_MemType=members&memName=AIWIN%20INVESTMENT%20MONEY
198,ASNANI STOCK BROKER PRIVATE LIMITED,INZ000190431,90087,2962,https://enit.nseindia.com/MemDirWeb/brokerDetailPage_Beta?memID=2962&h_MemType=members&memName=ASNANI%20STOCK%20BROKER%20PRIVATE%20LIMITED
199,ACEGROWTH BROKERS PRIVATE LIMITED,INZ000319433,90437,3306,https://enit.nseindia.com/MemDirWeb/brokerDetailPage_Beta?memID=3306&h_MemType=members&memName=ACEGROWTH%20BROKERS%20PRIVATE%20LIMITED
200,ILLUMINATI TRADING PRIVATE LIMITED,INZ000307836,90407,3278,https://enit.nseindia.com/MemDirWeb/brokerDetailPage_Beta?memID=3278&h_MemType=members&memName=ILLUMINATI%20TRADING%20PRIVATE%20LIMITED
201,MOBIKWIK SECURITIES BROKING PRIVATE LIMITED,INZ000327535,90455,3322,https://enit.nseindia.com/MemDirWeb/brokerDetailPage_Beta?memID=3322&h_MemType=members&memName=MOBIKWIK%20SECURITIES%20BROKING%20PRIVATE%20LIMITED
202,HRJ STOCK BROKERS LLP,INZ000327759,90457,3324,https://enit.nseindia.com/MemDirWeb/brokerDetailPage_Beta?memID=3324&h_MemType=members&memName=HRJ%20STOCK%20BROKERS%20LLP
203,ORBIS FINANCIAL CORPORATION LIMITED,INZ000165534,13222,2297,https://enit.nseindia.com/MemDirWeb/brokerDetailPage_Beta?memID=2297&h_MemType=members&memName=ORBIS%20FINANCIAL%20CORPORATION%20LIMITED
204,STELLAREDGE BROKERS PRIVATE LIMITED,INZ000321036,90402,3273,https://enit.nseindia.com/MemDirWeb/brokerDetailPage_Beta?memID=3273&h_MemType=members&memName=STELLAREDGE%20BROKERS%20PRIVATE%20LIMITED
205,ZANSKAR SECURITIES PRIVATE LIMITED,INZ000316631,90370,3242,https://enit.nseindia.com/MemDirWeb/brokerDetailPage_Beta?memID=3242&h_MemType=members&memName=ZANSKAR%20SECURITIES%20PRIVATE%20LIMITED
206,OHM DOVETAIL PRIVATE LIMITED,INZ000178836,90123,2998,https://enit.nseindia.com/MemDirWeb/brokerDetailPage_Beta?memID=2998&h_MemType=members&memName=OHM%20DOVETAIL%20PRIVATE%20LIMITED
207,VACHANA INVESTMENTS PRIVATE LIMITED,INZ000248337,90005,2883,https://enit.nseindia.com/MemDirWeb/brokerDetailPage_Beta?memID=2883&h_MemType=members&memName=VACHANA%20INVESTMENTS%20PRIVATE%20LIMITED
208,FINWIZARD TECHNOLOGY PRIVATE LIMITED,INZ000209036,90228,3105,https://enit.nseindia.com/MemDirWeb/brokerDetailPage_Beta?memID=3105&h_MemType=members&memName=FINWIZARD%20TECHNOLOGY%20PRIVATE%20LIMITED
209,GRATIAS VENTURES PRIVATE LIMITED,INZ000316433,90357,3229,https://enit.nseindia.com/MemDirWeb/brokerDetailPage_Beta?memID=3229&h_MemType=members&memName=GRATIAS%20VENTURES%20PRIVATE%20LIMITED
210,KIVI SECURITIES,INZ000157224,90114,2989,https://enit.nseindia.com/MemDirWeb/brokerDetailPage_Beta?memID=2989&h_MemType=members&memName=KIVI%20SECURITIES
211,RAINBOW SECURITIES PRIVATE LIMITED,INZ000190631,12089,2419,https://enit.nseindia.com/MemDirWeb/brokerDetailPage_Beta?memID=2419&h_MemType=members&memName=RAINBOW%20SECURITIES%20PRIVATE%20LIMITED
212,SANCHIT FINANCIAL & MANAGEMENT SERVICES LTD.,INZ000295835,08039,808,https://enit.nseindia.com/MemDirWeb/brokerDetailPage_Beta?memID=808&h_MemType=members&memName=SANCHIT%20FINANCIAL%20%26%20MANAGEMENT%20SERVICES%20LTD.
213,SHRI HARIRAM HOLDINGS,INB231322117/INF231322117,13221,2283,https://enit.nseindia.com/MemDirWeb/brokerDetailPage_Beta?memID=2283&h_MemType=members&memName=SHRI%20HARIRAM%20HOLDINGS
214,ISHTA SECURITIES,INZ000102129,90109,2983,https://enit.nseindia.com/MemDirWeb/brokerDetailPage_Beta?memID=2983&h_MemType=members&memName=ISHTA%20SECURITIES
215,NVS BROKERAGE PVT LTD,INZ000209331,90098,2978,https://enit.nseindia.com/MemDirWeb/brokerDetailPage_Beta?memID=2978&h_MemType=members&memName=NVS%20BROKERAGE%20PVT%20LTD
216,AFTERTRADE BROKING PRIVATE LIMITED,INZ000155638,90113,2986,https://enit.nseindia.com/MemDirWeb/brokerDetailPage_Beta?memID=2986&h_MemType=members&memName=AFTERTRADE%20BROKING%20PRIVATE%20LIMITED
217,DARASHAW & COMPANY PVT. LTD.,INZ000231438,09922,1933,https://enit.nseindia.com/MemDirWeb/brokerDetailPage_Beta?memID=1933&h_MemType=members&memName=DARASHAW%20%26%20COMPANY%20PVT.%20LTD.
218,V MATHRAN & CO PVT. LTD.,INZ000200831,90163,3038,https://enit.nseindia.com/MemDirWeb/brokerDetailPage_Beta?memID=3038&h_MemType=members&memName=V%20MATHRAN%20%26%20CO%20PVT.%20LTD.
219,HARENDRA D. MEHTA SHARE & STOCK BROKER PRIVATE LIMITED,INZ000163932,90152,3027,https://enit.nseindia.com/MemDirWeb/brokerDetailPage_Beta?memID=3027&h_MemType=members&memName=HARENDRA%20D.%20MEHTA%20SHARE%20%26%20STOCK%20BROKER%20PRIVATE%20LIMITED
220,LARES ALGOTECH INDIA PRIVATE LIMITED,INZ000316732,90367,3239,https://enit.nseindia.com/MemDirWeb/brokerDetailPage_Beta?memID=3239&h_MemType=members&memName=LARES%20ALGOTECH%20INDIA%20PRIVATE%20LIMITED
221,UNIVEST STOCK BROKING PRIVATE LIMITED,INZ000317437,90392,3265,https://enit.nseindia.com/MemDirWeb/brokerDetailPage_Beta?memID=3265&h_MemType=members&memName=UNIVEST%20STOCK%20BROKING%20PRIVATE%20LIMITED
222,MILI CONSULTANTS & INVESTMENT PRIVATE LIMITED,INZ000252637,06548,161,https://enit.nseindia.com/MemDirWeb/brokerDetailPage_Beta?memID=161&h_MemType=members&memName=MILI%20CONSULTANTS%20%26%20INVESTMENT%20PRIVATE%20LIMITED
223,EXCLUSIVE SECURITIES LTD.,INZ000177234,07775,883,https://enit.nseindia.com/MemDirWeb/brokerDetailPage_Beta?memID=883&h_MemType=members&memName=EXCLUSIVE%20SECURITIES%20LTD.
224,MUKESH BROKERAGE & FINANCIAL (INDIA) LTD.,INZ000268232,11613,173,https://enit.nseindia.com/MemDirWeb/brokerDetailPage_Beta?memID=173&h_MemType=members&memName=MUKESH%20BROKERAGE%20%26%20FINANCIAL%20%28INDIA%29%20LTD.
225,B R JALAN SECURITIES PVT. LTD.,INZ000199136,90182,3059,https://enit.nseindia.com/MemDirWeb/brokerDetailPage_Beta?memID=3059&h_MemType=members&memName=B%20R%20JALAN%20SECURITIES%20PVT.%20LTD.
226,DEFINEDGE SECURITIES BROKING PRIVATE LIMITED,INZ000301132,90237,3114,https://enit.nseindia.com/MemDirWeb/brokerDetailPage_Beta?memID=3114&h_MemType=members&memName=DEFINEDGE%20SECURITIES%20BROKING%20PRIVATE%20LIMITED
227,RAEDAN CAPITAL PRIVATE LIMITED,INZ000306633,90268,3142,https://enit.nseindia.com/MemDirWeb/brokerDetailPage_Beta?memID=3142&h_MemType=members&memName=RAEDAN%20CAPITAL%20PRIVATE%20LIMITED
228,EQUIRUS WEALTH PRIVATE LIMITED,INZ000309137,90301,3171,https://enit.nseindia.com/MemDirWeb/brokerDetailPage_Beta?memID=3171&h_MemType=members&memName=EQUIRUS%20WEALTH%20PRIVATE%20LIMITED
229,BUTTERFLY BROKING PRIVATE LIMITED,INZ000308735,90292,3159,https://enit.nseindia.com/MemDirWeb/brokerDetailPage_Beta?memID=3159&h_MemType=members&memName=BUTTERFLY%20BROKING%20PRIVATE%20LIMITED
230,GOLDSTREET SECURITIES LIMITED,INZ000311236,08127,762,https://enit.nseindia.com/MemDirWeb/brokerDetailPage_Beta?memID=762&h_MemType=members&memName=GOLDSTREET%20SECURITIES%20LIMITED
231,SUPERNAL VENTURES PRIVATE LIMITED,INZ000323330,90410,3281,https://enit.nseindia.com/MemDirWeb/brokerDetailPage_Beta?memID=3281&h_MemType=members&memName=SUPERNAL%20VENTURES%20PRIVATE%20LIMITED
232,ELIOS FINANCIAL SERVICES PRIVATE LIMITED,INZ000306737,90283,3152,https://enit.nseindia.com/MemDirWeb/brokerDetailPage_Beta?memID=3152&h_MemType=members&memName=ELIOS%20FINANCIAL%20SERVICES%20PRIVATE%20LIMITED
233,SIDDHARTHA COMMODITIES PRIVATE LIMITED,INZ000086139,90344,3216,https://enit.nseindia.com/MemDirWeb/brokerDetailPage_Beta?memID=3216&h_MemType=members&memName=SIDDHARTHA%20COMMODITIES%20PRIVATE%20LIMITED
234,NX BLOCK TRADES PRIVATE LIMITED,INZ000308934,90343,3215,https://enit.nseindia.com/MemDirWeb/brokerDetailPage_Beta?memID=3215&h_MemType=members&memName=NX%20BLOCK%20TRADES%20PRIVATE%20LIMITED
235,FORTUFUSION STOCK BROKING SERVICES LLP,INZ000327155,90462,3329,https://enit.nseindia.com/MemDirWeb/brokerDetailPage_Beta?memID=3329&h_MemType=members&memName=FORTUFUSION%20STOCK%20BROKING%20SERVICES%20LLP
236,ESTELLE SECURITIES PRIVATE LIMITED,INZ000297338,90239,3117,https://enit.nseindia.com/MemDirWeb/brokerDetailPage_Beta?memID=3117&h_MemType=members&memName=ESTELLE%20SECURITIES%20PRIVATE%20LIMITED
237,MONEY KRISHNA FINANCIAL SERVICES,INZ000294819,90204,3081,https://enit.nseindia.com/MemDirWeb/brokerDetailPage_Beta?memID=3081&h_MemType=members&memName=MONEY%20KRISHNA%20FINANCIAL%20SERVICES
238,HSBC SECURITIES & CAPITAL MARKETS (INDIA) PVT. LTD.,INZ000234533,07917,318,https://enit.nseindia.com/MemDirWeb/brokerDetailPage_Beta?memID=318&h_MemType=members&memName=HSBC%20SECURITIES%20%26%20CAPITAL%20MARKETS%20%28INDIA%29%20PVT.%20LTD.
239,TOUCHSTONE CAPITAL MARKET SERVICES PVT. LTD,INZ000272831,09500,23,https://enit.nseindia.com/MemDirWeb/brokerDetailPage_Beta?memID=23&h_MemType=members&memName=TOUCHSTONE%20CAPITAL%20MARKET%20SERVICES%20PVT.%20LTD
240,V.R.M. SHARE BROKING PVT. LTD,INZ000256739,11098,1677,https://enit.nseindia.com/MemDirWeb/brokerDetailPage_Beta?memID=1677&h_MemType=members&memName=V.R.M.%20SHARE%20BROKING%20PVT.%20LTD
241,WOODSTOCK BROKING PVT. LTD,INZ000242835,07766,465,https://enit.nseindia.com/MemDirWeb/brokerDetailPage_Beta?memID=465&h_MemType=members&memName=WOODSTOCK%20BROKING%20PVT.%20LTD
242,FORTUNE CAPITAL MARKET,INZ000278225,13000,2225,https://enit.nseindia.com/MemDirWeb/brokerDetailPage_Beta?memID=2225&h_MemType=members&memName=FORTUNE%20CAPITAL%20MARKET
243,RRB MASTER SECURITIES DELHI LTD.,INZ000265237,06113,1780,https://enit.nseindia.com/MemDirWeb/brokerDetailPage_Beta?memID=1780&h_MemType=members&memName=RRB%20MASTER%20SECURITIES%20DELHI%20LTD.
244,INCRED CAPITAL WEALTH PORTFOLIO MANAGERS PRIVATE LIMITED,INZ000294632,90211,3088,https://enit.nseindia.com/MemDirWeb/brokerDetailPage_Beta?memID=3088&h_MemType=members&memName=INCRED%20CAPITAL%20WEALTH%20PORTFOLIO%20MANAGERS%20PRIVATE%20LIMITED
245,MY MONEY SECURITIES LTD.,INZ000239239,08847,754,https://enit.nseindia.com/MemDirWeb/brokerDetailPage_Beta?memID=754&h_MemType=members&memName=MY%20MONEY%20SECURITIES%20LTD.
246,HR FINANCE & INVESTMENTS,INZ000249526,12985,2187,https://enit.nseindia.com/MemDirWeb/brokerDetailPage_Beta?memID=2187&h_MemType=members&memName=HR%20FINANCE%20%26%20INVESTMENTS
247,ESPRESSO FINANCIAL SERVICES PRIVATE LIMITED.,INZ000041331,90194,3072,https://enit.nseindia.com/MemDirWeb/brokerDetailPage_Beta?memID=3072&h_MemType=members&memName=ESPRESSO%20FINANCIAL%20SERVICES%20PRIVATE%20LIMITED.
248,KARNA STOCK BROKING LLP,INZ000315657,90365,3237,https://enit.nseindia.com/MemDirWeb/brokerDetailPage_Beta?memID=3237&h_MemType=members&memName=KARNA%20STOCK%20BROKING%20LLP
249,BAGARIA DERIVATIVE SERVICES PRIVATE LIMITED,INZ000226533,90348,3219,https://enit.nseindia.com/MemDirWeb/brokerDetailPage_Beta?memID=3219&h_MemType=members&memName=BAGARIA%20DERIVATIVE%20SERVICES%20PRIVATE%20LIMITED
250,OPTIVER INDIA SECURITIES PRIVATE LIMITED,INZ000317039,90378,3250,https://enit.nseindia.com/MemDirWeb/brokerDetailPage_Beta?memID=3250&h_MemType=members&memName=OPTIVER%20INDIA%20SECURITIES%20PRIVATE%20LIMITED
251,ISHAN STOCK BROKING PRIVATE LIMITED,INZ000322231,90411,3282,https://enit.nseindia.com/MemDirWeb/brokerDetailPage_Beta?memID=3282&h_MemType=members&memName=ISHAN%20STOCK%20BROKING%20PRIVATE%20LIMITED
252,MAHARATNA SECURITIES PRIVATE LIMITED,INZ000303733,90254,3130,https://enit.nseindia.com/MemDirWeb/brokerDetailPage_Beta?memID=3130&h_MemType=members&memName=MAHARATNA%20SECURITIES%20PRIVATE%20LIMITED
253,CHURIWALA SECURITIES PRIVATE LIMITED,INZ000216630,06487,52,https://enit.nseindia.com/MemDirWeb/brokerDetailPage_Beta?memID=52&h_MemType=members&memName=CHURIWALA%20SECURITIES%20PRIVATE%20LIMITED
254,NEON VINIMAY PRIVATE LIMITED,INZ000220132,09100,1,https://enit.nseindia.com/MemDirWeb/brokerDetailPage_Beta?memID=1&h_MemType=members&memName=NEON%20VINIMAY%20PRIVATE%20LIMITED
255,BHAGWANDAS GORDHANDAS FINANCIAL PVT. LTD.,INZ000169033,06429,36,https://enit.nseindia.com/MemDirWeb/brokerDetailPage_Beta?memID=36&h_MemType=members&memName=BHAGWANDAS%20GORDHANDAS%20FINANCIAL%20PVT.%20LTD.
256,BNK SECURITIES PVT.LTD.,INZ000220037,06535,42,https://enit.nseindia.com/MemDirWeb/brokerDetailPage_Beta?memID=42&h_MemType=members&memName=BNK%20SECURITIES%20PVT.LTD.
257,BONANZA PORTFOLIO LTD.,INZ000212137,06378,43,https://enit.nseindia.com/MemDirWeb/brokerDetailPage_Beta?memID=43&h_MemType=members&memName=BONANZA%20PORTFOLIO%20LTD.
258,FIRST GLOBAL STOCKBROKING PVT.LTD.,INZ000210739,07221,85,https://enit.nseindia.com/MemDirWeb/brokerDetailPage_Beta?memID=85&h_MemType=members&memName=FIRST%20GLOBAL%20STOCKBROKING%20PVT.LTD.
259,LPC SECURITIES PVT LTD,INZ000008938,09583,136,https://enit.nseindia.com/MemDirWeb/brokerDetailPage_Beta?memID=136&h_MemType=members&memName=LPC%20SECURITIES%20PVT%20LTD
260,MMJ CLASSIC SECURITIES,INB230662323,06623,163,https://enit.nseindia.com/MemDirWeb/brokerDetailPage_Beta?memID=163&h_MemType=members&memName=MMJ%20CLASSIC%20SECURITIES
261,MONEYCARE SECURITIES & FINANCIAL SERVICES LTD.,INZ000266935,06471,168,https://enit.nseindia.com/MemDirWeb/brokerDetailPage_Beta?memID=168&h_MemType=members&memName=MONEYCARE%20SECURITIES%20%26%20FINANCIAL%20SERVICES%20LTD.
262,NAYAN M. VALA SECURITIES PRIVATE LIMITED,INZ000210233,13511,183,https://enit.nseindia.com/MemDirWeb/brokerDetailPage_Beta?memID=183&h_MemType=members&memName=NAYAN%20M.%20VALA%20SECURITIES%20PRIVATE%20LIMITED
263,GULITA SECURITIES LTD,INZ000208530,10757,198,https://enit.nseindia.com/MemDirWeb/brokerDetailPage_Beta?memID=198&h_MemType=members&memName=GULITA%20SECURITIES%20LTD
264,DIMENSIONAL SECURITIES PVT. LTD,INZ000175837,05980,333,https://enit.nseindia.com/MemDirWeb/brokerDetailPage_Beta?memID=333&h_MemType=members&memName=DIMENSIONAL%20SECURITIES%20PVT.%20LTD
265,INDBANK MERCHANT BANKING SERVICES LTD.,INZ000207939,05968,350,https://enit.nseindia.com/MemDirWeb/brokerDetailPage_Beta?memID=350&h_MemType=members&memName=INDBANK%20MERCHANT%20BANKING%20SERVICES%20LTD.
266,INDSEC SECURITIES AND FINANCE LIMITED,INZ000236731,06010,352,https://enit.nseindia.com/MemDirWeb/brokerDetailPage_Beta?memID=352&h_MemType=members&memName=INDSEC%20SECURITIES%20AND%20FINANCE%20LIMITED
267,IFCI FINANCIAL SERVICES LIMITED,INZ000254231,11086,353,https://enit.nseindia.com/MemDirWeb/brokerDetailPage_Beta?memID=353&h_MemType=members&memName=IFCI%20FINANCIAL%20SERVICES%20LIMITED
268,WAY2WEALTH BROKERS PRIVATE LIMITED,INZ000178638,11502,404,https://enit.nseindia.com/MemDirWeb/brokerDetailPage_Beta?memID=404&h_MemType=members&memName=WAY2WEALTH%20BROKERS%20PRIVATE%20LIMITED
269,NAKAMICHI SECURITIES LTD,INZ000197136,08565,567,https://enit.nseindia.com/MemDirWeb/brokerDetailPage_Beta?memID=567&h_MemType=members&memName=NAKAMICHI%20SECURITIES%20LTD
270,ORTEM SECURITIES LIMITED,INZ000284334,08122,568,https://enit.nseindia.com/MemDirWeb/brokerDetailPage_Beta?memID=568&h_MemType=members&memName=ORTEM%20SECURITIES%20LIMITED
271,PRB SECURITIES PRIVATE LTD.,INZ000225631,07785,569,https://enit.nseindia.com/MemDirWeb/brokerDetailPage_Beta?memID=569&h_MemType=members&memName=PRB%20SECURITIES%20PRIVATE%20LTD.
272,ADROIT FINANCIAL SERVICES PRIVATE LIMITED,INZ000173137,08538,627,https://enit.nseindia.com/MemDirWeb/brokerDetailPage_Beta?memID=627&h_MemType=members&memName=ADROIT%20FINANCIAL%20SERVICES%20PRIVATE%20LIMITED
273,VEDIKA SECURITIES (P) LTD,INZ000242635,07720,605,https://enit.nseindia.com/MemDirWeb/brokerDetailPage_Beta?memID=605&h_MemType=members&memName=VEDIKA%20SECURITIES%20%28P%29%20LTD
274,SHREE NAMAN SECURITIES & FINANCE PVT. LTD,INZ000283937,08082,455,https://enit.nseindia.com/MemDirWeb/brokerDetailPage_Beta?memID=455&h_MemType=members&memName=SHREE%20NAMAN%20SECURITIES%20%26%20FINANCE%20PVT.%20LTD
275,ARCADIA SHARE & STOCK BROKERS PRIVATE LIMITED,INZ000231731,07782,478,https://enit.nseindia.com/MemDirWeb/brokerDetailPage_Beta?memID=478&h_MemType=members&memName=ARCADIA%20SHARE%20%26%20STOCK%20BROKERS%20PRIVATE%20LIMITED
276,MANIPAL STOCK & SHARE BROKERS LTD.,INZ000188032,08567,487,https://enit.nseindia.com/MemDirWeb/brokerDetailPage_Beta?memID=487&h_MemType=members&memName=MANIPAL%20STOCK%20%26%20SHARE%20BROKERS%20LTD.
277,JHAVERI SECURITIES LIMITED,INZ000199232,08232,504,https://enit.nseindia.com/MemDirWeb/brokerDetailPage_Beta?memID=504&h_MemType=members&memName=JHAVERI%20SECURITIES%20LIMITED
278,ANIL KUMAR SEHGAL,INB230779219,07792,637,https://enit.nseindia.com/MemDirWeb/brokerDetailPage_Beta?memID=637&h_MemType=members&memName=ANIL%20KUMAR%20SEHGAL
279,CPR CAPITAL SERVICES LTD.,INB230876935/INF230876935/INE230876935,08769,666,https://enit.nseindia.com/MemDirWeb/brokerDetailPage_Beta?memID=666&h_MemType=members&memName=CPR%20CAPITAL%20SERVICES%20LTD.
280,GOGIA CAPITAL SERVICES LIMITED,INZ000202733,07929,691,https://enit.nseindia.com/MemDirWeb/brokerDetailPage_Beta?memID=691&h_MemType=members&memName=GOGIA%20CAPITAL%20SERVICES%20LIMITED
281,IKM INVESTORS PRIVATE LIMITED,INZ000172937,07944,699,https://enit.nseindia.com/MemDirWeb/brokerDetailPage_Beta?memID=699&h_MemType=members&memName=IKM%20INVESTORS%20PRIVATE%20LIMITED
282,INDIA PACIFIC SECURITIES & FINANCIAL SERVICES LTD,INZ000281430,09058,702,https://enit.nseindia.com/MemDirWeb/brokerDetailPage_Beta?memID=702&h_MemType=members&memName=INDIA%20PACIFIC%20SECURITIES%20%26%20FINANCIAL%20SERVICES%20LTD
283,INMACS LTD.,INZ000257837,05664,705,https://enit.nseindia.com/MemDirWeb/brokerDetailPage_Beta?memID=705&h_MemType=members&memName=INMACS%20LTD.
284,KSBL SECURITIES LIMITED,INZ000104638,14365,727,https://enit.nseindia.com/MemDirWeb/brokerDetailPage_Beta?memID=727&h_MemType=members&memName=KSBL%20SECURITIES%20LIMITED
285,M G CAPITAL SERVICES LTD.,INB230701235/INF230701235,07012,736,https://enit.nseindia.com/MemDirWeb/brokerDetailPage_Beta?memID=736&h_MemType=members&memName=M%20G%20CAPITAL%20SERVICES%20LTD.
286,INDO THAI SECURITIES LTD.,INZ000194938,07767,885,https://enit.nseindia.com/MemDirWeb/brokerDetailPage_Beta?memID=885&h_MemType=members&memName=INDO%20THAI%20SECURITIES%20LTD.
287,SEVENHILL SECURITIES LIMITED,INB230806935,08069,963,https://enit.nseindia.com/MemDirWeb/brokerDetailPage_Beta?memID=963&h_MemType=members&memName=SEVENHILL%20SECURITIES%20LIMITED
288,GREAT INDIAN SECURITIES COMPANY LIMITED,INZ000283434,08548,910,https://enit.nseindia.com/MemDirWeb/brokerDetailPage_Beta?memID=910&h_MemType=members&memName=GREAT%20INDIAN%20SECURITIES%20COMPANY%20LIMITED
289,REFLECTION INVESTMENTS,INZ000283123,07790,927,https://enit.nseindia.com/MemDirWeb/brokerDetailPage_Beta?memID=927&h_MemType=members&memName=REFLECTION%20INVESTMENTS
290,MANGAL KESHAV FINANCIAL SERVICES LLP,INZ000166334,09774,940,https://enit.nseindia.com/MemDirWeb/brokerDetailPage_Beta?memID=940&h_MemType=members&memName=MANGAL%20KESHAV%20FINANCIAL%20SERVICES%20LLP
291,EMKAY GLOBAL FINANCIAL SERVICES LIMITED,INZ000203933,09018,946,https://enit.nseindia.com/MemDirWeb/brokerDetailPage_Beta?memID=946&h_MemType=members&memName=EMKAY%20GLOBAL%20FINANCIAL%20SERVICES%20LIMITED
292,RBC FINANCIAL SERVICES PVT. LTD.,INZ000203332,07713,795,https://enit.nseindia.com/MemDirWeb/brokerDetailPage_Beta?memID=795&h_MemType=members&memName=RBC%20FINANCIAL%20SERVICES%20PVT.%20LTD.
293,NCJ SHARE AND STOCK BROKERS LIMITED,INZ000214632,12956,814,https://enit.nseindia.com/MemDirWeb/brokerDetailPage_Beta?memID=814&h_MemType=members&memName=NCJ%20SHARE%20AND%20STOCK%20BROKERS%20LIMITED
294,MIDEAST INVESTMENTS PVT. LTD.,INB230852733,08527,864,https://enit.nseindia.com/MemDirWeb/brokerDetailPage_Beta?memID=864&h_MemType=members&memName=MIDEAST%20INVESTMENTS%20PVT.%20LTD.
295,SAAKETA INVESTMENT SERVICES LIMITED,INZ000179131,07598,872,https://enit.nseindia.com/MemDirWeb/brokerDetailPage_Beta?memID=872&h_MemType=members&memName=SAAKETA%20INVESTMENT%20SERVICES%20LIMITED
296,TRIMBHAK INVESTMENTS & FINANCE SERVICES PVT. LTD.,INZ000211035,08540,876,https://enit.nseindia.com/MemDirWeb/brokerDetailPage_Beta?memID=876&h_MemType=members&memName=TRIMBHAK%20INVESTMENTS%20%26%20FINANCE%20SERVICES%20PVT.%20LTD.
297,HEM FINLEASE PVT. LTD.,INZ000167734,11100,1681,https://enit.nseindia.com/MemDirWeb/brokerDetailPage_Beta?memID=1681&h_MemType=members&memName=HEM%20FINLEASE%20PVT.%20LTD.
298,PEE AAR SECURITIES LIMITED,INZ000176938,14463,990,https://enit.nseindia.com/MemDirWeb/brokerDetailPage_Beta?memID=990&h_MemType=members&memName=PEE%20AAR%20SECURITIES%20LIMITED
299,SOUTH ASIAN STOCKS LTD.,INZ000164738,09073,992,https://enit.nseindia.com/MemDirWeb/brokerDetailPage_Beta?memID=992&h_MemType=members&memName=SOUTH%20ASIAN%20STOCKS%20LTD.
300,PSJ SECURITIES PVT. LTD.,INZ000268831,09068,1076,https://enit.nseindia.com/MemDirWeb/brokerDetailPage_Beta?memID=1076&h_MemType=members&memName=PSJ%20SECURITIES%20PVT.%20LTD.
301,CREDIT SUISSE SECURITIES (INDIA) PRIVATE LIMITED,INZ000248233,09706,1265,https://enit.nseindia.com/MemDirWeb/brokerDetailPage_Beta?memID=1265&h_MemType=members&memName=CREDIT%20SUISSE%20SECURITIES%20%28INDIA%29%20PRIVATE%20LIMITED
302,STOCK HOLDING CORPORATION OF INDIA LTD,INZ000241237,11330,1668,https://enit.nseindia.com/MemDirWeb/brokerDetailPage_Beta?memID=1668&h_MemType=members&memName=STOCK%20HOLDING%20CORPORATION%20OF%20INDIA%20LTD
303,GUINESS SECURITIES LIMITED,INZ000167037,11460,1759,https://enit.nseindia.com/MemDirWeb/brokerDetailPage_Beta?memID=1759&h_MemType=members&memName=GUINESS%20SECURITIES%20LIMITED
304,BANK OF INDIA,INF231156532/INF231156532/INE231308136,11565,1768,https://enit.nseindia.com/MemDirWeb/brokerDetailPage_Beta?memID=1768&h_MemType=members&memName=BANK%20OF%20INDIA
305,STOCKHOME INDIA LTD.,INZ000182734,11680,1843,https://enit.nseindia.com/MemDirWeb/brokerDetailPage_Beta?memID=1843&h_MemType=members&memName=STOCKHOME%20INDIA%20LTD.
306,ARETE SECURITIES LIMITED,INZ000241036,11782,1854,https://enit.nseindia.com/MemDirWeb/brokerDetailPage_Beta?memID=1854&h_MemType=members&memName=ARETE%20SECURITIES%20LIMITED
307,VSE STOCK SERVICES LIMITED,INZ000193839,11997,1867,https://enit.nseindia.com/MemDirWeb/brokerDetailPage_Beta?memID=1867&h_MemType=members&memName=VSE%20STOCK%20SERVICES%20LIMITED
308,DEEP FINANCIAL CONSULTANTS PVT. LTD.,INZ000266039,11353,1709,https://enit.nseindia.com/MemDirWeb/brokerDetailPage_Beta?memID=1709&h_MemType=members&memName=DEEP%20FINANCIAL%20CONSULTANTS%20PVT.%20LTD.
309,G DAS CAPITAL MARKETS PRIVATE LIMITED,INZ000282138,11266,1712,https://enit.nseindia.com/MemDirWeb/brokerDetailPage_Beta?memID=1712&h_MemType=members&memName=G%20DAS%20CAPITAL%20MARKETS%20PRIVATE%20LIMITED
310,SSPL WEALTH PRIVATE LIMITED,INZ000192638,11221,1718,https://enit.nseindia.com/MemDirWeb/brokerDetailPage_Beta?memID=1718&h_MemType=members&memName=SSPL%20WEALTH%20PRIVATE%20LIMITED
311,ISHANIKA SECURITIES PVT. LTD.,INZ000008136,10493,1742,https://enit.nseindia.com/MemDirWeb/brokerDetailPage_Beta?memID=1742&h_MemType=members&memName=ISHANIKA%20SECURITIES%20PVT.%20LTD.
312,AMAR & SONS STOCK BROKING PVT LTD,INZ000213331,11445,1751,https://enit.nseindia.com/MemDirWeb/brokerDetailPage_Beta?memID=1751&h_MemType=members&memName=AMAR%20%26%20SONS%20STOCK%20BROKING%20PVT%20LTD
313,CNB FINWIZ PRIVATE LIMITED,INZ000204238,11893,1758,https://enit.nseindia.com/MemDirWeb/brokerDetailPage_Beta?memID=1758&h_MemType=members&memName=CNB%20FINWIZ%20PRIVATE%20LIMITED
314,ALDAN INVESTMENTS PRIVATE LIMITED,INZ000279438,12599,1998,https://enit.nseindia.com/MemDirWeb/brokerDetailPage_Beta?memID=1998&h_MemType=members&memName=ALDAN%20INVESTMENTS%20PRIVATE%20LIMITED
315,MARFATIA STOCK BROKING PRIVATE LIMITED,INZ000215330,11925,1924,https://enit.nseindia.com/MemDirWeb/brokerDetailPage_Beta?memID=1924&h_MemType=members&memName=MARFATIA%20STOCK%20BROKING%20PRIVATE%20LIMITED
316,SHREE KANHA STOCK BROKING PVT. LTD,INZ000222633,12162,1926,https://enit.nseindia.com/MemDirWeb/brokerDetailPage_Beta?memID=1926&h_MemType=members&memName=SHREE%20KANHA%20STOCK%20BROKING%20PVT.%20LTD
317,AXIOM SHARE BROKING PVT. LTD.,INZ000232731,12212,1931,https://enit.nseindia.com/MemDirWeb/brokerDetailPage_Beta?memID=1931&h_MemType=members&memName=AXIOM%20SHARE%20BROKING%20PVT.%20LTD.
318,RR EQUITY BROKERS PVT. LTD.,INZ000270435,12196,1935,https://enit.nseindia.com/MemDirWeb/brokerDetailPage_Beta?memID=1935&h_MemType=members&memName=RR%20EQUITY%20BROKERS%20PVT.%20LTD.
319,C. M. GOENKA STOCK BROKERS PVT. LTD.,INZ000251131,12550,1993,https://enit.nseindia.com/MemDirWeb/brokerDetailPage_Beta?memID=1993&h_MemType=members&memName=C.%20M.%20GOENKA%20STOCK%20BROKERS%20PVT.%20LTD.
320,MATALIA STOCK BROKING PVT. LTD.,INZ000184932,12086,2088,https://enit.nseindia.com/MemDirWeb/brokerDetailPage_Beta?memID=2088&h_MemType=members&memName=MATALIA%20STOCK%20BROKING%20PVT.%20LTD.
321,KAVIRAJ SECURITIES PRIVATE LIMITED,INZ000202035,11553,2090,https://enit.nseindia.com/MemDirWeb/brokerDetailPage_Beta?memID=2090&h_MemType=members&memName=KAVIRAJ%20SECURITIES%20PRIVATE%20LIMITED
322,DHAN STOCK & SHARE BROKERS PVT. LTD.,INZ000218037,12427,2091,https://enit.nseindia.com/MemDirWeb/brokerDetailPage_Beta?memID=2091&h_MemType=members&memName=DHAN%20STOCK%20%26%20SHARE%20BROKERS%20PVT.%20LTD.
323,BHH SECURITIES PRIVATE LIMITED,INZ000262331,09982,2093,https://enit.nseindia.com/MemDirWeb/brokerDetailPage_Beta?memID=2093&h_MemType=members&memName=BHH%20SECURITIES%20PRIVATE%20LIMITED
324,TRADEWELL SECURITIES LTD.,INZ000171936,12835,2097,https://enit.nseindia.com/MemDirWeb/brokerDetailPage_Beta?memID=2097&h_MemType=members&memName=TRADEWELL%20SECURITIES%20LTD.
325,VRISE SECURITIES PRIVATE LIMITED,INZ000010934,12889,2099,https://enit.nseindia.com/MemDirWeb/brokerDetailPage_Beta?memID=2099&h_MemType=members&memName=VRISE%20SECURITIES%20PRIVATE%20LIMITED
326,J.G.A. SHAH SHARE BROKERS PRIVATE LIMITED,INZ000163333,09952,2113,https://enit.nseindia.com/MemDirWeb/brokerDetailPage_Beta?memID=2113&h_MemType=members&memName=J.G.A.%20SHAH%20SHARE%20BROKERS%20PRIVATE%20LIMITED
327,PRAGYA EQUITIES PVT. LTD.,INZ000236538,12202,2120,https://enit.nseindia.com/MemDirWeb/brokerDetailPage_Beta?memID=2120&h_MemType=members&memName=PRAGYA%20EQUITIES%20PVT.%20LTD.
328,J L SHAH SECURITIES PRIVATE LIMITED,INZ000199739,09777,2047,https://enit.nseindia.com/MemDirWeb/brokerDetailPage_Beta?memID=2047&h_MemType=members&memName=J%20L%20SHAH%20SECURITIES%20PRIVATE%20LIMITED
329,LAKSHMISHREE INVESTMENT AND SECURITIES LTD,INZ000170330,12817,2060,https://enit.nseindia.com/MemDirWeb/brokerDetailPage_Beta?memID=2060&h_MemType=members&memName=LAKSHMISHREE%20INVESTMENT%20AND%20SECURITIES%20LTD
330,NAVKAR WEALTH SERVICE PRIVATE LIMITED,INZ000255337,14388,2160,https://enit.nseindia.com/MemDirWeb/brokerDetailPage_Beta?memID=2160&h_MemType=members&memName=NAVKAR%20WEALTH%20SERVICE%20PRIVATE%20LIMITED
331,BASAN EQUITY BROKING LIMITED,INZ000197331,12964,2172,https://enit.nseindia.com/MemDirWeb/brokerDetailPage_Beta?memID=2172&h_MemType=members&memName=BASAN%20EQUITY%20BROKING%20LIMITED
332,BMD SECURITIES LIMITED,INZ000215236,13189,2176,https://enit.nseindia.com/MemDirWeb/brokerDetailPage_Beta?memID=2176&h_MemType=members&memName=BMD%20SECURITIES%20LIMITED
333,OSWAL SHARES AND SECURITIES LIMITED,INZ000295436,10631,2210,https://enit.nseindia.com/MemDirWeb/brokerDetailPage_Beta?memID=2210&h_MemType=members&memName=OSWAL%20SHARES%20AND%20SECURITIES%20LIMITED
334,BEZEL STOCK BROKERS PRIVATE LIMITED,INZ000266237,14909,2218,https://enit.nseindia.com/MemDirWeb/brokerDetailPage_Beta?memID=2218&h_MemType=members&memName=BEZEL%20STOCK%20BROKERS%20PRIVATE%20LIMITED
335,RAJGUL SECURITIES PVT LTD,INZ000316035,13027,2222,https://enit.nseindia.com/MemDirWeb/brokerDetailPage_Beta?memID=2222&h_MemType=members&memName=RAJGUL%20SECURITIES%20PVT%20LTD
336,BOB CAPITAL MARKETS LIMITED,INZ000159332,13045,2244,https://enit.nseindia.com/MemDirWeb/brokerDetailPage_Beta?memID=2244&h_MemType=members&memName=BOB%20CAPITAL%20MARKETS%20LIMITED
337,FLOURISH FINCAP PVT LTD,INZ000191536,13030,2252,https://enit.nseindia.com/MemDirWeb/brokerDetailPage_Beta?memID=2252&h_MemType=members&memName=FLOURISH%20FINCAP%20PVT%20LTD
338,SHELLY SHARES & SECURITIES,INB231350118/INF231350118/INE231350118,13501,2281,https://enit.nseindia.com/MemDirWeb/brokerDetailPage_Beta?memID=2281&h_MemType=members&memName=SHELLY%20SHARES%20%26%20SECURITIES
339,FIRST INDIA SECURITIES PRIVATE LIMITED,INZ000224338,12386,2288,https://enit.nseindia.com/MemDirWeb/brokerDetailPage_Beta?memID=2288&h_MemType=members&memName=FIRST%20INDIA%20SECURITIES%20PRIVATE%20LIMITED
340,HARIHAR SECURITIES PRIVATE LIMITED,INZ000187633,13641,2303,https://enit.nseindia.com/MemDirWeb/brokerDetailPage_Beta?memID=2303&h_MemType=members&memName=HARIHAR%20SECURITIES%20PRIVATE%20LIMITED
341,PINAK SECURITIES LIMITED,INB231379430/INF231379430/INE231379430,13794,2469,https://enit.nseindia.com/MemDirWeb/brokerDetailPage_Beta?memID=2469&h_MemType=members&memName=PINAK%20SECURITIES%20LIMITED
342,NJ INDIA INVEST PRIVATE LIMITED,INZ000213137,13605,2479,https://enit.nseindia.com/MemDirWeb/brokerDetailPage_Beta?memID=2479&h_MemType=members&memName=NJ%20INDIA%20INVEST%20PRIVATE%20LIMITED
343,OPEN FUTURES,INZ000194616,13321,2378,https://enit.nseindia.com/MemDirWeb/brokerDetailPage_Beta?memID=2378&h_MemType=members&memName=OPEN%20FUTURES
344,ESTEE ADVISORS PVT LTD,INZ000300737,13362,2380,https://enit.nseindia.com/MemDirWeb/brokerDetailPage_Beta?memID=2380&h_MemType=members&memName=ESTEE%20ADVISORS%20PVT%20LTD
345,SHRI KRISHNA SHARE BROKERS PRIVATE LIMITED,INZ000302434,13488,2411,https://enit.nseindia.com/MemDirWeb/brokerDetailPage_Beta?memID=2411&h_MemType=members&memName=SHRI%20KRISHNA%20SHARE%20BROKERS%20PRIVATE%20LIMITED
346,KIMAYA SECURITIES & FINANCIAL SERVICES PVT. LTD.,INZ000201234,13514,2432,https://enit.nseindia.com/MemDirWeb/brokerDetailPage_Beta?memID=2432&h_MemType=members&memName=KIMAYA%20SECURITIES%20%26%20FINANCIAL%20SERVICES%20PVT.%20LTD.
347,SUNFLOWER BROKING PVT. LTD.,INZ000195131,13586,2449,https://enit.nseindia.com/MemDirWeb/brokerDetailPage_Beta?memID=2449&h_MemType=members&memName=SUNFLOWER%20BROKING%20PVT.%20LTD.
348,BULLMART SECURITIES PRIVATE LIMITED,INB231366437/INF231366437,13664,2457,https://enit.nseindia.com/MemDirWeb/brokerDetailPage_Beta?memID=2457&h_MemType=members&memName=BULLMART%20SECURITIES%20PRIVATE%20LIMITED
349,NUVAMA CLEARING SERVICES LIMITED,INZ000177437,14407,2765,https://enit.nseindia.com/MemDirWeb/brokerDetailPage_Beta?memID=2765&h_MemType=members&memName=NUVAMA%20CLEARING%20SERVICES%20LIMITED
350,HORIZON FINANCIAL CONSULTANTS PVT. LTD.,INZ000171033,14491,2795,https://enit.nseindia.com/MemDirWeb/brokerDetailPage_Beta?memID=2795&h_MemType=members&memName=HORIZON%20FINANCIAL%20CONSULTANTS%20PVT.%20LTD.
351,MONEYPLEX SECURITIES PRIVATE LIMITED,INZ000262430,14595,2828,https://enit.nseindia.com/MemDirWeb/brokerDetailPage_Beta?memID=2828&h_MemType=members&memName=MONEYPLEX%20SECURITIES%20PRIVATE%20LIMITED
352,4A SECURITIES LIMITED,INZ000246535,14560,2825,https://enit.nseindia.com/MemDirWeb/brokerDetailPage_Beta?memID=2825&h_MemType=members&memName=4A%20SECURITIES%20LIMITED
353,BNP PARIBAS SECURITIES INDIA PRIVATE LIMITED,INZ000161834,14748,2844,https://enit.nseindia.com/MemDirWeb/brokerDetailPage_Beta?memID=2844&h_MemType=members&memName=BNP%20PARIBAS%20SECURITIES%20INDIA%20PRIVATE%20LIMITED
354,JKB FINANCIAL SERVICES LIMITED,INZ000243934,14411,2775,https://enit.nseindia.com/MemDirWeb/brokerDetailPage_Beta?memID=2775&h_MemType=members&memName=JKB%20FINANCIAL%20SERVICES%20LIMITED
355,GOLD LINE BROKING PRIVATE LIMITED,INZ000274233,14918,2842,https://enit.nseindia.com/MemDirWeb/brokerDetailPage_Beta?memID=2842&h_MemType=members&memName=GOLD%20LINE%20BROKING%20PRIVATE%20LIMITED
356,PARIM FINSERV PVT LTD,INZ000288425,90028,2903,https://enit.nseindia.com/MemDirWeb/brokerDetailPage_Beta?memID=2903&h_MemType=members&memName=PARIM%20FINSERV%20PVT%20LTD
357,MANDOT SECURITIES PRIVATE LIMITED,INZ000007435,90055,2928,https://enit.nseindia.com/MemDirWeb/brokerDetailPage_Beta?memID=2928&h_MemType=members&memName=MANDOT%20SECURITIES%20PRIVATE%20LIMITED
358,PENTAD SECURITIES PVT. LTD,INZ000168432,90031,2907,https://enit.nseindia.com/MemDirWeb/brokerDetailPage_Beta?memID=2907&h_MemType=members&memName=PENTAD%20SECURITIES%20PVT.%20LTD
359,SHADOWFAX TRADERS,INZ000010314,90065,2944,https://enit.nseindia.com/MemDirWeb/brokerDetailPage_Beta?memID=2944&h_MemType=members&memName=SHADOWFAX%20TRADERS
360,MNM STOCK BROKING  PVT LTD,INZ000001933,90080,2957,https://enit.nseindia.com/MemDirWeb/brokerDetailPage_Beta?memID=2957&h_MemType=members&memName=MNM%20STOCK%20BROKING%20%20PVT%20LTD
361,INARAA FINANCIAL SERVICES PRIVATE LIMITED,INZ000323030,90414,3285,https://enit.nseindia.com/MemDirWeb/brokerDetailPage_Beta?memID=3285&h_MemType=members&memName=INARAA%20FINANCIAL%20SERVICES%20PRIVATE%20LIMITED
362,PALAK TRADE TECH PRIVATE LIMITED,INZ000322935,90444,3313,https://enit.nseindia.com/MemDirWeb/brokerDetailPage_Beta?memID=3313&h_MemType=members&memName=PALAK%20TRADE%20TECH%20PRIVATE%20LIMITED
363,MINTCAP BROKERS PRIVATE LIMITED,INZ000322732,90430,3299,https://enit.nseindia.com/MemDirWeb/brokerDetailPage_Beta?memID=3299&h_MemType=members&memName=MINTCAP%20BROKERS%20PRIVATE%20LIMITED
364,KETAN V THAKKAR,INZ000097618,90101,2977,https://enit.nseindia.com/MemDirWeb/brokerDetailPage_Beta?memID=2977&h_MemType=members&memName=KETAN%20V%20THAKKAR
365,ALICE BLUE FIN SVCS P LTD,INZ000156038,90112,2988,https://enit.nseindia.com/MemDirWeb/brokerDetailPage_Beta?memID=2988&h_MemType=members&memName=ALICE%20BLUE%20FIN%20SVCS%20P%20LTD
366,PLUSWEALTH CAPITAL MANAGEMENT LLP,INZ000163752,90129,3002,https://enit.nseindia.com/MemDirWeb/brokerDetailPage_Beta?memID=3002&h_MemType=members&memName=PLUSWEALTH%20CAPITAL%20MANAGEMENT%20LLP
367,FLUX CAPITAL PRIVATE LIMITED,INZ000297535,90217,3094,https://enit.nseindia.com/MemDirWeb/brokerDetailPage_Beta?memID=3094&h_MemType=members&memName=FLUX%20CAPITAL%20PRIVATE%20LIMITED
368,PORECHA GLOBAL SECURITIES PVT LTD,INZ000231338,90095,2974,https://enit.nseindia.com/MemDirWeb/brokerDetailPage_Beta?memID=2974&h_MemType=members&memName=PORECHA%20GLOBAL%20SECURITIES%20PVT%20LTD
369,HINDUSTAN TRADECOM PRIVATE LIMITED,INZ000156539,12783,2051,https://enit.nseindia.com/MemDirWeb/brokerDetailPage_Beta?memID=2051&h_MemType=members&memName=HINDUSTAN%20TRADECOM%20PRIVATE%20LIMITED
370,ALMONDZ GLOBAL SECURITIES LTD.,INZ000213936,12252,1951,https://enit.nseindia.com/MemDirWeb/brokerDetailPage_Beta?memID=1951&h_MemType=members&memName=ALMONDZ%20GLOBAL%20SECURITIES%20LTD.
371,GOPANI SECURITIES AND INVESTMENTS PVT. LTD,INZ000248439,12296,1963,https://enit.nseindia.com/MemDirWeb/brokerDetailPage_Beta?memID=1963&h_MemType=members&memName=GOPANI%20SECURITIES%20AND%20INVESTMENTS%20PVT.%20LTD
372,JPT SHARE SERVICES PRIVATE LIMITED,INZ000187834,90140,3016,https://enit.nseindia.com/MemDirWeb/brokerDetailPage_Beta?memID=3016&h_MemType=members&memName=JPT%20SHARE%20SERVICES%20PRIVATE%20LIMITED
373,ASSET PLUS,INZ000196517,90143,3020,https://enit.nseindia.com/MemDirWeb/brokerDetailPage_Beta?memID=3020&h_MemType=members&memName=ASSET%20PLUS
374,RADAR VISION LIMITED,INZ000183237,90141,3018,https://enit.nseindia.com/MemDirWeb/brokerDetailPage_Beta?memID=3018&h_MemType=members&memName=RADAR%20VISION%20LIMITED
375,R B K SHARE BROKING LIMITED,INZ000225939,08259,838,https://enit.nseindia.com/MemDirWeb/brokerDetailPage_Beta?memID=838&h_MemType=members&memName=R%20B%20K%20SHARE%20BROKING%20LIMITED
376,MAXIZO TRADING LLP,INZ000180555,90130,3004,https://enit.nseindia.com/MemDirWeb/brokerDetailPage_Beta?memID=3004&h_MemType=members&memName=MAXIZO%20TRADING%20LLP
377,ACK CAPITAL PRIVATE LIMITED,INZ000241733,09987,2159,https://enit.nseindia.com/MemDirWeb/brokerDetailPage_Beta?memID=2159&h_MemType=members&memName=ACK%20CAPITAL%20PRIVATE%20LIMITED
378,CAPMATRIX COMMODITY AND EQUITY INVESTMENT,INZ000314927,90349,3220,https://enit.nseindia.com/MemDirWeb/brokerDetailPage_Beta?memID=3220&h_MemType=members&memName=CAPMATRIX%20COMMODITY%20AND%20EQUITY%20INVESTMENT
379,NALANDA SECURITIES PVT. LTD.,INZ000259139,11223,1688,https://enit.nseindia.com/MemDirWeb/brokerDetailPage_Beta?memID=1688&h_MemType=members&memName=NALANDA%20SECURITIES%20PVT.%20LTD.
380,PATRONUS TRADETECH LLP,INZ000318357,90432,3302,https://enit.nseindia.com/MemDirWeb/brokerDetailPage_Beta?memID=3302&h_MemType=members&memName=PATRONUS%20TRADETECH%20LLP
381,MLB SECURITIES LTD.,INZ000283735,07786,565,https://enit.nseindia.com/MemDirWeb/brokerDetailPage_Beta?memID=565&h_MemType=members&memName=MLB%20SECURITIES%20LTD.
382,XTX MARKETS LLP,INZ000293058,90198,3075,https://enit.nseindia.com/MemDirWeb/brokerDetailPage_Beta?memID=3075&h_MemType=members&memName=XTX%20MARKETS%20LLP
383,RELIGO BROKING PRIVATE LIMITED,INZ000329131,90463,3330,https://enit.nseindia.com/MemDirWeb/brokerDetailPage_Beta?memID=3330&h_MemType=members&memName=RELIGO%20BROKING%20PRIVATE%20LIMITED
384,SADRAVYA MONEY PRIVATE LIMITED,INZ000307633,90302,3173,https://enit.nseindia.com/MemDirWeb/brokerDetailPage_Beta?memID=3173&h_MemType=members&memName=SADRAVYA%20MONEY%20PRIVATE%20LIMITED
385,PARESH DHIRAJLAL SHAH,INZ000276516,90248,3124,https://enit.nseindia.com/MemDirWeb/brokerDetailPage_Beta?memID=3124&h_MemType=members&memName=PARESH%20DHIRAJLAL%20SHAH
386,SIG INDIA TRADING PRIVATE LIMITED,INZ000318238,90386,3258,https://enit.nseindia.com/MemDirWeb/brokerDetailPage_Beta?memID=3258&h_MemType=members&memName=SIG%20INDIA%20TRADING%20PRIVATE%20LIMITED
387,KHOSLA TRADEWISE PRIVATE LIMITED,INZ000305931,90260,3136,https://enit.nseindia.com/MemDirWeb/brokerDetailPage_Beta?memID=3136&h_MemType=members&memName=KHOSLA%20TRADEWISE%20PRIVATE%20LIMITED
388,ICICI SECURITIES PRIMARY DEALERSHIP LIMITED,INZ000016832,90008,2888,https://enit.nseindia.com/MemDirWeb/brokerDetailPage_Beta?memID=2888&h_MemType=members&memName=ICICI%20SECURITIES%20PRIMARY%20DEALERSHIP%20LIMITED
389,MINIX FINTECH PRIVATE LIMITED,INZ000326734,90442,3311,https://enit.nseindia.com/MemDirWeb/brokerDetailPage_Beta?memID=3311&h_MemType=members&memName=MINIX%20FINTECH%20PRIVATE%20LIMITED
390,GRIFFIN STOCK BROKING PRIVATE LIMITED,INZ000314438,90336,3206,https://enit.nseindia.com/MemDirWeb/brokerDetailPage_Beta?memID=3206&h_MemType=members&memName=GRIFFIN%20STOCK%20BROKING%20PRIVATE%20LIMITED
391,OUR BROKING SERVICES LLP,INZ000309758,90314,3184,https://enit.nseindia.com/MemDirWeb/brokerDetailPage_Beta?memID=3184&h_MemType=members&memName=OUR%20BROKING%20SERVICES%20LLP
392,BLACK FOX FINANCIAL PRIVATE LIMITED,INZ000207033,90383,3255,https://enit.nseindia.com/MemDirWeb/brokerDetailPage_Beta?memID=3255&h_MemType=members&memName=BLACK%20FOX%20FINANCIAL%20PRIVATE%20LIMITED
393,AMTIGER CONSULTANTS PRIVATE LIMITED,INZ000267931,90188,3065,https://enit.nseindia.com/MemDirWeb/brokerDetailPage_Beta?memID=3065&h_MemType=members&memName=AMTIGER%20CONSULTANTS%20PRIVATE%20LIMITED
394,TOSHNIWAL EQUITY SERVICES PVT. LTD.,INZ000240235,12560,285,https://enit.nseindia.com/MemDirWeb/brokerDetailPage_Beta?memID=285&h_MemType=members&memName=TOSHNIWAL%20EQUITY%20SERVICES%20PVT.%20LTD.
395,MAXIMUS SECURITIES LIMITED,INZ000243136,05988,369,https://enit.nseindia.com/MemDirWeb/brokerDetailPage_Beta?memID=369&h_MemType=members&memName=MAXIMUS%20SECURITIES%20LIMITED
396,ALTINA SECURITIES PVT. LTD,INZ000276032,10852,56,https://enit.nseindia.com/MemDirWeb/brokerDetailPage_Beta?memID=56&h_MemType=members&memName=ALTINA%20SECURITIES%20PVT.%20LTD
397,TRUST FINANCIAL CONSULTANCY SERVICES PVT. LTD.,INZ000238639,11987,1876,https://enit.nseindia.com/MemDirWeb/brokerDetailPage_Beta?memID=1876&h_MemType=members&memName=TRUST%20FINANCIAL%20CONSULTANCY%20SERVICES%20PVT.%20LTD.
398,PEERLESS SECURITIES LIMITED,INZ000263738,08211,417,https://enit.nseindia.com/MemDirWeb/brokerDetailPage_Beta?memID=417&h_MemType=members&memName=PEERLESS%20SECURITIES%20LIMITED
399,RIDHI SHARE BROKERS PVT. LTD.,INZ000285935,13009,2192,https://enit.nseindia.com/MemDirWeb/brokerDetailPage_Beta?memID=2192&h_MemType=members&memName=RIDHI%20SHARE%20BROKERS%20PVT.%20LTD.
400,COMMODITY MANDI PRIVATE LIMITED,INZ000048532,90203,3080,https://enit.nseindia.com/MemDirWeb/brokerDetailPage_Beta?memID=3080&h_MemType=members&memName=COMMODITY%20MANDI%20PRIVATE%20LIMITED
401,DELTA TECHINVEST PRIVATE LIMITED,INZ000294735,90205,3082,https://enit.nseindia.com/MemDirWeb/brokerDetailPage_Beta?memID=3082&h_MemType=members&memName=DELTA%20TECHINVEST%20PRIVATE%20LIMITED
402,TAURUS CORPORATE ADVISORY SERVICES LIMITED,INZ000258036,13298,2256,https://enit.nseindia.com/MemDirWeb/brokerDetailPage_Beta?memID=2256&h_MemType=members&memName=TAURUS%20CORPORATE%20ADVISORY%20SERVICES%20LIMITED
403,INDIABULLS SECURITIES LIMITED,INZ000036136,08756,995,https://enit.nseindia.com/MemDirWeb/brokerDetailPage_Beta?memID=995&h_MemType=members&memName=INDIABULLS%20SECURITIES%20LIMITED
404,DELTAMARK PARTNERS LLP,INZ000310451,90311,3181,https://enit.nseindia.com/MemDirWeb/brokerDetailPage_Beta?memID=3181&h_MemType=members&memName=DELTAMARK%20PARTNERS%20LLP
405,CLOPEN RESEARCH CAPITAL LLP,INZ000286953,90185,3062,https://enit.nseindia.com/MemDirWeb/brokerDetailPage_Beta?memID=3062&h_MemType=members&memName=CLOPEN%20RESEARCH%20CAPITAL%20LLP
406,R J STOCK BROKING PRIVATE LIMITED,INZ000262737,90199,3076,https://enit.nseindia.com/MemDirWeb/brokerDetailPage_Beta?memID=3076&h_MemType=members&memName=R%20J%20STOCK%20BROKING%20PRIVATE%20LIMITED
407,DEVGIRI SECURITIES PRIVATE LIMITED,INZ000316136,90361,3233,https://enit.nseindia.com/MemDirWeb/brokerDetailPage_Beta?memID=3233&h_MemType=members&memName=DEVGIRI%20SECURITIES%20PRIVATE%20LIMITED
408,WMG BROKING PRIVATE LTD,INZ000314336,90337,3207,https://enit.nseindia.com/MemDirWeb/brokerDetailPage_Beta?memID=3207&h_MemType=members&memName=WMG%20BROKING%20PRIVATE%20LTD
409,KSN CREDENCE COMMODITIES TRADING PRIVATE LIMITED,INZ000178736,90358,3230,https://enit.nseindia.com/MemDirWeb/brokerDetailPage_Beta?memID=3230&h_MemType=members&memName=KSN%20CREDENCE%20COMMODITIES%20TRADING%20PRIVATE%20LIMITED
410,HARSH FUTURES COMMODITIES PRIVATE LIMITED,INZ000063536,90422,3293,https://enit.nseindia.com/MemDirWeb/brokerDetailPage_Beta?memID=3293&h_MemType=members&memName=HARSH%20FUTURES%20COMMODITIES%20PRIVATE%20LIMITED
411,PRUDENT CORPORATE ADVISORY SERVICES LIMITED,INZ000293634,90209,3086,https://enit.nseindia.com/MemDirWeb/brokerDetailPage_Beta?memID=3086&h_MemType=members&memName=PRUDENT%20CORPORATE%20ADVISORY%20SERVICES%20LIMITED
412,ALGOQUANT FINTECH LIMITED,INZ000326631,90234,3111,https://enit.nseindia.com/MemDirWeb/brokerDetailPage_Beta?memID=3111&h_MemType=members&memName=ALGOQUANT%20FINTECH%20LIMITED
413,GRIP BROKING PRIVATE LIMITED,INZ000312836,90319,3189,https://enit.nseindia.com/MemDirWeb/brokerDetailPage_Beta?memID=3189&h_MemType=members&memName=GRIP%20BROKING%20PRIVATE%20LIMITED
414,NEOVA GLOBAL FINTECH PRIVATE LIMITED,INZ000319736,90412,3283,https://enit.nseindia.com/MemDirWeb/brokerDetailPage_Beta?memID=3283&h_MemType=members&memName=NEOVA%20GLOBAL%20FINTECH%20PRIVATE%20LIMITED
415,JIAUM BROKING LLP,INZ000321452,90399,3271,https://enit.nseindia.com/MemDirWeb/brokerDetailPage_Beta?memID=3271&h_MemType=members&memName=JIAUM%20BROKING%20LLP
416,INFINITE BROKING PRIVATE LIMITED,INZ000321535,90391,3264,https://enit.nseindia.com/MemDirWeb/brokerDetailPage_Beta?memID=3264&h_MemType=members&memName=INFINITE%20BROKING%20PRIVATE%20LIMITED
417,AASHI BROKING PRIVATE LIMITED,INZ000322639,90406,3277,https://enit.nseindia.com/MemDirWeb/brokerDetailPage_Beta?memID=3277&h_MemType=members&memName=AASHI%20BROKING%20PRIVATE%20LIMITED
418,JITENDRA PUKHRAJ JAIN,INZ000207615,06968,120,https://enit.nseindia.com/MemDirWeb/brokerDetailPage_Beta?memID=120&h_MemType=members&memName=JITENDRA%20PUKHRAJ%20JAIN
419,CENTRUM BROKING LIMITED,INZ000205331,14542,5,https://enit.nseindia.com/MemDirWeb/brokerDetailPage_Beta?memID=5&h_MemType=members&memName=CENTRUM%20BROKING%20LIMITED
420,BEARBULL SECURITIES PVT. LTD.,INB230637738,06377,35,https://enit.nseindia.com/MemDirWeb/brokerDetailPage_Beta?memID=35&h_MemType=members&memName=BEARBULL%20SECURITIES%20PVT.%20LTD.
421,DB (INTERNATIONAL) STOCK BROKERS LTD.,INZ000179035,06432,65,https://enit.nseindia.com/MemDirWeb/brokerDetailPage_Beta?memID=65&h_MemType=members&memName=DB%20%28INTERNATIONAL%29%20STOCK%20BROKERS%20LTD.
422,DBS CAPITAL MARKETS PVT. LTD.,INB230647738/INF230647738,06477,66,https://enit.nseindia.com/MemDirWeb/brokerDetailPage_Beta?memID=66&h_MemType=members&memName=DBS%20CAPITAL%20MARKETS%20PVT.%20LTD.
423,AJCON GLOBAL SERVICES LIMITED,INZ000173933,06376,310,https://enit.nseindia.com/MemDirWeb/brokerDetailPage_Beta?memID=310&h_MemType=members&memName=AJCON%20GLOBAL%20SERVICES%20LIMITED
424,JM FINANCIAL INSTITUTIONAL SECURITIES LIMITED,INZ000163434,12966,317,https://enit.nseindia.com/MemDirWeb/brokerDetailPage_Beta?memID=317&h_MemType=members&memName=JM%20FINANCIAL%20INSTITUTIONAL%20SECURITIES%20LIMITED
425,INDIA ADVANTAGE SECURITIES PRIVATE LIMITED,INZ000005736,12280,156,https://enit.nseindia.com/MemDirWeb/brokerDetailPage_Beta?memID=156&h_MemType=members&memName=INDIA%20ADVANTAGE%20SECURITIES%20PRIVATE%20LIMITED
426,MEHTA SECURITIES LTD.,INZ000212535,06759,157,https://enit.nseindia.com/MemDirWeb/brokerDetailPage_Beta?memID=157&h_MemType=members&memName=MEHTA%20SECURITIES%20LTD.
427,RASHI EQUISEARCH PRIVATE LIMITED,INZ000276636,00087,178,https://enit.nseindia.com/MemDirWeb/brokerDetailPage_Beta?memID=178&h_MemType=members&memName=RASHI%20EQUISEARCH%20PRIVATE%20LIMITED
428,OMPRAKASH CHATURVEDI,INB230678719,06787,199,https://enit.nseindia.com/MemDirWeb/brokerDetailPage_Beta?memID=199&h_MemType=members&memName=OMPRAKASH%20CHATURVEDI
429,KHANDWALA SECURITIES LTD.,INZ000176837,06000,363,https://enit.nseindia.com/MemDirWeb/brokerDetailPage_Beta?memID=363&h_MemType=members&memName=KHANDWALA%20SECURITIES%20LTD.
430,KJMC CAPITAL MARKET SERVICES LIMITED,INZ000221631,07199,364,https://enit.nseindia.com/MemDirWeb/brokerDetailPage_Beta?memID=364&h_MemType=members&memName=KJMC%20CAPITAL%20MARKET%20SERVICES%20LIMITED
431,SHRIYAM BROKING INTERMEDIARY LTD.,INZ000274033,06640,402,https://enit.nseindia.com/MemDirWeb/brokerDetailPage_Beta?memID=402&h_MemType=members&memName=SHRIYAM%20BROKING%20INTERMEDIARY%20LTD.
432,A . G. SHARES & SECURITIES LTD.,INZ000169733,08257,622,https://enit.nseindia.com/MemDirWeb/brokerDetailPage_Beta?memID=622&h_MemType=members&memName=A%20.%20G.%20SHARES%20%26%20SECURITIES%20LTD.
433,SHARAD AGARWAL BROKING SERVICES PRIVATE LIMITED,INZ000265636,09111,584,https://enit.nseindia.com/MemDirWeb/brokerDetailPage_Beta?memID=584&h_MemType=members&memName=SHARAD%20AGARWAL%20BROKING%20SERVICES%20PRIVATE%20LIMITED
434,VARDHAMAN CAPITAL PVT. LTD,INZ000204533,07528,604,https://enit.nseindia.com/MemDirWeb/brokerDetailPage_Beta?memID=604&h_MemType=members&memName=VARDHAMAN%20CAPITAL%20PVT.%20LTD
435,KUMAR V JAHGIRDAR,INB230174615/INF230174615,01746,485,https://enit.nseindia.com/MemDirWeb/brokerDetailPage_Beta?memID=485&h_MemType=members&memName=KUMAR%20V%20JAHGIRDAR
436,JOINDRE CAPITAL SERVICES LTD,INZ000174034,07667,505,https://enit.nseindia.com/MemDirWeb/brokerDetailPage_Beta?memID=505&h_MemType=members&memName=JOINDRE%20CAPITAL%20SERVICES%20LTD
437,KRISHA INCAP SERVICES PVT.LTD.,INZ000014530,08235,507,https://enit.nseindia.com/MemDirWeb/brokerDetailPage_Beta?memID=507&h_MemType=members&memName=KRISHA%20INCAP%20SERVICES%20PVT.LTD.
438,QUANTUM GLOBAL SECURITIES LIMITED,INZ000214334,08256,782,https://enit.nseindia.com/MemDirWeb/brokerDetailPage_Beta?memID=782&h_MemType=members&memName=QUANTUM%20GLOBAL%20SECURITIES%20LIMITED
439,QUANTUM SECURITIES PVT. LTD.,INZ000229132,05824,783,https://enit.nseindia.com/MemDirWeb/brokerDetailPage_Beta?memID=783&h_MemType=members&memName=QUANTUM%20SECURITIES%20PVT.%20LTD.
440,RAJSONS SECURITIES LTD.,INZ000217932,08118,791,https://enit.nseindia.com/MemDirWeb/brokerDetailPage_Beta?memID=791&h_MemType=members&memName=RAJSONS%20SECURITIES%20LTD.
441,ASIATIC STOCK & SECURITIES LTD.,INZ000166538,07845,644,https://enit.nseindia.com/MemDirWeb/brokerDetailPage_Beta?memID=644&h_MemType=members&memName=ASIATIC%20STOCK%20%26%20SECURITIES%20LTD.
442,ELITE WEALTH LIMITED,INZ000186539,08051,677,https://enit.nseindia.com/MemDirWeb/brokerDetailPage_Beta?memID=677&h_MemType=members&memName=ELITE%20WEALTH%20LIMITED
443,EXPONENTIAL FINANCIAL SERVICES PRIVATE LIMITED,INB230853536/INF230853536/INE230853536,08535,680,https://enit.nseindia.com/MemDirWeb/brokerDetailPage_Beta?memID=680&h_MemType=members&memName=EXPONENTIAL%20FINANCIAL%20SERVICES%20PRIVATE%20LIMITED
444,GURUSTOX LIMITED,INZ000255037,08052,697,https://enit.nseindia.com/MemDirWeb/brokerDetailPage_Beta?memID=697&h_MemType=members&memName=GURUSTOX%20LIMITED
445,JAYPEE CAPITAL LIMITED,INZ000179731,08139,716,https://enit.nseindia.com/MemDirWeb/brokerDetailPage_Beta?memID=716&h_MemType=members&memName=JAYPEE%20CAPITAL%20LIMITED
446,TRUSTLINE SECURITIES LIMITED,INZ000211534,07536,719,https://enit.nseindia.com/MemDirWeb/brokerDetailPage_Beta?memID=719&h_MemType=members&memName=TRUSTLINE%20SECURITIES%20LIMITED
447,MODEX INTERNATIONAL SECURITIES LTD.,INZ000211434,08775,748,https://enit.nseindia.com/MemDirWeb/brokerDetailPage_Beta?memID=748&h_MemType=members&memName=MODEX%20INTERNATIONAL%20SECURITIES%20LTD.
448,MLB CAPITAL PRIVATE LIMITED,INZ000280737,14451,761,https://enit.nseindia.com/MemDirWeb/brokerDetailPage_Beta?memID=761&h_MemType=members&memName=MLB%20CAPITAL%20PRIVATE%20LIMITED
449,PACE STOCK BROKING SERVICES PRIVATE LIMITED,INZ000180832,11378,764,https://enit.nseindia.com/MemDirWeb/brokerDetailPage_Beta?memID=764&h_MemType=members&memName=PACE%20STOCK%20BROKING%20SERVICES%20PRIVATE%20LIMITED
450,KAYNET FINANCE LIMITED,INB231276339/INF231276339/INE231276339,12763,954,https://enit.nseindia.com/MemDirWeb/brokerDetailPage_Beta?memID=954&h_MemType=members&memName=KAYNET%20FINANCE%20LIMITED
451,MIDAS GLOBAL SECURITIES LTD.,INZ000290531,08382,802,https://enit.nseindia.com/MemDirWeb/brokerDetailPage_Beta?memID=802&h_MemType=members&memName=MIDAS%20GLOBAL%20SECURITIES%20LTD.
452,SS CORPORATE SECURITIES LIMITED,INZ000219533,07538,805,https://enit.nseindia.com/MemDirWeb/brokerDetailPage_Beta?memID=805&h_MemType=members&memName=SS%20CORPORATE%20SECURITIES%20LIMITED
453,SKI CAPITAL SERVICES LTD.,INZ000188835,08153,819,https://enit.nseindia.com/MemDirWeb/brokerDetailPage_Beta?memID=819&h_MemType=members&memName=SKI%20CAPITAL%20SERVICES%20LTD.
454,VOGUE COMMERCIAL COMPANY LIMITED,INZ000277536,08820,848,https://enit.nseindia.com/MemDirWeb/brokerDetailPage_Beta?memID=848&h_MemType=members&memName=VOGUE%20COMMERCIAL%20COMPANY%20LIMITED
455,ZEN SECURITIES LTD.,INZ000195436,06849,880,https://enit.nseindia.com/MemDirWeb/brokerDetailPage_Beta?memID=880&h_MemType=members&memName=ZEN%20SECURITIES%20LTD.
456,ARIHANT CAPITAL MARKETS LIMITED,INZ000180939,07839,881,https://enit.nseindia.com/MemDirWeb/brokerDetailPage_Beta?memID=881&h_MemType=members&memName=ARIHANT%20CAPITAL%20MARKETS%20LIMITED
457,HDFC BANK LTD.,INB231133531/INF231133531/INE231307831,11335,1670,https://enit.nseindia.com/MemDirWeb/brokerDetailPage_Beta?memID=1670&h_MemType=members&memName=HDFC%20BANK%20LTD.
458,HRIM FINANCE AND SECURITIES PRIVATE LIMITED,INB231111635/INF231111635/INE231111635,11116,1678,https://enit.nseindia.com/MemDirWeb/brokerDetailPage_Beta?memID=1678&h_MemType=members&memName=HRIM%20FINANCE%20AND%20SECURITIES%20PRIVATE%20LIMITED
459,OMKAM CAPITAL MARKETS PRIVATE LIMITED,INB230907934/INF230907934/INE230907934,09079,1048,https://enit.nseindia.com/MemDirWeb/brokerDetailPage_Beta?memID=1048&h_MemType=members&memName=OMKAM%20CAPITAL%20MARKETS%20PRIVATE%20LIMITED
460,ALACRITY SECURITIES LTD.,INZ000215936,09098,1086,https://enit.nseindia.com/MemDirWeb/brokerDetailPage_Beta?memID=1086&h_MemType=members&memName=ALACRITY%20SECURITIES%20LTD.
461,KEYNOTE CAPITALS LTD.,INZ000241530,09305,1137,https://enit.nseindia.com/MemDirWeb/brokerDetailPage_Beta?memID=1137&h_MemType=members&memName=KEYNOTE%20CAPITALS%20LTD.
462,LSC SECURITIES LIMITED,INZ000081836,10870,1473,https://enit.nseindia.com/MemDirWeb/brokerDetailPage_Beta?memID=1473&h_MemType=members&memName=LSC%20SECURITIES%20LIMITED
463,SURESH RATHI SECURITIES PRIVATE LIMITED,INZ000165734,09763,1657,https://enit.nseindia.com/MemDirWeb/brokerDetailPage_Beta?memID=1657&h_MemType=members&memName=SURESH%20RATHI%20SECURITIES%20PRIVATE%20LIMITED
464,PRAGYA SECURITIES PRIVATE LIMITED,INZ000172539,08961,1659,https://enit.nseindia.com/MemDirWeb/brokerDetailPage_Beta?memID=1659&h_MemType=members&memName=PRAGYA%20SECURITIES%20PRIVATE%20LIMITED
465,HSB SECURITIES & EQUITIES LIMITED,INZ000179235,11030,1661,https://enit.nseindia.com/MemDirWeb/brokerDetailPage_Beta?memID=1661&h_MemType=members&memName=HSB%20SECURITIES%20%26%20EQUITIES%20LIMITED
466,NORTHEAST BROKING SERVICES LTD.,INZ000164233,09701,1761,https://enit.nseindia.com/MemDirWeb/brokerDetailPage_Beta?memID=1761&h_MemType=members&memName=NORTHEAST%20BROKING%20SERVICES%20LTD.
467,SRI SHIRDI SECURITIES PRIVATE LIMITED,INZ000165032,11499,1771,https://enit.nseindia.com/MemDirWeb/brokerDetailPage_Beta?memID=1771&h_MemType=members&memName=SRI%20SHIRDI%20SECURITIES%20PRIVATE%20LIMITED
468,PANKAJ MANGALDAS SECURITIES PVT. LTD.,INZ000206433,10445,1877,https://enit.nseindia.com/MemDirWeb/brokerDetailPage_Beta?memID=1877&h_MemType=members&memName=PANKAJ%20MANGALDAS%20SECURITIES%20PVT.%20LTD.
469,EASTERN FINANCIERS LTD,INZ000193733,11993,1892,https://enit.nseindia.com/MemDirWeb/brokerDetailPage_Beta?memID=1892&h_MemType=members&memName=EASTERN%20FINANCIERS%20LTD
470,ACML CAPITAL MARKETS LIMITED,INZ000260134,11074,1859,https://enit.nseindia.com/MemDirWeb/brokerDetailPage_Beta?memID=1859&h_MemType=members&memName=ACML%20CAPITAL%20MARKETS%20LIMITED
471,MPC SECURITIES LTD.,INZ000276236,11178,1684,https://enit.nseindia.com/MemDirWeb/brokerDetailPage_Beta?memID=1684&h_MemType=members&memName=MPC%20SECURITIES%20LTD.
472,R.L.P. SECURITIES PVT. LTD.,INZ000166638,09611,1736,https://enit.nseindia.com/MemDirWeb/brokerDetailPage_Beta?memID=1736&h_MemType=members&memName=R.L.P.%20SECURITIES%20PVT.%20LTD.
473,BAKLIWAL FINANCIAL SERVICES (INDIA) PRIVATE LIMITED,INB231070336/INF231070336,10703,1740,https://enit.nseindia.com/MemDirWeb/brokerDetailPage_Beta?memID=1740&h_MemType=members&memName=BAKLIWAL%20FINANCIAL%20SERVICES%20%28INDIA%29%20PRIVATE%20LIMITED
474,CENTILLION CAPITAL PRIVATE LIMITED,INZ000168834,11456,1749,https://enit.nseindia.com/MemDirWeb/brokerDetailPage_Beta?memID=1749&h_MemType=members&memName=CENTILLION%20CAPITAL%20PRIVATE%20LIMITED
475,CITIGROUP GLOBAL MARKETS INDIA PVT. LTD.,INZ000263033,11413,1756,https://enit.nseindia.com/MemDirWeb/brokerDetailPage_Beta?memID=1756&h_MemType=members&memName=CITIGROUP%20GLOBAL%20MARKETS%20INDIA%20PVT.%20LTD.
476,PARAS SHARE BROKERS PVT. LTD,INZ000256532,12694,2012,https://enit.nseindia.com/MemDirWeb/brokerDetailPage_Beta?memID=2012&h_MemType=members&memName=PARAS%20SHARE%20BROKERS%20PVT.%20LTD
477,YASHWI SECURITIES (P) LIMITED,INZ000214935,12118,1912,https://enit.nseindia.com/MemDirWeb/brokerDetailPage_Beta?memID=1912&h_MemType=members&memName=YASHWI%20SECURITIES%20%28P%29%20LIMITED
478,RAJVI STOCK BROKING PRIVATE LIMITED,INZ000004333,12170,1923,https://enit.nseindia.com/MemDirWeb/brokerDetailPage_Beta?memID=1923&h_MemType=members&memName=RAJVI%20STOCK%20BROKING%20PRIVATE%20LIMITED
479,SPS SHARE BROKERS PVT. LTD.,INZ000206136,09799,1927,https://enit.nseindia.com/MemDirWeb/brokerDetailPage_Beta?memID=1927&h_MemType=members&memName=SPS%20SHARE%20BROKERS%20PVT.%20LTD.
480,KUNVARJI FINSTOCK PVT. LTD.,INZ000180436,10195,1944,https://enit.nseindia.com/MemDirWeb/brokerDetailPage_Beta?memID=1944&h_MemType=members&memName=KUNVARJI%20FINSTOCK%20PVT.%20LTD.
481,RELIANCE SECURITIES LIMITED,INZ000172433,12348,1973,https://enit.nseindia.com/MemDirWeb/brokerDetailPage_Beta?memID=1973&h_MemType=members&memName=RELIANCE%20SECURITIES%20LIMITED
482,VISUAL SECURITIES PVT. LTD.,INZ000283337,12415,1977,https://enit.nseindia.com/MemDirWeb/brokerDetailPage_Beta?memID=1977&h_MemType=members&memName=VISUAL%20SECURITIES%20PVT.%20LTD.
483,HERITAGE SECURITIES PRIVATE LIMITED,INB231340432/INF231340432/INE231340432,13404,2098,https://enit.nseindia.com/MemDirWeb/brokerDetailPage_Beta?memID=2098&h_MemType=members&memName=HERITAGE%20SECURITIES%20PRIVATE%20LIMITED
484,MALOO EQUITRADE,INZ000204036,12945,2151,https://enit.nseindia.com/MemDirWeb/brokerDetailPage_Beta?memID=2151&h_MemType=members&memName=MALOO%20EQUITRADE
485,SATYAM SECURITIES P LTD,INB231269631/INF231269631,12696,2017,https://enit.nseindia.com/MemDirWeb/brokerDetailPage_Beta?memID=2017&h_MemType=members&memName=SATYAM%20SECURITIES%20P%20LTD
486,FAIRWEALTH SECURITIES LIMITED,INZ000186238,12723,2019,https://enit.nseindia.com/MemDirWeb/brokerDetailPage_Beta?memID=2019&h_MemType=members&memName=FAIRWEALTH%20SECURITIES%20LIMITED
487,BAJAJ CAPITAL MARKETS LIMITED,INZ000236930,12693,2021,https://enit.nseindia.com/MemDirWeb/brokerDetailPage_Beta?memID=2021&h_MemType=members&memName=BAJAJ%20CAPITAL%20MARKETS%20LIMITED
488,PATANI SECURITIES PVT. LTD.,INZ000232233,09832,2042,https://enit.nseindia.com/MemDirWeb/brokerDetailPage_Beta?memID=2042&h_MemType=members&memName=PATANI%20SECURITIES%20PVT.%20LTD.
489,SONA GLOBAL LTD.,INB231281339/INF231281339,12813,2079,https://enit.nseindia.com/MemDirWeb/brokerDetailPage_Beta?memID=2079&h_MemType=members&memName=SONA%20GLOBAL%20LTD.
490,SAAR SECURITIES INDIA PRIVATE LIMITED,INZ000223939,12856,2083,https://enit.nseindia.com/MemDirWeb/brokerDetailPage_Beta?memID=2083&h_MemType=members&memName=SAAR%20SECURITIES%20INDIA%20PRIVATE%20LIMITED
491,BENISON STOCK BROKING PVT LTD,INZ000280338,13268,2304,https://enit.nseindia.com/MemDirWeb/brokerDetailPage_Beta?memID=2304&h_MemType=members&memName=BENISON%20STOCK%20BROKING%20PVT%20LTD
492,PROFICIENT EQUITIES PRIVATE LIMITED,INZ000218531,13475,2338,https://enit.nseindia.com/MemDirWeb/brokerDetailPage_Beta?memID=2338&h_MemType=members&memName=PROFICIENT%20EQUITIES%20PRIVATE%20LIMITED
493,RAGHUNANDAN CAPITAL PRIVATE LIMITED,INZ000307234,13176,2219,https://enit.nseindia.com/MemDirWeb/brokerDetailPage_Beta?memID=2219&h_MemType=members&memName=RAGHUNANDAN%20CAPITAL%20PRIVATE%20LIMITED
494,MK CHANDAN BROKING LIMITED,INZ000177733,13200,2266,https://enit.nseindia.com/MemDirWeb/brokerDetailPage_Beta?memID=2266&h_MemType=members&memName=MK%20CHANDAN%20BROKING%20LIMITED
495,ACHINTYA SECURITIES PRIVATE LIMITED,INZ000009837,13302,2284,https://enit.nseindia.com/MemDirWeb/brokerDetailPage_Beta?memID=2284&h_MemType=members&memName=ACHINTYA%20SECURITIES%20PRIVATE%20LIMITED
496,NNM SECURITIES PVT. LTD.,INZ000234235,10446,2293,https://enit.nseindia.com/MemDirWeb/brokerDetailPage_Beta?memID=2293&h_MemType=members&memName=NNM%20SECURITIES%20PVT.%20LTD.
497,ATS SHARE BROKERS PRIVATE LIMITED,INZ000205136,13840,2483,https://enit.nseindia.com/MemDirWeb/brokerDetailPage_Beta?memID=2483&h_MemType=members&memName=ATS%20SHARE%20BROKERS%20PRIVATE%20LIMITED
498,ARHAM SHARE PRIVATE LIMITED,INZ000175534,14275,2549,https://enit.nseindia.com/MemDirWeb/brokerDetailPage_Beta?memID=2549&h_MemType=members&memName=ARHAM%20SHARE%20PRIVATE%20LIMITED
499,SIMANDHAR BROKING LIMITED,INB231390437/INF231390437/INE231390437,13904,2512,https://enit.nseindia.com/MemDirWeb/brokerDetailPage_Beta?memID=2512&h_MemType=members&memName=SIMANDHAR%20BROKING%20LIMITED
500,QUANTART SECURITIES,INB231458614 /INE231458614,14586,2823,https://enit.nseindia.com/MemDirWeb/brokerDetailPage_Beta?memID=2823&h_MemType=members&memName=QUANTART%20SECURITIES
501,HAITONG SECURITIES INDIA PRIVATE LIMITED,INZ000026435,14518,2814,https://enit.nseindia.com/MemDirWeb/brokerDetailPage_Beta?memID=2814&h_MemType=members&memName=HAITONG%20SECURITIES%20INDIA%20PRIVATE%20LIMITED
502,JEFFERIES INDIA PRIVATE LIMITED,INZ000243033,14910,2766,https://enit.nseindia.com/MemDirWeb/brokerDetailPage_Beta?memID=2766&h_MemType=members&memName=JEFFERIES%20INDIA%20PRIVATE%20LIMITED
503,WEALTH DISCOVERY SECURITIES PVT. LTD.,INZ000199032,14357,2778,https://enit.nseindia.com/MemDirWeb/brokerDetailPage_Beta?memID=2778&h_MemType=members&memName=WEALTH%20DISCOVERY%20SECURITIES%20PVT.%20LTD.
504,CELEBRUS CAPITAL LIMITED,INZ000165237,14682,2837,https://enit.nseindia.com/MemDirWeb/brokerDetailPage_Beta?memID=2837&h_MemType=members&memName=CELEBRUS%20CAPITAL%20LIMITED
505,ALPHAGREP SECURITIES PRIVATE LIMITED,INZ000007930,90059,2931,https://enit.nseindia.com/MemDirWeb/brokerDetailPage_Beta?memID=2931&h_MemType=members&memName=ALPHAGREP%20SECURITIES%20PRIVATE%20LIMITED
506,SPACE ANG INDIA CORPORATION,INZ000000117,90036,2912,https://enit.nseindia.com/MemDirWeb/brokerDetailPage_Beta?memID=2912&h_MemType=members&memName=SPACE%20ANG%20INDIA%20CORPORATION
507,PERQ CAPITAL MARKETS PRIVATE LIMITED,INZ000325038,90429,3300,https://enit.nseindia.com/MemDirWeb/brokerDetailPage_Beta?memID=3300&h_MemType=members&memName=PERQ%20CAPITAL%20MARKETS%20PRIVATE%20LIMITED
508,SHRI VIJAYSHREE INVESTMENT SERVICES PRIVATE LIMITED,INZ000324038,90441,3310,https://enit.nseindia.com/MemDirWeb/brokerDetailPage_Beta?memID=3310&h_MemType=members&memName=SHRI%20VIJAYSHREE%20INVESTMENT%20SERVICES%20PRIVATE%20LIMITED
509,CHANDRAKALA BROKING SERVICES PRIVATE LIMITED,INZ000240039,90341,3213,https://enit.nseindia.com/MemDirWeb/brokerDetailPage_Beta?memID=3213&h_MemType=members&memName=CHANDRAKALA%20BROKING%20SERVICES%20PRIVATE%20LIMITED
510,MUNI BROKING HOUSE LIMITED,INZ000316338,90353,3224,https://enit.nseindia.com/MemDirWeb/brokerDetailPage_Beta?memID=3224&h_MemType=members&memName=MUNI%20BROKING%20HOUSE%20LIMITED
511,NARIMAN POINT FINANCE LIMITED,INZ000247133,10361,2488,https://enit.nseindia.com/MemDirWeb/brokerDetailPage_Beta?memID=2488&h_MemType=members&memName=NARIMAN%20POINT%20FINANCE%20LIMITED
512,VERSATILE STOCK BROKING LLP,INZ000306053,90266,3140,https://enit.nseindia.com/MemDirWeb/brokerDetailPage_Beta?memID=3140&h_MemType=members&memName=VERSATILE%20STOCK%20BROKING%20LLP
513,ULJK SECURITIES PRIVATE LIMITED,INZ000252037,90379,3251,https://enit.nseindia.com/MemDirWeb/brokerDetailPage_Beta?memID=3251&h_MemType=members&memName=ULJK%20SECURITIES%20PRIVATE%20LIMITED
514,GAINN FINTECH PRIVATE LIMITED,INZ000305534,90261,3137,https://enit.nseindia.com/MemDirWeb/brokerDetailPage_Beta?memID=3137&h_MemType=members&memName=GAINN%20FINTECH%20PRIVATE%20LIMITED
515,MALIK AND JAIN SECURITIES PVT LTD,INZ000318637,90415,3286,https://enit.nseindia.com/MemDirWeb/brokerDetailPage_Beta?memID=3286&h_MemType=members&memName=MALIK%20AND%20JAIN%20SECURITIES%20PVT%20LTD
516,ANANT SECURITIES,INZ000324821,90433,3303,https://enit.nseindia.com/MemDirWeb/brokerDetailPage_Beta?memID=3303&h_MemType=members&memName=ANANT%20SECURITIES
517,GIRDHAR SECURITIES,INZ000327425,90477,3343,https://enit.nseindia.com/MemDirWeb/brokerDetailPage_Beta?memID=3343&h_MemType=members&memName=GIRDHAR%20SECURITIES
518,SUNCITY SHARE BROKER PVT LTD,INZ000172332,90124,2999,https://enit.nseindia.com/MemDirWeb/brokerDetailPage_Beta?memID=2999&h_MemType=members&memName=SUNCITY%20SHARE%20BROKER%20PVT%20LTD
519,K2J STOCK BROKING SERVICES PRIVATE LIMITED,INZ000325733,90459,3326,https://enit.nseindia.com/MemDirWeb/brokerDetailPage_Beta?memID=3326&h_MemType=members&memName=K2J%20STOCK%20BROKING%20SERVICES%20PRIVATE%20LIMITED
520,KANCO STOCK & SECURITIES PRIVATE LIMITED,INZ000317930,90371,3244,https://enit.nseindia.com/MemDirWeb/brokerDetailPage_Beta?memID=3244&h_MemType=members&memName=KANCO%20STOCK%20%26%20SECURITIES%20PRIVATE%20LIMITED
521,JIO BLACKROCK BROKING PRIVATE LIMITED,INZ000327333,90452,3319,https://enit.nseindia.com/MemDirWeb/brokerDetailPage_Beta?memID=3319&h_MemType=members&memName=JIO%20BLACKROCK%20BROKING%20PRIVATE%20LIMITED
522,MATHISYS QUANTCAP LLP,INZ000176759,90137,3010,https://enit.nseindia.com/MemDirWeb/brokerDetailPage_Beta?memID=3010&h_MemType=members&memName=MATHISYS%20QUANTCAP%20LLP
523,THINCREDBLU SECURITIES PRIVATE LIMITED,INZ000191839,14614,2827,https://enit.nseindia.com/MemDirWeb/brokerDetailPage_Beta?memID=2827&h_MemType=members&memName=THINCREDBLU%20SECURITIES%20PRIVATE%20LIMITED
524,GOODWILL WEALTH MANAGEMENT PVT LTD,INZ000177036,90097,2976,https://enit.nseindia.com/MemDirWeb/brokerDetailPage_Beta?memID=2976&h_MemType=members&memName=GOODWILL%20WEALTH%20MANAGEMENT%20PVT%20LTD
525,SAMYAG BROKING PRIVATE LIMITED,INZ000181631,13993,2522,https://enit.nseindia.com/MemDirWeb/brokerDetailPage_Beta?memID=2522&h_MemType=members&memName=SAMYAG%20BROKING%20PRIVATE%20LIMITED
526,RS WEALTH MANAGEMENT P. LTD.,INZ000009936,90151,3028,https://enit.nseindia.com/MemDirWeb/brokerDetailPage_Beta?memID=3028&h_MemType=members&memName=RS%20WEALTH%20MANAGEMENT%20P.%20LTD.
527,EXATRADE TECHNOLOGIES,INZ000309029,90295,3162,https://enit.nseindia.com/MemDirWeb/brokerDetailPage_Beta?memID=3162&h_MemType=members&memName=EXATRADE%20TECHNOLOGIES
528,ARIHANT COMMO-DERIVATIVES PRIVATE LIMITED,INZ000303435,90351,3222,https://enit.nseindia.com/MemDirWeb/brokerDetailPage_Beta?memID=3222&h_MemType=members&memName=ARIHANT%20COMMO-DERIVATIVES%20PRIVATE%20LIMITED
529,TRANS SCAN SECURITIES PVT. LTD.,INZ000266638,07831,598,https://enit.nseindia.com/MemDirWeb/brokerDetailPage_Beta?memID=598&h_MemType=members&memName=TRANS%20SCAN%20SECURITIES%20PVT.%20LTD.
530,SRI SAIRAM GLOBAL SECURITIES LTD,INB230752136/INF230752136,07521,488,https://enit.nseindia.com/MemDirWeb/brokerDetailPage_Beta?memID=488&h_MemType=members&memName=SRI%20SAIRAM%20GLOBAL%20SECURITIES%20LTD
531,GLOBAL VISION SECURITIES PRIVATE LIMITED,INZ000204136,07697,546,https://enit.nseindia.com/MemDirWeb/brokerDetailPage_Beta?memID=546&h_MemType=members&memName=GLOBAL%20VISION%20SECURITIES%20PRIVATE%20LIMITED
532,AKI FINANCE & SECURITIES (P) LTD,INB230855437/INF230855437,08554,631,https://enit.nseindia.com/MemDirWeb/brokerDetailPage_Beta?memID=631&h_MemType=members&memName=AKI%20FINANCE%20%26%20SECURITIES%20%28P%29%20LTD
533,ALLIED FINANCIAL SERVICES PVT LTD,INZ000164832,14331,634,https://enit.nseindia.com/MemDirWeb/brokerDetailPage_Beta?memID=634&h_MemType=members&memName=ALLIED%20FINANCIAL%20SERVICES%20PVT%20LTD
534,GANGOUR INVESTMENTS LTD.,INZ000253432,08141,688,https://enit.nseindia.com/MemDirWeb/brokerDetailPage_Beta?memID=688&h_MemType=members&memName=GANGOUR%20INVESTMENTS%20LTD.
535,INTEGRA SECURITIES PRIVATE LIMITED,INZ000292233,08746,707,https://enit.nseindia.com/MemDirWeb/brokerDetailPage_Beta?memID=707&h_MemType=members&memName=INTEGRA%20SECURITIES%20PRIVATE%20LIMITED
536,JYOTI BROKING PRIVATE LIMITED,INZ000017939,07827,718,https://enit.nseindia.com/MemDirWeb/brokerDetailPage_Beta?memID=718&h_MemType=members&memName=JYOTI%20BROKING%20PRIVATE%20LIMITED
537,K K SECURITIES LTD.,INZ000155732,07700,720,https://enit.nseindia.com/MemDirWeb/brokerDetailPage_Beta?memID=720&h_MemType=members&memName=K%20K%20SECURITIES%20LTD.
538,TRADENEXT SECURITIES LTD,INZ000009530,14940,732,https://enit.nseindia.com/MemDirWeb/brokerDetailPage_Beta?memID=732&h_MemType=members&memName=TRADENEXT%20SECURITIES%20LTD
539,NARIMAN FINVEST PRIVATE LIMITED,INZ000229936,08854,988,https://enit.nseindia.com/MemDirWeb/brokerDetailPage_Beta?memID=988&h_MemType=members&memName=NARIMAN%20FINVEST%20PRIVATE%20LIMITED
540,VINOD AGARWAL & CO. PVT. LTD.,INZ000288135,08234,845,https://enit.nseindia.com/MemDirWeb/brokerDetailPage_Beta?memID=845&h_MemType=members&memName=VINOD%20AGARWAL%20%26%20CO.%20PVT.%20LTD.
541,KARVY STOCK BROKING LTD.,INZ000172733,07701,860,https://enit.nseindia.com/MemDirWeb/brokerDetailPage_Beta?memID=860&h_MemType=members&memName=KARVY%20STOCK%20BROKING%20LTD.
542,SANCHAY FINVEST LTD.,INZ000289036,11679,882,https://enit.nseindia.com/MemDirWeb/brokerDetailPage_Beta?memID=882&h_MemType=members&memName=SANCHAY%20FINVEST%20LTD.
543,INVENTURE GROWTH & SECURITIES LIMITED,INZ000221934,09017,1675,https://enit.nseindia.com/MemDirWeb/brokerDetailPage_Beta?memID=1675&h_MemType=members&memName=INVENTURE%20GROWTH%20%26%20SECURITIES%20LIMITED
544,M ASHOK MOOTHA,INB230138915,01389,994,https://enit.nseindia.com/MemDirWeb/brokerDetailPage_Beta?memID=994&h_MemType=members&memName=M%20ASHOK%20MOOTHA
545,SUVRIDHI CAPITAL MARKETS PRIVATE LIMITED,INZ000025437,09067,1011,https://enit.nseindia.com/MemDirWeb/brokerDetailPage_Beta?memID=1011&h_MemType=members&memName=SUVRIDHI%20CAPITAL%20MARKETS%20PRIVATE%20LIMITED
546,BHARATHI SHARE BROKING PRIVATE LIMITED,INZ000282730,13220,1125,https://enit.nseindia.com/MemDirWeb/brokerDetailPage_Beta?memID=1125&h_MemType=members&memName=BHARATHI%20SHARE%20BROKING%20PRIVATE%20LIMITED
547,NARAYAN SECURITIES LIMITED,INZ000176139,09354,1165,https://enit.nseindia.com/MemDirWeb/brokerDetailPage_Beta?memID=1165&h_MemType=members&memName=NARAYAN%20SECURITIES%20LIMITED
548,IIFL CAPITAL SERVICES LIMITED,INZ000164132,10975,1493,https://enit.nseindia.com/MemDirWeb/brokerDetailPage_Beta?memID=1493&h_MemType=members&memName=IIFL%20CAPITAL%20SERVICES%20LIMITED
549,COCHIN STOCK BROKERS LTD.,INZ000195533,10769,1777,https://enit.nseindia.com/MemDirWeb/brokerDetailPage_Beta?memID=1777&h_MemType=members&memName=COCHIN%20STOCK%20BROKERS%20LTD.
550,GANESHAM SECURITIES PRIVATE LIMITED,INZ000231835,12011,1881,https://enit.nseindia.com/MemDirWeb/brokerDetailPage_Beta?memID=1881&h_MemType=members&memName=GANESHAM%20SECURITIES%20PRIVATE%20LIMITED
551,ASHIKA STOCK SERVICES LIMITED,INZ000169130,08334,1701,https://enit.nseindia.com/MemDirWeb/brokerDetailPage_Beta?memID=1701&h_MemType=members&memName=ASHIKA%20STOCK%20SERVICES%20LIMITED
552,MILLENNIUM STOCK BROKING PVT. LTD.,INZ000182435,11298,1723,https://enit.nseindia.com/MemDirWeb/brokerDetailPage_Beta?memID=1723&h_MemType=members&memName=MILLENNIUM%20STOCK%20BROKING%20PVT.%20LTD.
553,VAG HOLDINGS PVT. LTD.,INB231112831/INF231112831/INE231112831,11128,2010,https://enit.nseindia.com/MemDirWeb/brokerDetailPage_Beta?memID=2010&h_MemType=members&memName=VAG%20HOLDINGS%20PVT.%20LTD.
554,THIRANI SECURITIES PVT LTD,INZ000185936,12045,1896,https://enit.nseindia.com/MemDirWeb/brokerDetailPage_Beta?memID=1896&h_MemType=members&memName=THIRANI%20SECURITIES%20PVT%20LTD
555,KHAJANCHI & GANDHI STOCK BROKING PRIVATE LIMITED,INZ000275738,12107,1901,https://enit.nseindia.com/MemDirWeb/brokerDetailPage_Beta?memID=1901&h_MemType=members&memName=KHAJANCHI%20%26%20GANDHI%20STOCK%20BROKING%20PRIVATE%20LIMITED
556,AMBIT SECURITIES BROKING PVT. LTD.,INZ000255231,12173,1934,https://enit.nseindia.com/MemDirWeb/brokerDetailPage_Beta?memID=1934&h_MemType=members&memName=AMBIT%20SECURITIES%20BROKING%20PVT.%20LTD.
557,K M JAIN STOCK BROKERS PRIVATE LIMITED,INZ000223637,09902,1949,https://enit.nseindia.com/MemDirWeb/brokerDetailPage_Beta?memID=1949&h_MemType=members&memName=K%20M%20JAIN%20STOCK%20BROKERS%20PRIVATE%20LIMITED
558,SPAN CAPLEASE PVT. LTD.,INZ000183933,10419,1959,https://enit.nseindia.com/MemDirWeb/brokerDetailPage_Beta?memID=1959&h_MemType=members&memName=SPAN%20CAPLEASE%20PVT.%20LTD.
559,MUDRA OM SECURITIES (PVT) LTD.,INZ000208738,12143,1966,https://enit.nseindia.com/MemDirWeb/brokerDetailPage_Beta?memID=1966&h_MemType=members&memName=MUDRA%20OM%20SECURITIES%20%28PVT%29%20LTD.
560,FINQUEST SECURITIES PVT. LTD.,INZ000268435,12365,1968,https://enit.nseindia.com/MemDirWeb/brokerDetailPage_Beta?memID=1968&h_MemType=members&memName=FINQUEST%20SECURITIES%20PVT.%20LTD.
561,SANKALP SHARE BROKERS PRIVATE LIMITED,INZ000285732,12501,1980,https://enit.nseindia.com/MemDirWeb/brokerDetailPage_Beta?memID=1980&h_MemType=members&memName=SANKALP%20SHARE%20BROKERS%20PRIVATE%20LIMITED
562,JRK STOCK BROKING PRIVATE LIMITED,INZ000194836,12932,2142,https://enit.nseindia.com/MemDirWeb/brokerDetailPage_Beta?memID=2142&h_MemType=members&memName=JRK%20STOCK%20BROKING%20PRIVATE%20LIMITED
563,NAVJEEVAN EQUITY BROKING PRIVATE LIMITED,INZ000192035,14609,2041,https://enit.nseindia.com/MemDirWeb/brokerDetailPage_Beta?memID=2041&h_MemType=members&memName=NAVJEEVAN%20EQUITY%20BROKING%20PRIVATE%20LIMITED
564,D R SHARE & STOCK BROKERS PVT. LTD.,INZ000216132,12767,2061,https://enit.nseindia.com/MemDirWeb/brokerDetailPage_Beta?memID=2061&h_MemType=members&memName=D%20R%20SHARE%20%26%20STOCK%20BROKERS%20PVT.%20LTD.
565,ALLEGRO CAPITAL ADVISORS PRIVATE LIMITED,INZ000255731,12997,2165,https://enit.nseindia.com/MemDirWeb/brokerDetailPage_Beta?memID=2165&h_MemType=members&memName=ALLEGRO%20CAPITAL%20ADVISORS%20PRIVATE%20LIMITED
566,RAJENDRA MODI SHARE BROKERS PVT LTD,INZ000199631,13028,2175,https://enit.nseindia.com/MemDirWeb/brokerDetailPage_Beta?memID=2175&h_MemType=members&memName=RAJENDRA%20MODI%20SHARE%20BROKERS%20PVT%20LTD
567,GYANDEEP STOCKS PRIVATE LIMITED,INZ000001230,13016,2193,https://enit.nseindia.com/MemDirWeb/brokerDetailPage_Beta?memID=2193&h_MemType=members&memName=GYANDEEP%20STOCKS%20PRIVATE%20LIMITED
568,TRADEHIFI STOCK BROKING PRIVATE LIMITED,INZ000208339,13092,2238,https://enit.nseindia.com/MemDirWeb/brokerDetailPage_Beta?memID=2238&h_MemType=members&memName=TRADEHIFI%20STOCK%20BROKING%20PRIVATE%20LIMITED
569,RADHARAMANA HOLDING PRIVATE LIMITED,INB231304131/INF231304131,13041,2245,https://enit.nseindia.com/MemDirWeb/brokerDetailPage_Beta?memID=2245&h_MemType=members&memName=RADHARAMANA%20HOLDING%20PRIVATE%20LIMITED
570,ORION STOCKS LIMITED,INZ000276939,13609,2287,https://enit.nseindia.com/MemDirWeb/brokerDetailPage_Beta?memID=2287&h_MemType=members&memName=ORION%20STOCKS%20LIMITED
571,MULTIGAIN SECURITIES SERVICES PVT. LTD.,INZ000192837,13766,2461,https://enit.nseindia.com/MemDirWeb/brokerDetailPage_Beta?memID=2461&h_MemType=members&memName=MULTIGAIN%20SECURITIES%20SERVICES%20PVT.%20LTD.
572,DHWAJA SHARES & SECURITIES PRIVATE LIMITED,INZ000219637,13729,2490,https://enit.nseindia.com/MemDirWeb/brokerDetailPage_Beta?memID=2490&h_MemType=members&memName=DHWAJA%20SHARES%20%26%20SECURITIES%20PRIVATE%20LIMITED
573,MAYUR SHARE BROKING PVT. LTD.,INB231379133/INF231379133/INE231379133,13791,2495,https://enit.nseindia.com/MemDirWeb/brokerDetailPage_Beta?memID=2495&h_MemType=members&memName=MAYUR%20SHARE%20BROKING%20PVT.%20LTD.
574,BABA BHOOTHNATH TRADE AND COMMERCE LIMITED,INZ000219037,14117,2504,https://enit.nseindia.com/MemDirWeb/brokerDetailPage_Beta?memID=2504&h_MemType=members&memName=BABA%20BHOOTHNATH%20TRADE%20AND%20COMMERCE%20LIMITED
575,MAUZAMPURIA SECURITIES,INZ000272623,14146,2533,https://enit.nseindia.com/MemDirWeb/brokerDetailPage_Beta?memID=2533&h_MemType=members&memName=MAUZAMPURIA%20SECURITIES
576,NINE STAR BROKING PRIVATE LIMITED,INZ000297230,14128,2537,https://enit.nseindia.com/MemDirWeb/brokerDetailPage_Beta?memID=2537&h_MemType=members&memName=NINE%20STAR%20BROKING%20PRIVATE%20LIMITED
577,GANPATI FINSEC PVT. LTD.,INZ000304538,13456,2400,https://enit.nseindia.com/MemDirWeb/brokerDetailPage_Beta?memID=2400&h_MemType=members&memName=GANPATI%20FINSEC%20PVT.%20LTD.
578,RAGHUKUL SHARES INDIA PRIVATE LIMITED,INZ000184236,13477,2408,https://enit.nseindia.com/MemDirWeb/brokerDetailPage_Beta?memID=2408&h_MemType=members&memName=RAGHUKUL%20SHARES%20INDIA%20PRIVATE%20LIMITED
579,INNOVATIVE CONSULTANTS,INZ000293911,13493,2409,https://enit.nseindia.com/MemDirWeb/brokerDetailPage_Beta?memID=2409&h_MemType=members&memName=INNOVATIVE%20CONSULTANTS
580,FINVASIA SECURITIES PRIVATE LIMITED,INZ000176037,14846,2854,https://enit.nseindia.com/MemDirWeb/brokerDetailPage_Beta?memID=2854&h_MemType=members&memName=FINVASIA%20SECURITIES%20PRIVATE%20LIMITED
581,MACONOCHIE & CO.,INZ000206024,04532,2562,https://enit.nseindia.com/MemDirWeb/brokerDetailPage_Beta?memID=2562&h_MemType=members&memName=MACONOCHIE%20%26%20CO.
582,MAX PLANWEALTH SECURITIES LIMITED,INB231439135/INF231439135/INE231439135,14391,2777,https://enit.nseindia.com/MemDirWeb/brokerDetailPage_Beta?memID=2777&h_MemType=members&memName=MAX%20PLANWEALTH%20SECURITIES%20LIMITED
583,FORTUNE CAPITAL SERVICES PRIVATE LIMITED,INZ000201438,14572,2821,https://enit.nseindia.com/MemDirWeb/brokerDetailPage_Beta?memID=2821&h_MemType=members&memName=FORTUNE%20CAPITAL%20SERVICES%20PRIVATE%20LIMITED
584,TRADEJINI FINANCIAL SERVICES PVT LTD,INZ000160938,14655,2836,https://enit.nseindia.com/MemDirWeb/brokerDetailPage_Beta?memID=2836&h_MemType=members&memName=TRADEJINI%20FINANCIAL%20SERVICES%20PVT%20LTD
585,123 CAPITALS,INZ000209921,90001,2874,https://enit.nseindia.com/MemDirWeb/brokerDetailPage_Beta?memID=2874&h_MemType=members&memName=123%20CAPITALS
586,ARHAM WEALTH MANAGEMENT PVT LTD,INZ000189034,90030,2906,https://enit.nseindia.com/MemDirWeb/brokerDetailPage_Beta?memID=2906&h_MemType=members&memName=ARHAM%20WEALTH%20MANAGEMENT%20PVT%20LTD
587,STOCKPLUS FINANCIAL SERVICES,INZ000227218,90045,2923,https://enit.nseindia.com/MemDirWeb/brokerDetailPage_Beta?memID=2923&h_MemType=members&memName=STOCKPLUS%20FINANCIAL%20SERVICES
588,GRAVITON RESEARCH CAPITAL LLP,INZ000002261,90041,2918,https://enit.nseindia.com/MemDirWeb/brokerDetailPage_Beta?memID=2918&h_MemType=members&memName=GRAVITON%20RESEARCH%20CAPITAL%20LLP
589,JULIUS BAER WEALTH ADVISORS (INDIA) PRIVATE LIMITED,INZ000008631,90034,2908,https://enit.nseindia.com/MemDirWeb/brokerDetailPage_Beta?memID=2908&h_MemType=members&memName=JULIUS%20BAER%20WEALTH%20ADVISORS%20%28INDIA%29%20PRIVATE%20LIMITED
590,GROVALUE SECURITIES PVT LTD,INZ000000430,90038,2911,https://enit.nseindia.com/MemDirWeb/brokerDetailPage_Beta?memID=2911&h_MemType=members&memName=GROVALUE%20SECURITIES%20PVT%20LTD
591,HERMOINE SECURITIES PVT LTD,INZ000010835,90067,2930,https://enit.nseindia.com/MemDirWeb/brokerDetailPage_Beta?memID=2930&h_MemType=members&memName=HERMOINE%20SECURITIES%20PVT%20LTD
592,360 ONE DISTRIBUTION SERVICES LIMITED,INZ000296339,90070,2940,https://enit.nseindia.com/MemDirWeb/brokerDetailPage_Beta?memID=2940&h_MemType=members&memName=360%20ONE%20DISTRIBUTION%20SERVICES%20LIMITED
593,MOAT FINANCIAL SERVICES PVT LTD,INZ000014431,90086,2964,https://enit.nseindia.com/MemDirWeb/brokerDetailPage_Beta?memID=2964&h_MemType=members&memName=MOAT%20FINANCIAL%20SERVICES%20PVT%20LTD
594,M. PRASAD & CO LIMITED,INZ000232436,90091,2967,https://enit.nseindia.com/MemDirWeb/brokerDetailPage_Beta?memID=2967&h_MemType=members&memName=M.%20PRASAD%20%26%20CO%20LIMITED
595,AIKYAM CAPITAL PRIVATE LIMITED,INZ000321232,90419,3290,https://enit.nseindia.com/MemDirWeb/brokerDetailPage_Beta?memID=3290&h_MemType=members&memName=AIKYAM%20CAPITAL%20PRIVATE%20LIMITED
596,JEVIN STOCK BROKER PRIVATE LIMITED,INZ000317139,90372,3245,https://enit.nseindia.com/MemDirWeb/brokerDetailPage_Beta?memID=3245&h_MemType=members&memName=JEVIN%20STOCK%20BROKER%20PRIVATE%20LIMITED
597,EQVILENT INDIA SECURITIES PRIVATE LIMITED,INZ000327636,90451,3318,https://enit.nseindia.com/MemDirWeb/brokerDetailPage_Beta?memID=3318&h_MemType=members&memName=EQVILENT%20INDIA%20SECURITIES%20PRIVATE%20LIMITED
598,9 CAPITAL CONSULTANTS LLP,INZ000308458,90281,3151,https://enit.nseindia.com/MemDirWeb/brokerDetailPage_Beta?memID=3151&h_MemType=members&memName=9%20CAPITAL%20CONSULTANTS%20LLP
599,MI STOCK BROKING PRIVATE LIMITED,INZ000263437,14062,2534,https://enit.nseindia.com/MemDirWeb/brokerDetailPage_Beta?memID=2534&h_MemType=members&memName=MI%20STOCK%20BROKING%20PRIVATE%20LIMITED
600,RUDRA SHARES & STOCK BROKERS LIMITED,INZ000004937,13336,2365,https://enit.nseindia.com/MemDirWeb/brokerDetailPage_Beta?memID=2365&h_MemType=members&memName=RUDRA%20SHARES%20%26%20STOCK%20BROKERS%20LIMITED
601,TRADEBOOK CONSULTANCY SERVICES PRIVATE LIMITED,INZ000328638,90468,3334,https://enit.nseindia.com/MemDirWeb/brokerDetailPage_Beta?memID=3334&h_MemType=members&memName=TRADEBOOK%20CONSULTANCY%20SERVICES%20PRIVATE%20LIMITED
602,NAASAA SECURITIES LLP,INZ000306350,90258,3134,https://enit.nseindia.com/MemDirWeb/brokerDetailPage_Beta?memID=3134&h_MemType=members&memName=NAASAA%20SECURITIES%20LLP
603,WEBULL EQUITY BROKING PRIVATE LIMITED,INZ000307935,90289,3157,https://enit.nseindia.com/MemDirWeb/brokerDetailPage_Beta?memID=3157&h_MemType=members&memName=WEBULL%20EQUITY%20BROKING%20PRIVATE%20LIMITED
604,AVENDUS WEALTH MANAGEMENT PRIVATE LIMITED,INZ000322337,90427,3298,https://enit.nseindia.com/MemDirWeb/brokerDetailPage_Beta?memID=3298&h_MemType=members&memName=AVENDUS%20WEALTH%20MANAGEMENT%20PRIVATE%20LIMITED
605,ISK EQUITIES PRIVATE LIMITED,INZ000324434,90425,3296,https://enit.nseindia.com/MemDirWeb/brokerDetailPage_Beta?memID=3296&h_MemType=members&memName=ISK%20EQUITIES%20PRIVATE%20LIMITED
606,BESSEGGEN INFOTECH LLP,INZ000213450,90155,3030,https://enit.nseindia.com/MemDirWeb/brokerDetailPage_Beta?memID=3030&h_MemType=members&memName=BESSEGGEN%20INFOTECH%20LLP
607,SI INVESTMENTS AND BROKING PRIVATE LIMITED,INZ000272531,09915,2850,https://enit.nseindia.com/MemDirWeb/brokerDetailPage_Beta?memID=2850&h_MemType=members&memName=SI%20INVESTMENTS%20AND%20BROKING%20PRIVATE%20LIMITED
608,KEDIA CAPITAL SERVICES PRIVATE LIMITED,INZ000042238,90136,3012,https://enit.nseindia.com/MemDirWeb/brokerDetailPage_Beta?memID=3012&h_MemType=members&memName=KEDIA%20CAPITAL%20SERVICES%20PRIVATE%20LIMITED
609,TRISHAKTI CAPITAL LIMITED,INZ000031637,90373,3243,https://enit.nseindia.com/MemDirWeb/brokerDetailPage_Beta?memID=3243&h_MemType=members&memName=TRISHAKTI%20CAPITAL%20LIMITED
610,ANAND RATHI GLOBAL INTERMEDIARIES LIMITED,INZ000327038,90408,3279,https://enit.nseindia.com/MemDirWeb/brokerDetailPage_Beta?memID=3279&h_MemType=members&memName=ANAND%20RATHI%20GLOBAL%20INTERMEDIARIES%20LIMITED
611,C D INTEGRATED SERVICES LTD.,INZ000190932,10942,1660,https://enit.nseindia.com/MemDirWeb/brokerDetailPage_Beta?memID=1660&h_MemType=members&memName=C%20D%20INTEGRATED%20SERVICES%20LTD.
612,MVM SECURITIES PRIVATE LIMITED,INZ000212735,13777,2452,https://enit.nseindia.com/MemDirWeb/brokerDetailPage_Beta?memID=2452&h_MemType=members&memName=MVM%20SECURITIES%20PRIVATE%20LIMITED
613,VIKASH STOCK BROKING SERVICES PVT. LTD.,INZ000100438,90105,2980,https://enit.nseindia.com/MemDirWeb/brokerDetailPage_Beta?memID=2980&h_MemType=members&memName=VIKASH%20STOCK%20BROKING%20SERVICES%20PVT.%20LTD.
614,LIBORD BROKERAGE PVT. LTD.,INZ000006536,90125,2996,https://enit.nseindia.com/MemDirWeb/brokerDetailPage_Beta?memID=2996&h_MemType=members&memName=LIBORD%20BROKERAGE%20PVT.%20LTD.
615,PARWATI COMMODITY MARKET PVT. LTD.,INZ000054534,90169,3045,https://enit.nseindia.com/MemDirWeb/brokerDetailPage_Beta?memID=3045&h_MemType=members&memName=PARWATI%20COMMODITY%20MARKET%20PVT.%20LTD.
616,VAIBHAV STOCK & DERIVATIVES BROKING PVT. LTD,INZ000261338,12151,1911,https://enit.nseindia.com/MemDirWeb/brokerDetailPage_Beta?memID=1911&h_MemType=members&memName=VAIBHAV%20STOCK%20%26%20DERIVATIVES%20BROKING%20PVT.%20LTD
617,SBICAP SECURITIES LIMITED,INZ000200032,10529,399,https://enit.nseindia.com/MemDirWeb/brokerDetailPage_Beta?memID=399&h_MemType=members&memName=SBICAP%20SECURITIES%20LIMITED
618,UPMOVE FINANCIAL TECHNOLOGIES SERVICES,INZ000158323,90120,2994,https://enit.nseindia.com/MemDirWeb/brokerDetailPage_Beta?memID=2994&h_MemType=members&memName=UPMOVE%20FINANCIAL%20TECHNOLOGIES%20SERVICES
619,LATIN MANHARLAL SECURITIES PVT. LTD.,INZ000208631,10720,1686,https://enit.nseindia.com/MemDirWeb/brokerDetailPage_Beta?memID=1686&h_MemType=members&memName=LATIN%20MANHARLAL%20SECURITIES%20PVT.%20LTD.
620,WEALTH INDIA FINANCIAL SERVICES PVT LTD,INZ000241638,90134,3009,https://enit.nseindia.com/MemDirWeb/brokerDetailPage_Beta?memID=3009&h_MemType=members&memName=WEALTH%20INDIA%20FINANCIAL%20SERVICES%20PVT%20LTD
621,AASHVIK SECURITIES PRIVATE LIMITED,INZ000318434,90162,3039,https://enit.nseindia.com/MemDirWeb/brokerDetailPage_Beta?memID=3039&h_MemType=members&memName=AASHVIK%20SECURITIES%20PRIVATE%20LIMITED
622,LYONS RANGE SHARE BROKING PVT.  LTD.,INZ000210132,90146,3023,https://enit.nseindia.com/MemDirWeb/brokerDetailPage_Beta?memID=3023&h_MemType=members&memName=LYONS%20RANGE%20SHARE%20BROKING%20PVT.%20%20LTD.
623,SMK SHARES AND STOCK BROKING PVT. LTD.,INZ000217239,09860,2035,https://enit.nseindia.com/MemDirWeb/brokerDetailPage_Beta?memID=2035&h_MemType=members&memName=SMK%20SHARES%20AND%20STOCK%20BROKING%20PVT.%20LTD.
624,MIRAE ASSET CAPITAL MARKETS ( INDIA ) PRIVATE LIMITED,INZ000163138,90144,3022,https://enit.nseindia.com/MemDirWeb/brokerDetailPage_Beta?memID=3022&h_MemType=members&memName=MIRAE%20ASSET%20CAPITAL%20MARKETS%20%28%20INDIA%20%29%20PRIVATE%20LIMITED
625,UNIFI CAPITAL PRIVATE LIMITED,INZ000246334,11596,1774,https://enit.nseindia.com/MemDirWeb/brokerDetailPage_Beta?memID=1774&h_MemType=members&memName=UNIFI%20CAPITAL%20PRIVATE%20LIMITED
626,DEUTSCHE EQUITIES INDIA PRIVATE LIMITED,INZ000252437,11968,1874,https://enit.nseindia.com/MemDirWeb/brokerDetailPage_Beta?memID=1874&h_MemType=members&memName=DEUTSCHE%20EQUITIES%20INDIA%20PRIVATE%20LIMITED
627,HRTI PRIVATE LIMITED,INZ000281336,90178,3055,https://enit.nseindia.com/MemDirWeb/brokerDetailPage_Beta?memID=3055&h_MemType=members&memName=HRTI%20PRIVATE%20LIMITED
628,BALAJI FINCAP LLP,INZ000321758,90401,3272,https://enit.nseindia.com/MemDirWeb/brokerDetailPage_Beta?memID=3272&h_MemType=members&memName=BALAJI%20FINCAP%20LLP
629,AS BULLISHIFY PRIVATE LIMITED,INZ000328330,90479,3345,https://enit.nseindia.com/MemDirWeb/brokerDetailPage_Beta?memID=3345&h_MemType=members&memName=AS%20BULLISHIFY%20PRIVATE%20LIMITED
630,LARK CONSULTANCY PRIVATE LIMITED,INZ000212036,90317,3188,https://enit.nseindia.com/MemDirWeb/brokerDetailPage_Beta?memID=3188&h_MemType=members&memName=LARK%20CONSULTANCY%20PRIVATE%20LIMITED
631,JAMNADAS MORARJEE SECURITIES LIMITED,INZ000230932,90315,3186,https://enit.nseindia.com/MemDirWeb/brokerDetailPage_Beta?memID=3186&h_MemType=members&memName=JAMNADAS%20MORARJEE%20SECURITIES%20LIMITED
632,PK INVESTMENTS,INZ000311728,90398,3270,https://enit.nseindia.com/MemDirWeb/brokerDetailPage_Beta?memID=3270&h_MemType=members&memName=PK%20INVESTMENTS
633,QUBE RESEARCH AND TRADING PRIVATE LIMITED,INZ000324635,90454,3321,https://enit.nseindia.com/MemDirWeb/brokerDetailPage_Beta?memID=3321&h_MemType=members&memName=QUBE%20RESEARCH%20AND%20TRADING%20PRIVATE%20LIMITED
634,MAITRA COMMODITIES PVT LTD,INZ000074139,90175,3052,https://enit.nseindia.com/MemDirWeb/brokerDetailPage_Beta?memID=3052&h_MemType=members&memName=MAITRA%20COMMODITIES%20PVT%20LTD
635,VISARIA SECURITIES PRIVATE LIMITED,INZ000245530,11583,45,https://enit.nseindia.com/MemDirWeb/brokerDetailPage_Beta?memID=45&h_MemType=members&memName=VISARIA%20SECURITIES%20PRIVATE%20LIMITED
636,NJ SHARES & SECURITIES PVT. LTD.,INZ000265335,08146,759,https://enit.nseindia.com/MemDirWeb/brokerDetailPage_Beta?memID=759&h_MemType=members&memName=NJ%20SHARES%20%26%20SECURITIES%20PVT.%20LTD.
637,AMRAPALI CAPITAL AND FINANCE SERVICES LTD.,INZ000269735,07588,432,https://enit.nseindia.com/MemDirWeb/brokerDetailPage_Beta?memID=432&h_MemType=members&memName=AMRAPALI%20CAPITAL%20AND%20FINANCE%20SERVICES%20LTD.
638,VLS SECURITIES LTD.,INZ000263638,08807,422,https://enit.nseindia.com/MemDirWeb/brokerDetailPage_Beta?memID=422&h_MemType=members&memName=VLS%20SECURITIES%20LTD.
639,LALKAR SECURITIES PRIVATE LIMITED,INZ000269434,09911,1979,https://enit.nseindia.com/MemDirWeb/brokerDetailPage_Beta?memID=1979&h_MemType=members&memName=LALKAR%20SECURITIES%20PRIVATE%20LIMITED
640,FORTUNE FISCAL LTD,INZ000247236,08236,499,https://enit.nseindia.com/MemDirWeb/brokerDetailPage_Beta?memID=499&h_MemType=members&memName=FORTUNE%20FISCAL%20LTD
641,YUG SECURITIES PRIVATE LIMITED,INZ000195732,12994,2215,https://enit.nseindia.com/MemDirWeb/brokerDetailPage_Beta?memID=2215&h_MemType=members&memName=YUG%20SECURITIES%20PRIVATE%20LIMITED
642,TRADEWALK BROKING PRIVATE LIMITED,INZ000296535,90218,3095,https://enit.nseindia.com/MemDirWeb/brokerDetailPage_Beta?memID=3095&h_MemType=members&memName=TRADEWALK%20BROKING%20PRIVATE%20LIMITED
643,POCKETFUL FINTECH CAPITAL PRIVATE LIMITED,INZ000313732,90326,3196,https://enit.nseindia.com/MemDirWeb/brokerDetailPage_Beta?memID=3196&h_MemType=members&memName=POCKETFUL%20FINTECH%20CAPITAL%20PRIVATE%20LIMITED
644,SAFEGOLD DIGIDEMAT PRIVATE LIMITED,INZ000314736,90335,3205,https://enit.nseindia.com/MemDirWeb/brokerDetailPage_Beta?memID=3205&h_MemType=members&memName=SAFEGOLD%20DIGIDEMAT%20PRIVATE%20LIMITED
645,RUSHABH INVESTMENTS,INZ000242722,06597,240,https://enit.nseindia.com/MemDirWeb/brokerDetailPage_Beta?memID=240&h_MemType=members&memName=RUSHABH%20INVESTMENTS
646,S A ARTHA SECURITIES PRIVATE LIMITED,INZ000316838,90369,3241,https://enit.nseindia.com/MemDirWeb/brokerDetailPage_Beta?memID=3241&h_MemType=members&memName=S%20A%20ARTHA%20SECURITIES%20PRIVATE%20LIMITED
647,SKY COMMODITIES INDIA PVT LTD,INZ000049235,90221,3098,https://enit.nseindia.com/MemDirWeb/brokerDetailPage_Beta?memID=3098&h_MemType=members&memName=SKY%20COMMODITIES%20INDIA%20PVT%20LTD
648,QUANTICKER RESEARCH LLP,INZ000319254,90420,3291,https://enit.nseindia.com/MemDirWeb/brokerDetailPage_Beta?memID=3291&h_MemType=members&memName=QUANTICKER%20RESEARCH%20LLP
649,J EKLERA SECURITIES PRIVATE LIMITED,INZ000310233,90304,3174,https://enit.nseindia.com/MemDirWeb/brokerDetailPage_Beta?memID=3174&h_MemType=members&memName=J%20EKLERA%20SECURITIES%20PRIVATE%20LIMITED
650,JAMNADAS VIRJI SHARES & STOCK BROKERS PRIVATE LIMITED,INZ000247838,11837,115,https://enit.nseindia.com/MemDirWeb/brokerDetailPage_Beta?memID=115&h_MemType=members&memName=JAMNADAS%20VIRJI%20SHARES%20%26%20STOCK%20BROKERS%20PRIVATE%20LIMITED
651,AMU SHARES & SECURITIES LTD.,INZ000277131,08344,17,https://enit.nseindia.com/MemDirWeb/brokerDetailPage_Beta?memID=17&h_MemType=members&memName=AMU%20SHARES%20%26%20SECURITIES%20LTD.
652,B N RATHI SECURITIES LIMITED,INZ000160834,07141,30,https://enit.nseindia.com/MemDirWeb/brokerDetailPage_Beta?memID=30&h_MemType=members&memName=B%20N%20RATHI%20SECURITIES%20LIMITED
653,BHARTI DHIREN THAKKAR,INB230996416,09964,37,https://enit.nseindia.com/MemDirWeb/brokerDetailPage_Beta?memID=37&h_MemType=members&memName=BHARTI%20DHIREN%20THAKKAR
654,GHALLA BHANSALI STOCK BROKERS PRIVATE LIMITED,INZ000236038,09570,73,https://enit.nseindia.com/MemDirWeb/brokerDetailPage_Beta?memID=73&h_MemType=members&memName=GHALLA%20BHANSALI%20STOCK%20BROKERS%20PRIVATE%20LIMITED
655,PADMAKSHI FINANCIAL SERVICES PRIVATE LIMITED,INZ000011130,09140,238,https://enit.nseindia.com/MemDirWeb/brokerDetailPage_Beta?memID=238&h_MemType=members&memName=PADMAKSHI%20FINANCIAL%20SERVICES%20PRIVATE%20LIMITED
656,ASIT C MEHTA INVESTMENT INTERRMEDIATES LTD.,INZ000186336,06072,316,https://enit.nseindia.com/MemDirWeb/brokerDetailPage_Beta?memID=316&h_MemType=members&memName=ASIT%20C%20MEHTA%20INVESTMENT%20INTERRMEDIATES%20LTD.
657,SODHANI SECURITIES LTD.,INZ000242534,10245,269,https://enit.nseindia.com/MemDirWeb/brokerDetailPage_Beta?memID=269&h_MemType=members&memName=SODHANI%20SECURITIES%20LTD.
658,TRIVENI MANAGEMENT CONSULTANCY SERVICES LTD.,INZ000219738,06528,289,https://enit.nseindia.com/MemDirWeb/brokerDetailPage_Beta?memID=289&h_MemType=members&memName=TRIVENI%20MANAGEMENT%20CONSULTANCY%20SERVICES%20LTD.
659,URJA INVESTMENT PVT. LTD.,INZ000266734,06961,292,https://enit.nseindia.com/MemDirWeb/brokerDetailPage_Beta?memID=292&h_MemType=members&memName=URJA%20INVESTMENT%20PVT.%20LTD.
660,MOTILAL OSWAL FINANCIAL SERVICES LIMITED,INZ000158836,10412,297,https://enit.nseindia.com/MemDirWeb/brokerDetailPage_Beta?memID=297&h_MemType=members&memName=MOTILAL%20OSWAL%20FINANCIAL%20SERVICES%20LIMITED
661,VIMGI INVESTMENTS PVT.LTD,INZ000269034,06475,302,https://enit.nseindia.com/MemDirWeb/brokerDetailPage_Beta?memID=302&h_MemType=members&memName=VIMGI%20INVESTMENTS%20PVT.LTD
662,MAGNUM EQUITY SERVICES LTD.,INZ000207336,09652,141,https://enit.nseindia.com/MemDirWeb/brokerDetailPage_Beta?memID=141&h_MemType=members&memName=MAGNUM%20EQUITY%20SERVICES%20LTD.
663,MONARCH NETWORTH CAPITAL LIMITED,INZ000008037,06386,187,https://enit.nseindia.com/MemDirWeb/brokerDetailPage_Beta?memID=187&h_MemType=members&memName=MONARCH%20NETWORTH%20CAPITAL%20LIMITED
664,NOUVEAU SHARES & SECURITIES LTD,INB230938434,09384,195,https://enit.nseindia.com/MemDirWeb/brokerDetailPage_Beta?memID=195&h_MemType=members&memName=NOUVEAU%20SHARES%20%26%20SECURITIES%20LTD
665,JAVERI FISCAL SERVICES LTD.,INZ000186638,09974,212,https://enit.nseindia.com/MemDirWeb/brokerDetailPage_Beta?memID=212&h_MemType=members&memName=JAVERI%20FISCAL%20SERVICES%20LTD.
666,VENTURA SECURITIES LTD.,INZ000194736,07604,383,https://enit.nseindia.com/MemDirWeb/brokerDetailPage_Beta?memID=383&h_MemType=members&memName=VENTURA%20SECURITIES%20LTD.
667,PRABHUDAS LILLADHER PVT. LTD.,INZ000196637,05977,387,https://enit.nseindia.com/MemDirWeb/brokerDetailPage_Beta?memID=387&h_MemType=members&memName=PRABHUDAS%20LILLADHER%20PVT.%20LTD.
668,J. V. S. SECURITIES PVT. LTD.,INZ000281635,07524,551,https://enit.nseindia.com/MemDirWeb/brokerDetailPage_Beta?memID=551&h_MemType=members&memName=J.%20V.%20S.%20SECURITIES%20PVT.%20LTD.
669,JUNJHARJI INVESTMENT PVT . LTD.,INZ000291231,07841,552,https://enit.nseindia.com/MemDirWeb/brokerDetailPage_Beta?memID=552&h_MemType=members&memName=JUNJHARJI%20INVESTMENT%20PVT%20.%20LTD.
670,LAUREL SECURITIES PVT. LTD,INZ000216837,08858,558,https://enit.nseindia.com/MemDirWeb/brokerDetailPage_Beta?memID=558&h_MemType=members&memName=LAUREL%20SECURITIES%20PVT.%20LTD
671,LOHIA SECURITIES LTD.,INZ000202639,07778,559,https://enit.nseindia.com/MemDirWeb/brokerDetailPage_Beta?memID=559&h_MemType=members&memName=LOHIA%20SECURITIES%20LTD.
672,VERTEX SECURITIES LTD.,INZ000204731,13248,613,https://enit.nseindia.com/MemDirWeb/brokerDetailPage_Beta?memID=613&h_MemType=members&memName=VERTEX%20SECURITIES%20LTD.
673,SHIVMANGAL SECURITIES PRIVATE LIMITED,INZ000216335,08135,585,https://enit.nseindia.com/MemDirWeb/brokerDetailPage_Beta?memID=585&h_MemType=members&memName=SHIVMANGAL%20SECURITIES%20PRIVATE%20LIMITED
674,V. G. CAPITAL MARKET PVT. LTD.,INZ000266131,08759,602,https://enit.nseindia.com/MemDirWeb/brokerDetailPage_Beta?memID=602&h_MemType=members&memName=V.%20G.%20CAPITAL%20MARKET%20PVT.%20LTD.
675,RATNAKAR SECURITIES PVT LTD,INZ000191735,07780,466,https://enit.nseindia.com/MemDirWeb/brokerDetailPage_Beta?memID=466&h_MemType=members&memName=RATNAKAR%20SECURITIES%20PVT%20LTD
676,SHAH INVESTORS HOME LIMITED,INZ000167335,07590,470,https://enit.nseindia.com/MemDirWeb/brokerDetailPage_Beta?memID=470&h_MemType=members&memName=SHAH%20INVESTORS%20HOME%20LIMITED
677,ACTION FINANCIAL SERVICES (INDIA) LIMITED,INZ000179538,07492,477,https://enit.nseindia.com/MemDirWeb/brokerDetailPage_Beta?memID=477&h_MemType=members&memName=ACTION%20FINANCIAL%20SERVICES%20%28INDIA%29%20LIMITED
678,COMPOSITE INVESTMENTS PRIVATE LIMITED,INZ000279531,07520,480,https://enit.nseindia.com/MemDirWeb/brokerDetailPage_Beta?memID=480&h_MemType=members&memName=COMPOSITE%20INVESTMENTS%20PRIVATE%20LIMITED
679,GDB SHARE & STOCK BROKING SERVICES LIMITED,INZ000193238,07788,545,https://enit.nseindia.com/MemDirWeb/brokerDetailPage_Beta?memID=545&h_MemType=members&memName=GDB%20SHARE%20%26%20STOCK%20BROKING%20SERVICES%20LIMITED
680,BHARAT RASAYAN FINANCE LTD,INB230814232/INF230814232,08142,652,https://enit.nseindia.com/MemDirWeb/brokerDetailPage_Beta?memID=652&h_MemType=members&memName=BHARAT%20RASAYAN%20FINANCE%20LTD
681,CFS FINANCIAL SERVICES PVT. LTD,INZ000224536,07695,657,https://enit.nseindia.com/MemDirWeb/brokerDetailPage_Beta?memID=657&h_MemType=members&memName=CFS%20FINANCIAL%20SERVICES%20PVT.%20LTD
682,CONSORTIUM SECURITIES PRIVATE LTD.,INZ000183831,08772,664,https://enit.nseindia.com/MemDirWeb/brokerDetailPage_Beta?memID=664&h_MemType=members&memName=CONSORTIUM%20SECURITIES%20PRIVATE%20LTD.
683,INDUS SHARESHREE PRIVATE LIMITED,INZ000170031,07762,704,https://enit.nseindia.com/MemDirWeb/brokerDetailPage_Beta?memID=704&h_MemType=members&memName=INDUS%20SHARESHREE%20PRIVATE%20LIMITED
684,BHARAT BHUSHAN EQUITY TRADERS LTD.,INZ000204433,07724,735,https://enit.nseindia.com/MemDirWeb/brokerDetailPage_Beta?memID=735&h_MemType=members&memName=BHARAT%20BHUSHAN%20EQUITY%20TRADERS%20LTD.
685,MANSUKH SECURITIES & FINANCE LIMITED,INZ000164537,07814,740,https://enit.nseindia.com/MemDirWeb/brokerDetailPage_Beta?memID=740&h_MemType=members&memName=MANSUKH%20SECURITIES%20%26%20FINANCE%20LIMITED
686,MITHUN SECURITIES PVT. LTD.,INZ000188632,07709,747,https://enit.nseindia.com/MemDirWeb/brokerDetailPage_Beta?memID=747&h_MemType=members&memName=MITHUN%20SECURITIES%20PVT.%20LTD.
687,INDIA CEMENTS INVESTMENT SERVICES LIMITED,INZ000205530,11634,895,https://enit.nseindia.com/MemDirWeb/brokerDetailPage_Beta?memID=895&h_MemType=members&memName=INDIA%20CEMENTS%20INVESTMENT%20SERVICES%20LIMITED
688,MEGHVARSHA SECURITIES PVT. LTD.,INB230876837/INF230876837,08768,979,https://enit.nseindia.com/MemDirWeb/brokerDetailPage_Beta?memID=979&h_MemType=members&memName=MEGHVARSHA%20SECURITIES%20PVT.%20LTD.
689,MARWADI SHARES AND FINANCE LIMITED,INZ000174730,08760,980,https://enit.nseindia.com/MemDirWeb/brokerDetailPage_Beta?memID=980&h_MemType=members&memName=MARWADI%20SHARES%20AND%20FINANCE%20LIMITED
690,PFIL SECURITIES LTD.,INZ000235338,08058,983,https://enit.nseindia.com/MemDirWeb/brokerDetailPage_Beta?memID=983&h_MemType=members&memName=PFIL%20SECURITIES%20LTD.
691,NAVIA MARKETS LTD.,INZ000095034,07708,918,https://enit.nseindia.com/MemDirWeb/brokerDetailPage_Beta?memID=918&h_MemType=members&memName=NAVIA%20MARKETS%20LTD.
692,DBFS SECURITIES LIMITED,INZ000178534,13232,933,https://enit.nseindia.com/MemDirWeb/brokerDetailPage_Beta?memID=933&h_MemType=members&memName=DBFS%20SECURITIES%20LIMITED
693,ANANT INVESTMENTS PRIVATE LIMITED,INZ000237633,14003,941,https://enit.nseindia.com/MemDirWeb/brokerDetailPage_Beta?memID=941&h_MemType=members&memName=ANANT%20INVESTMENTS%20PRIVATE%20LIMITED
694,B S SECURITIES,INZ000198021,08577,942,https://enit.nseindia.com/MemDirWeb/brokerDetailPage_Beta?memID=942&h_MemType=members&memName=B%20S%20SECURITIES
695,RELAN INDUSTRIAL FINANCE LTD.,INZ000255437,07835,796,https://enit.nseindia.com/MemDirWeb/brokerDetailPage_Beta?memID=796&h_MemType=members&memName=RELAN%20INDUSTRIAL%20FINANCE%20LTD.
696,SHRI PARASRAM HOLDINGS PVT. LTD.,INZ000220838,08140,816,https://enit.nseindia.com/MemDirWeb/brokerDetailPage_Beta?memID=816&h_MemType=members&memName=SHRI%20PARASRAM%20HOLDINGS%20PVT.%20LTD.
697,ADINATH CAPITAL SERVICES LIMITED,INZ000275235,06921,824,https://enit.nseindia.com/MemDirWeb/brokerDetailPage_Beta?memID=824&h_MemType=members&memName=ADINATH%20CAPITAL%20SERVICES%20LIMITED
698,WALLFORT FINANCIAL SERVICES LTD,INZ000234739,08524,878,https://enit.nseindia.com/MemDirWeb/brokerDetailPage_Beta?memID=878&h_MemType=members&memName=WALLFORT%20FINANCIAL%20SERVICES%20LTD
699,UNIQUE STOCKBRO PRIVATE LIMITED,INZ000187737,10721,1009,https://enit.nseindia.com/MemDirWeb/brokerDetailPage_Beta?memID=1009&h_MemType=members&memName=UNIQUE%20STOCKBRO%20PRIVATE%20LIMITED
700,PREMIER SHARES LIMITED,INZ000279936,08857,1047,https://enit.nseindia.com/MemDirWeb/brokerDetailPage_Beta?memID=1047&h_MemType=members&memName=PREMIER%20SHARES%20LIMITED
701,BHAVANA INVESTOR SERVICES LTD,INB230906533,09065,1078,https://enit.nseindia.com/MemDirWeb/brokerDetailPage_Beta?memID=1078&h_MemType=members&memName=BHAVANA%20INVESTOR%20SERVICES%20LTD
702,FACTS SHARE & STOCK BROKING PVT. LTD.,INB230934330/INF230934330,09343,1202,https://enit.nseindia.com/MemDirWeb/brokerDetailPage_Beta?memID=1202&h_MemType=members&memName=FACTS%20SHARE%20%26%20STOCK%20BROKING%20PVT.%20LTD.
703,SUNSHINE FINSEC & MERCANTILE LTD.,INZ000297032,09472,1228,https://enit.nseindia.com/MemDirWeb/brokerDetailPage_Beta?memID=1228&h_MemType=members&memName=SUNSHINE%20FINSEC%20%26%20MERCANTILE%20LTD.
704,HSBC INVESTDIRECT SECURITIES (INDIA) LIMITED,INB231324238/INF231324238,13242,1270,https://enit.nseindia.com/MemDirWeb/brokerDetailPage_Beta?memID=1270&h_MemType=members&memName=HSBC%20INVESTDIRECT%20SECURITIES%20%28INDIA%29%20LIMITED
705,CREST FINSERV LIMITED,INB231054637/INF231054637,10546,1313,https://enit.nseindia.com/MemDirWeb/brokerDetailPage_Beta?memID=1313&h_MemType=members&memName=CREST%20FINSERV%20LIMITED
706,BGSE FINANCIALS LIMITED,INZ000095638,10741,1373,https://enit.nseindia.com/MemDirWeb/brokerDetailPage_Beta?memID=1373&h_MemType=members&memName=BGSE%20FINANCIALS%20LIMITED
707,MANUBHAI MANGALDAS SECURITIES PVT. LTD.,INZ000194236,09837,1573,https://enit.nseindia.com/MemDirWeb/brokerDetailPage_Beta?memID=1573&h_MemType=members&memName=MANUBHAI%20MANGALDAS%20SECURITIES%20PVT.%20LTD.
708,PASHUPATI CAPITAL SERVICES PVT. LTD.,INZ000210436,10978,1658,https://enit.nseindia.com/MemDirWeb/brokerDetailPage_Beta?memID=1658&h_MemType=members&memName=PASHUPATI%20CAPITAL%20SERVICES%20PVT.%20LTD.
709,RAKHECHA SECURITIES LTD.,INZ000276131,11512,1776,https://enit.nseindia.com/MemDirWeb/brokerDetailPage_Beta?memID=1776&h_MemType=members&memName=RAKHECHA%20SECURITIES%20LTD.
710,BATLIVALA & KARANI SECURITIES INDIA PVT. LTD.,INZ000284836,10405,1880,https://enit.nseindia.com/MemDirWeb/brokerDetailPage_Beta?memID=1880&h_MemType=members&memName=BATLIVALA%20%26%20KARANI%20SECURITIES%20INDIA%20PVT.%20LTD.
711,A C CHOKSI SHARE BROKERS PVT. LTD.,INZ000198136,09929,1862,https://enit.nseindia.com/MemDirWeb/brokerDetailPage_Beta?memID=1862&h_MemType=members&memName=A%20C%20CHOKSI%20SHARE%20BROKERS%20PVT.%20LTD.
712,GRD SECURITIES LIMITED,INZ000193937,11866,1865,https://enit.nseindia.com/MemDirWeb/brokerDetailPage_Beta?memID=1865&h_MemType=members&memName=GRD%20SECURITIES%20LIMITED
713,ANUGRAH STOCK & BROKING PVT. LTD.,INZ000200231,11856,1866,https://enit.nseindia.com/MemDirWeb/brokerDetailPage_Beta?memID=1866&h_MemType=members&memName=ANUGRAH%20STOCK%20%26%20BROKING%20PVT.%20LTD.
714,PARWATI CAPITAL MARKET PRIVATE LIMITED,INZ000205936,11890,1869,https://enit.nseindia.com/MemDirWeb/brokerDetailPage_Beta?memID=1869&h_MemType=members&memName=PARWATI%20CAPITAL%20MARKET%20PRIVATE%20LIMITED
715,CORUM SECURITIES PVT. LTD.,INZ000179435,14583,1872,https://enit.nseindia.com/MemDirWeb/brokerDetailPage_Beta?memID=1872&h_MemType=members&memName=CORUM%20SECURITIES%20PVT.%20LTD.
716,NUVAMA WEALTH MANAGEMENT LIMITED,INZ000166136,11933,1713,https://enit.nseindia.com/MemDirWeb/brokerDetailPage_Beta?memID=1713&h_MemType=members&memName=NUVAMA%20WEALTH%20MANAGEMENT%20LIMITED
717,DAMANI FINANCIAL SERVICES PRIVATE LIMITED,INZ000186736,14436,1716,https://enit.nseindia.com/MemDirWeb/brokerDetailPage_Beta?memID=1716&h_MemType=members&memName=DAMANI%20FINANCIAL%20SERVICES%20PRIVATE%20LIMITED
718,ELIXIR EQUITIES PRIVATE LIMITED,INZ000017731,09856,1744,https://enit.nseindia.com/MemDirWeb/brokerDetailPage_Beta?memID=1744&h_MemType=members&memName=ELIXIR%20EQUITIES%20PRIVATE%20LIMITED
719,THAR SHARE BROKERS PRIVATE LIMITED,INZ000275132,12717,2004,https://enit.nseindia.com/MemDirWeb/brokerDetailPage_Beta?memID=2004&h_MemType=members&memName=THAR%20SHARE%20BROKERS%20PRIVATE%20LIMITED
720,INTEGRATED ENTERPRISES (INDIA) PRIVATE LIMITED,INZ000095737,12718,2008,https://enit.nseindia.com/MemDirWeb/brokerDetailPage_Beta?memID=2008&h_MemType=members&memName=INTEGRATED%20ENTERPRISES%20%28INDIA%29%20PRIVATE%20LIMITED
721,MEHTA VAKIL & CO.PVT. LTD.,INZ000233031,09796,1914,https://enit.nseindia.com/MemDirWeb/brokerDetailPage_Beta?memID=1914&h_MemType=members&memName=MEHTA%20VAKIL%20%26%20CO.PVT.%20LTD.
722,PRL STOCK & SHARE BROKERS PVT. LTD.,INB231220931/INF231220931/INE231220931,12209,1921,https://enit.nseindia.com/MemDirWeb/brokerDetailPage_Beta?memID=1921&h_MemType=members&memName=PRL%20STOCK%20%26%20SHARE%20BROKERS%20PVT.%20LTD.
723,MUNOTH CAPITAL MARKET LTD,INZ000302337,12480,1954,https://enit.nseindia.com/MemDirWeb/brokerDetailPage_Beta?memID=1954&h_MemType=members&memName=MUNOTH%20CAPITAL%20MARKET%20LTD
724,SAMURAI SECURITIES PRIVATE LIMITED,INZ000187234,12102,1960,https://enit.nseindia.com/MemDirWeb/brokerDetailPage_Beta?memID=1960&h_MemType=members&memName=SAMURAI%20SECURITIES%20PRIVATE%20LIMITED
725,SHAREWEALTH SECURITIES LIMITED,INZ000176636,12499,1972,https://enit.nseindia.com/MemDirWeb/brokerDetailPage_Beta?memID=1972&h_MemType=members&memName=SHAREWEALTH%20SECURITIES%20LIMITED
726,AJMERA ASSOCIATES LTD.,INZ000177531,11858,1991,https://enit.nseindia.com/MemDirWeb/brokerDetailPage_Beta?memID=1991&h_MemType=members&memName=AJMERA%20ASSOCIATES%20LTD.
727,SPARK INSTITUTIONAL EQUITIES PRIVATE LIMITED,INZ000307037,12562,1995,https://enit.nseindia.com/MemDirWeb/brokerDetailPage_Beta?memID=1995&h_MemType=members&memName=SPARK%20INSTITUTIONAL%20EQUITIES%20PRIVATE%20LIMITED
728,H K SINGHANIA & CO,INZ000197211,00420,2147,https://enit.nseindia.com/MemDirWeb/brokerDetailPage_Beta?memID=2147&h_MemType=members&memName=H%20K%20SINGHANIA%20%26%20CO
729,JALAN & CO,INZ000260714,00431,2150,https://enit.nseindia.com/MemDirWeb/brokerDetailPage_Beta?memID=2150&h_MemType=members&memName=JALAN%20%26%20CO
730,MAJORTREND CAPITAL PRIVATE LIMITED,INZ000158634,12895,2109,https://enit.nseindia.com/MemDirWeb/brokerDetailPage_Beta?memID=2109&h_MemType=members&memName=MAJORTREND%20CAPITAL%20PRIVATE%20LIMITED
731,CAREGROWTH BROKING PRIVATE LIMITED,INZ000168931,12891,2132,https://enit.nseindia.com/MemDirWeb/brokerDetailPage_Beta?memID=2132&h_MemType=members&memName=CAREGROWTH%20BROKING%20PRIVATE%20LIMITED
732,NIRMAN SHARE BROKERS PRIVATE LIMITED,INZ000197638,12309,2135,https://enit.nseindia.com/MemDirWeb/brokerDetailPage_Beta?memID=2135&h_MemType=members&memName=NIRMAN%20SHARE%20BROKERS%20PRIVATE%20LIMITED
733,SARA CAPITAL LIMITED,INB231294431/INF231294431,12944,2137,https://enit.nseindia.com/MemDirWeb/brokerDetailPage_Beta?memID=2137&h_MemType=members&memName=SARA%20CAPITAL%20LIMITED
734,MESH STOCK BROKERS PRIVATE LIMITED,INZ000222733,12692,2024,https://enit.nseindia.com/MemDirWeb/brokerDetailPage_Beta?memID=2024&h_MemType=members&memName=MESH%20STOCK%20BROKERS%20PRIVATE%20LIMITED
735,AUM CAPITAL MARKET PVT LTD,INZ000185431,12764,2030,https://enit.nseindia.com/MemDirWeb/brokerDetailPage_Beta?memID=2030&h_MemType=members&memName=AUM%20CAPITAL%20MARKET%20PVT%20LTD
736,VINOD SHARES LTD.,INZ000175235,12736,2057,https://enit.nseindia.com/MemDirWeb/brokerDetailPage_Beta?memID=2057&h_MemType=members&memName=VINOD%20SHARES%20LTD.
737,WELLINDIA SECURITIES LIMITED,INZ000223137,12829,2073,https://enit.nseindia.com/MemDirWeb/brokerDetailPage_Beta?memID=2073&h_MemType=members&memName=WELLINDIA%20SECURITIES%20LIMITED
738,VED BROTHERS SECURITIES PVT LTD,INZ000273631,12812,2081,https://enit.nseindia.com/MemDirWeb/brokerDetailPage_Beta?memID=2081&h_MemType=members&memName=VED%20BROTHERS%20SECURITIES%20PVT%20LTD
739,ADINATH STOCK BROKING PRIVATE LIMITED,INZ000204337,12805,2348,https://enit.nseindia.com/MemDirWeb/brokerDetailPage_Beta?memID=2348&h_MemType=members&memName=ADINATH%20STOCK%20BROKING%20PRIVATE%20LIMITED
740,NEW BERRY CAPITALS PRIVATE LIMITED,INZ000004838,00014,2163,https://enit.nseindia.com/MemDirWeb/brokerDetailPage_Beta?memID=2163&h_MemType=members&memName=NEW%20BERRY%20CAPITALS%20PRIVATE%20LIMITED
741,EXCEL STOCK BROKING PRIVATE LIMITED,INZ000196232,13034,2204,https://enit.nseindia.com/MemDirWeb/brokerDetailPage_Beta?memID=2204&h_MemType=members&memName=EXCEL%20STOCK%20BROKING%20PRIVATE%20LIMITED
742,ABANS SECURITIES PRIVATE LIMITED,INZ000194431,13494,2206,https://enit.nseindia.com/MemDirWeb/brokerDetailPage_Beta?memID=2206&h_MemType=members&memName=ABANS%20SECURITIES%20PRIVATE%20LIMITED
743,NUVAMA WEALTH AND INVESTMENT LIMITED.,INZ000005231,13116,2258,https://enit.nseindia.com/MemDirWeb/brokerDetailPage_Beta?memID=2258&h_MemType=members&memName=NUVAMA%20WEALTH%20AND%20INVESTMENT%20LIMITED.
744,ENCASH SECURITIES LTD.,INB231340234/INF231340234/INE231340234,13402,2271,https://enit.nseindia.com/MemDirWeb/brokerDetailPage_Beta?memID=2271&h_MemType=members&memName=ENCASH%20SECURITIES%20LTD.
745,MANYOG SECURITIES PRIVATE LIMITED,INZ000284039,13339,2289,https://enit.nseindia.com/MemDirWeb/brokerDetailPage_Beta?memID=2289&h_MemType=members&memName=MANYOG%20SECURITIES%20PRIVATE%20LIMITED
746,INVESTSMART STOCK BROKERS PVT. LTD.,INZ000265936,13790,2481,https://enit.nseindia.com/MemDirWeb/brokerDetailPage_Beta?memID=2481&h_MemType=members&memName=INVESTSMART%20STOCK%20BROKERS%20PVT.%20LTD.
747,A.P.T RESEARCH PRIVATE LIMITED,INZ000194330,13871,2515,https://enit.nseindia.com/MemDirWeb/brokerDetailPage_Beta?memID=2515&h_MemType=members&memName=A.P.T%20RESEARCH%20PRIVATE%20LIMITED
748,GLOBALWORTH SECURITIES LIMITED,INZ000189732,13994,2525,https://enit.nseindia.com/MemDirWeb/brokerDetailPage_Beta?memID=2525&h_MemType=members&memName=GLOBALWORTH%20SECURITIES%20LIMITED
749,PUSHPAK FINSTOCK,INZ000223221,14124,2526,https://enit.nseindia.com/MemDirWeb/brokerDetailPage_Beta?memID=2526&h_MemType=members&memName=PUSHPAK%20FINSTOCK
750,GIRIRAJ SHARES PRIVATE LIMITED,INB231333833/INF231333833/INE231333833,13338,2364,https://enit.nseindia.com/MemDirWeb/brokerDetailPage_Beta?memID=2364&h_MemType=members&memName=GIRIRAJ%20SHARES%20PRIVATE%20LIMITED
751,PINNACLE FOREX AND SECURITIES PRIVATE LIMITED,INZ000182337,14122,2387,https://enit.nseindia.com/MemDirWeb/brokerDetailPage_Beta?memID=2387&h_MemType=members&memName=PINNACLE%20FOREX%20AND%20SECURITIES%20PRIVATE%20LIMITED
752,PSB SECURITIES LIMITED,INZ000164630,13397,2389,https://enit.nseindia.com/MemDirWeb/brokerDetailPage_Beta?memID=2389&h_MemType=members&memName=PSB%20SECURITIES%20LIMITED
753,ISTAA FINSERV PRIVATE LIMITED,INZ000220334,13452,2390,https://enit.nseindia.com/MemDirWeb/brokerDetailPage_Beta?memID=2390&h_MemType=members&memName=ISTAA%20FINSERV%20PRIVATE%20LIMITED
754,BERKELEY SECURITIES LIMITED,INZ000315034,13554,2420,https://enit.nseindia.com/MemDirWeb/brokerDetailPage_Beta?memID=2420&h_MemType=members&memName=BERKELEY%20SECURITIES%20LIMITED
755,PADAM TOWERS SECURITIES LIMITED,INZ000159835,11168,2435,https://enit.nseindia.com/MemDirWeb/brokerDetailPage_Beta?memID=2435&h_MemType=members&memName=PADAM%20TOWERS%20SECURITIES%20LIMITED
756,J M GLOBAL EQUITIES PRIVATE LIMITED,INZ000203636,13620,2439,https://enit.nseindia.com/MemDirWeb/brokerDetailPage_Beta?memID=2439&h_MemType=members&memName=J%20M%20GLOBAL%20EQUITIES%20PRIVATE%20LIMITED
757,AUTUS SECURITIES PRIVATE LIMITED,INZ000104034,14352,2453,https://enit.nseindia.com/MemDirWeb/brokerDetailPage_Beta?memID=2453&h_MemType=members&memName=AUTUS%20SECURITIES%20PRIVATE%20LIMITED
758,GRM SECURITIES PRIVATE LIMITED,INZ000195031,13600,2456,https://enit.nseindia.com/MemDirWeb/brokerDetailPage_Beta?memID=2456&h_MemType=members&memName=GRM%20SECURITIES%20PRIVATE%20LIMITED
759,INVESTERIA FINANCIAL SERVICES PRIVATE LIMITED,INZ000225432,14452,2788,https://enit.nseindia.com/MemDirWeb/brokerDetailPage_Beta?memID=2788&h_MemType=members&memName=INVESTERIA%20FINANCIAL%20SERVICES%20PRIVATE%20LIMITED
760,NK SECURITIES RESEARCH PVT. LTD.,INZ000206920,14488,2805,https://enit.nseindia.com/MemDirWeb/brokerDetailPage_Beta?memID=2805&h_MemType=members&memName=NK%20SECURITIES%20RESEARCH%20PVT.%20LTD.
761,BAHUBALI FINANCIAL SERVICES (P) LTD.,INZ000187438,12210,2826,https://enit.nseindia.com/MemDirWeb/brokerDetailPage_Beta?memID=2826&h_MemType=members&memName=BAHUBALI%20FINANCIAL%20SERVICES%20%28P%29%20LTD.
762,MANSATA SECURITIES PRIVATE LIMITED,INB231447831/INF231447831/INE231447831,14478,2804,https://enit.nseindia.com/MemDirWeb/brokerDetailPage_Beta?memID=2804&h_MemType=members&memName=MANSATA%20SECURITIES%20PRIVATE%20LIMITED
763,MINDEX CAPITAL MARKET PRIVATE LIMITED,INZ000181235,90027,2904,https://enit.nseindia.com/MemDirWeb/brokerDetailPage_Beta?memID=2904&h_MemType=members&memName=MINDEX%20CAPITAL%20MARKET%20PRIVATE%20LIMITED
764,PURE BROKING PRIVATE LIMITED,INZ000163631,90006,2878,https://enit.nseindia.com/MemDirWeb/brokerDetailPage_Beta?memID=2878&h_MemType=members&memName=PURE%20BROKING%20PRIVATE%20LIMITED
765,ADWEALTH STOCK BROKING PRIVATE LIMITED,INZ000005538,90026,2892,https://enit.nseindia.com/MemDirWeb/brokerDetailPage_Beta?memID=2892&h_MemType=members&memName=ADWEALTH%20STOCK%20BROKING%20PRIVATE%20LIMITED
766,INVESTEC CAPITAL SERVICES(INDIA) PRIVATE LIMITED,INZ000007138,90054,2925,https://enit.nseindia.com/MemDirWeb/brokerDetailPage_Beta?memID=2925&h_MemType=members&memName=INVESTEC%20CAPITAL%20SERVICES%28INDIA%29%20PRIVATE%20LIMITED
767,FIRSTOCK BROKING PRIVATE LIMITED,INZ000260334,90047,2926,https://enit.nseindia.com/MemDirWeb/brokerDetailPage_Beta?memID=2926&h_MemType=members&memName=FIRSTOCK%20BROKING%20PRIVATE%20LIMITED
768,IRAGE BROKING SERVICES LLP,INZ000011262,90068,2946,https://enit.nseindia.com/MemDirWeb/brokerDetailPage_Beta?memID=2946&h_MemType=members&memName=IRAGE%20BROKING%20SERVICES%20LLP
769,SANCTUM WEALTH PRIVATE LIMITED,INZ000011338,90072,2953,https://enit.nseindia.com/MemDirWeb/brokerDetailPage_Beta?memID=2953&h_MemType=members&memName=SANCTUM%20WEALTH%20PRIVATE%20LIMITED
770,SUNNESS CAPITAL INDIA PVT LTD,INB011459634/INF011459634/NSE231459634,90081,2958,https://enit.nseindia.com/MemDirWeb/brokerDetailPage_Beta?memID=2958&h_MemType=members&memName=SUNNESS%20CAPITAL%20INDIA%20PVT%20LTD
771,LGT CAPITAL MARKETS PRIVATE LIMITED,INZ000319637,90395,3268,https://enit.nseindia.com/MemDirWeb/brokerDetailPage_Beta?memID=3268&h_MemType=members&memName=LGT%20CAPITAL%20MARKETS%20PRIVATE%20LIMITED
772,SENTINELSEC INDIA LLP,INZ000323153,90418,3289,https://enit.nseindia.com/MemDirWeb/brokerDetailPage_Beta?memID=3289&h_MemType=members&memName=SENTINELSEC%20INDIA%20LLP
773,GEOJIT INVESTMENTS LIMITED,INZ000318938,13372,608,https://enit.nseindia.com/MemDirWeb/brokerDetailPage_Beta?memID=608&h_MemType=members&memName=GEOJIT%20INVESTMENTS%20LIMITED
774,PROSPERA FINSTOCKS PRIVATE LIMITED,INZ000328737,90460,3327,https://enit.nseindia.com/MemDirWeb/brokerDetailPage_Beta?memID=3327&h_MemType=members&memName=PROSPERA%20FINSTOCKS%20PRIVATE%20LIMITED
775,TECSTOX SECURITIES PRIVATE LIMITED,INZ000328032,90439,3308,https://enit.nseindia.com/MemDirWeb/brokerDetailPage_Beta?memID=3308&h_MemType=members&memName=TECSTOX%20SECURITIES%20PRIVATE%20LIMITED
776,CONARD SECURITIES PRIVATE LIMITED,INZ000218639,90156,3032,https://enit.nseindia.com/MemDirWeb/brokerDetailPage_Beta?memID=3032&h_MemType=members&memName=CONARD%20SECURITIES%20PRIVATE%20LIMITED
777,MARCK SECURITIES PVT. LTD.,INZ000217638,11071,1633,https://enit.nseindia.com/MemDirWeb/brokerDetailPage_Beta?memID=1633&h_MemType=members&memName=MARCK%20SECURITIES%20PVT.%20LTD.
778,O3 SECURITIES PRIVATE LIMITED,INZ000291332,13459,2375,https://enit.nseindia.com/MemDirWeb/brokerDetailPage_Beta?memID=2375&h_MemType=members&memName=O3%20SECURITIES%20PRIVATE%20LIMITED
779,KALPATARU MULTIPLIER LTD.,INZ000259437,11152,2114,https://enit.nseindia.com/MemDirWeb/brokerDetailPage_Beta?memID=2114&h_MemType=members&memName=KALPATARU%20MULTIPLIER%20LTD.
780,MADHUVAN SECURITIES PRIVATE LIMITED,INZ000261738,08233,453,https://enit.nseindia.com/MemDirWeb/brokerDetailPage_Beta?memID=453&h_MemType=members&memName=MADHUVAN%20SECURITIES%20PRIVATE%20LIMITED
781,PHONEPE WEALTH BROKING PRIVATE LIMITED,INZ000302639,90226,3103,https://enit.nseindia.com/MemDirWeb/brokerDetailPage_Beta?memID=3103&h_MemType=members&memName=PHONEPE%20WEALTH%20BROKING%20PRIVATE%20LIMITED
782,ALPHUM RESEARCH PRIVATE LIMITED,INZ000328935,90467,3333,https://enit.nseindia.com/MemDirWeb/brokerDetailPage_Beta?memID=3333&h_MemType=members&memName=ALPHUM%20RESEARCH%20PRIVATE%20LIMITED
783,IMC INDIA SECURITIES PRIVATE LIMITED,INZ000301034,90232,3109,https://enit.nseindia.com/MemDirWeb/brokerDetailPage_Beta?memID=3109&h_MemType=members&memName=IMC%20INDIA%20SECURITIES%20PRIVATE%20LIMITED
784,SPREAD X SECURITIES PRIVATE LIMITED,INZ000310930,90309,3179,https://enit.nseindia.com/MemDirWeb/brokerDetailPage_Beta?memID=3179&h_MemType=members&memName=SPREAD%20X%20SECURITIES%20PRIVATE%20LIMITED
785,JUNOMONETA FINSOL PRIVATE LIMITED,INZ000294230,90207,3084,https://enit.nseindia.com/MemDirWeb/brokerDetailPage_Beta?memID=3084&h_MemType=members&memName=JUNOMONETA%20FINSOL%20PRIVATE%20LIMITED
786,STOCKPRO 9 CAPITAL PRIVATE LIMITED,INZ000312738,90321,3191,https://enit.nseindia.com/MemDirWeb/brokerDetailPage_Beta?memID=3191&h_MemType=members&memName=STOCKPRO%209%20CAPITAL%20PRIVATE%20LIMITED
787,MANSI SHARE & STOCK BROKING PRIVATE LIMITED,INZ000247433,12972,2131,https://enit.nseindia.com/MemDirWeb/brokerDetailPage_Beta?memID=2131&h_MemType=members&memName=MANSI%20SHARE%20%26%20STOCK%20BROKING%20PRIVATE%20LIMITED
788,A.K.STOCKMART PVT. LTD,INZ000240830,12695,2033,https://enit.nseindia.com/MemDirWeb/brokerDetailPage_Beta?memID=2033&h_MemType=members&memName=A.K.STOCKMART%20PVT.%20LTD
789,ULJK FINANCIAL SERVICES PRIVATE LIMITED,INZ000259732,12819,114,https://enit.nseindia.com/MemDirWeb/brokerDetailPage_Beta?memID=114&h_MemType=members&memName=ULJK%20FINANCIAL%20SERVICES%20PRIVATE%20LIMITED
790,TORUS FINANCIAL MARKETS PRIVATE LIMITED,INZ000299936,90245,3122,https://enit.nseindia.com/MemDirWeb/brokerDetailPage_Beta?memID=3122&h_MemType=members&memName=TORUS%20FINANCIAL%20MARKETS%20PRIVATE%20LIMITED
791,KIFS BROKING PRIVATE LIMITED,INZ000244957,90171,3048,https://enit.nseindia.com/MemDirWeb/brokerDetailPage_Beta?memID=3048&h_MemType=members&memName=KIFS%20BROKING%20PRIVATE%20LIMITED
792,RAPID CAPITAL SERVICES,INZ000259221,06565,234,https://enit.nseindia.com/MemDirWeb/brokerDetailPage_Beta?memID=234&h_MemType=members&memName=RAPID%20CAPITAL%20SERVICES
793,KRANT NARAIN AGNANI,INZ000267312,06562,133,https://enit.nseindia.com/MemDirWeb/brokerDetailPage_Beta?memID=133&h_MemType=members&memName=KRANT%20NARAIN%20AGNANI
794,PINAKINI SHARE & STOCK BROKERS LIMITED,INZ000264435,07636,866,https://enit.nseindia.com/MemDirWeb/brokerDetailPage_Beta?memID=866&h_MemType=members&memName=PINAKINI%20SHARE%20%26%20STOCK%20BROKERS%20LIMITED
795,DAYCO SECURITIES PVT. LTD.,INZ000265037,07007,533,https://enit.nseindia.com/MemDirWeb/brokerDetailPage_Beta?memID=533&h_MemType=members&memName=DAYCO%20SECURITIES%20PVT.%20LTD.
796,GROWW INVEST TECH PRIVATE LIMITED,INZ000301838,90187,3064,https://enit.nseindia.com/MemDirWeb/brokerDetailPage_Beta?memID=3064&h_MemType=members&memName=GROWW%20INVEST%20TECH%20PRIVATE%20LIMITED
797,ROONGTA RISING STOCK PRIVATE LIMITED,INZ000274634,13091,2240,https://enit.nseindia.com/MemDirWeb/brokerDetailPage_Beta?memID=2240&h_MemType=members&memName=ROONGTA%20RISING%20STOCK%20PRIVATE%20LIMITED
798,KLAY SECURITIES PRIVATE LIMITED,INZ000177934,90181,3058,https://enit.nseindia.com/MemDirWeb/brokerDetailPage_Beta?memID=3058&h_MemType=members&memName=KLAY%20SECURITIES%20PRIVATE%20LIMITED
799,TRIMURTI CAPITAL BROKING LLP,INZ000312953,90322,3192,https://enit.nseindia.com/MemDirWeb/brokerDetailPage_Beta?memID=3192&h_MemType=members&memName=TRIMURTI%20CAPITAL%20BROKING%20LLP
800,MIRACLES FIN-TECH PRIVATE LIMITED,INZ000313434,90323,3193,https://enit.nseindia.com/MemDirWeb/brokerDetailPage_Beta?memID=3193&h_MemType=members&memName=MIRACLES%20FIN-TECH%20PRIVATE%20LIMITED
801,AXIS BANK LTD.,INZ000257435,13080,1682,https://enit.nseindia.com/MemDirWeb/brokerDetailPage_Beta?memID=1682&h_MemType=members&memName=AXIS%20BANK%20LTD.
802,DHANKI SECURITIES PVT. LTD.,INZ000237338,09956,1534,https://enit.nseindia.com/MemDirWeb/brokerDetailPage_Beta?memID=1534&h_MemType=members&memName=DHANKI%20SECURITIES%20PVT.%20LTD.
803,SETHI FINMART PVT. LTD.,INZ000240734,12793,2058,https://enit.nseindia.com/MemDirWeb/brokerDetailPage_Beta?memID=2058&h_MemType=members&memName=SETHI%20FINMART%20PVT.%20LTD.
804,CENTILLION RESEARCH INDIA LLP,INZ000271355,90192,3069,https://enit.nseindia.com/MemDirWeb/brokerDetailPage_Beta?memID=3069&h_MemType=members&memName=CENTILLION%20RESEARCH%20INDIA%20LLP
805,HARDIK FIN TRADE PRIVATE LIMITED,INZ000203537,90384,3256,https://enit.nseindia.com/MemDirWeb/brokerDetailPage_Beta?memID=3256&h_MemType=members&memName=HARDIK%20FIN%20TRADE%20PRIVATE%20LIMITED
806,ABSOLUTE BROKING PRIVATE LIMITED,INZ000317833,90421,3292,https://enit.nseindia.com/MemDirWeb/brokerDetailPage_Beta?memID=3292&h_MemType=members&memName=ABSOLUTE%20BROKING%20PRIVATE%20LIMITED
807,URSA LABS LLP,INZ000318154,90382,3254,https://enit.nseindia.com/MemDirWeb/brokerDetailPage_Beta?memID=3254&h_MemType=members&memName=URSA%20LABS%20LLP
808,ONEWORLD SECURITIES PRIVATE LIMITED,INZ000321331,90397,3269,https://enit.nseindia.com/MemDirWeb/brokerDetailPage_Beta?memID=3269&h_MemType=members&memName=ONEWORLD%20SECURITIES%20PRIVATE%20LIMITED
809,EVOL TRADING LLP,INZ000322157,90413,3284,https://enit.nseindia.com/MemDirWeb/brokerDetailPage_Beta?memID=3284&h_MemType=members&memName=EVOL%20TRADING%20LLP
810,ALLREACH COMMODITIES INDIA PRIVATE LIMITED,INZ000074235,90332,3202,https://enit.nseindia.com/MemDirWeb/brokerDetailPage_Beta?memID=3202&h_MemType=members&memName=ALLREACH%20COMMODITIES%20INDIA%20PRIVATE%20LIMITED
811,INTERFACE BROKERAGE & RESEARCH LTD.,INB230677033/INF230677033,06770,106,https://enit.nseindia.com/MemDirWeb/brokerDetailPage_Beta?memID=106&h_MemType=members&memName=INTERFACE%20BROKERAGE%20%26%20RESEARCH%20LTD.
812,JAS-ONE SECURITIES PVT.LTD.,INB230643536 /INE230643536,06435,117,https://enit.nseindia.com/MemDirWeb/brokerDetailPage_Beta?memID=117&h_MemType=members&memName=JAS-ONE%20SECURITIES%20PVT.LTD.
813,SAMCO SECURITIES LIMITED,INZ000002535,12135,39,https://enit.nseindia.com/MemDirWeb/brokerDetailPage_Beta?memID=39&h_MemType=members&memName=SAMCO%20SECURITIES%20LIMITED
814,C.D. EQUISEARCH PVT. LTD,INZ000184438,07811,47,https://enit.nseindia.com/MemDirWeb/brokerDetailPage_Beta?memID=47&h_MemType=members&memName=C.D.%20EQUISEARCH%20PVT.%20LTD
815,DALAL & BROACHA STOCK BROKING PVT. LTD,INZ000210337,09806,61,https://enit.nseindia.com/MemDirWeb/brokerDetailPage_Beta?memID=61&h_MemType=members&memName=DALAL%20%26%20BROACHA%20STOCK%20BROKING%20PVT.%20LTD
816,PARNI SECURITIES LTD,INB230644438,06444,80,https://enit.nseindia.com/MemDirWeb/brokerDetailPage_Beta?memID=80&h_MemType=members&memName=PARNI%20SECURITIES%20LTD
817,GLOBE CAPITAL MARKET LIMITED,INZ000177137,06637,91,https://enit.nseindia.com/MemDirWeb/brokerDetailPage_Beta?memID=91&h_MemType=members&memName=GLOBE%20CAPITAL%20MARKET%20LIMITED
818,PRAYAS SECURITIES PVT.LTD.,INZ000221234,11938,223,https://enit.nseindia.com/MemDirWeb/brokerDetailPage_Beta?memID=223&h_MemType=members&memName=PRAYAS%20SECURITIES%20PVT.LTD.
819,ROSY BLUE SECURITIES PRIVATE LIMITED,INZ000221531,07218,239,https://enit.nseindia.com/MemDirWeb/brokerDetailPage_Beta?memID=239&h_MemType=members&memName=ROSY%20BLUE%20SECURITIES%20PRIVATE%20LIMITED
820,SURESH CHAND S JAIN,INZ000198212,06507,276,https://enit.nseindia.com/MemDirWeb/brokerDetailPage_Beta?memID=276&h_MemType=members&memName=SURESH%20CHAND%20S%20JAIN
821,LIBRA HOLDINGS PVT. LTD,INZ000203432,09972,294,https://enit.nseindia.com/MemDirWeb/brokerDetailPage_Beta?memID=294&h_MemType=members&memName=LIBRA%20HOLDINGS%20PVT.%20LTD
822,MEFCOM SECURITIES LTD.,INZ000252932,09032,154,https://enit.nseindia.com/MemDirWeb/brokerDetailPage_Beta?memID=154&h_MemType=members&memName=MEFCOM%20SECURITIES%20LTD.
823,MILAN MAHENDRA SECURITIES PVT. LTD.,INB230994833,09948,160,https://enit.nseindia.com/MemDirWeb/brokerDetailPage_Beta?memID=160&h_MemType=members&memName=MILAN%20MAHENDRA%20SECURITIES%20PVT.%20LTD.
824,MURARILAL SARAF,INZ000258113,06500,176,https://enit.nseindia.com/MemDirWeb/brokerDetailPage_Beta?memID=176&h_MemType=members&memName=MURARILAL%20SARAF
825,ANAND RATHI SHARE AND STOCK BROKERS LIMITED,INZ000170832,06769,182,https://enit.nseindia.com/MemDirWeb/brokerDetailPage_Beta?memID=182&h_MemType=members&memName=ANAND%20RATHI%20SHARE%20AND%20STOCK%20BROKERS%20LIMITED
826,PRACTICAL FINANCIAL SERVICES PVT. LTD.,INZ000278634,06443,211,https://enit.nseindia.com/MemDirWeb/brokerDetailPage_Beta?memID=211&h_MemType=members&memName=PRACTICAL%20FINANCIAL%20SERVICES%20PVT.%20LTD.
827,CEEKAY HOLDINGS PVT.LTD.,INB230803536,08035,438,https://enit.nseindia.com/MemDirWeb/brokerDetailPage_Beta?memID=438&h_MemType=members&memName=CEEKAY%20HOLDINGS%20PVT.LTD.
828,GOLDMINE STOCKS PRIVATE LIMITED,INZ000182938,08846,443,https://enit.nseindia.com/MemDirWeb/brokerDetailPage_Beta?memID=443&h_MemType=members&memName=GOLDMINE%20STOCKS%20PRIVATE%20LIMITED
829,HORNIC INVESTMENT PVT. LTD.,INZ000220935,08148,445,https://enit.nseindia.com/MemDirWeb/brokerDetailPage_Beta?memID=445&h_MemType=members&memName=HORNIC%20INVESTMENT%20PVT.%20LTD.
830,INNOVATE SECURITIES PVT. LTD.,INZ000224735,07002,447,https://enit.nseindia.com/MemDirWeb/brokerDetailPage_Beta?memID=447&h_MemType=members&memName=INNOVATE%20SECURITIES%20PVT.%20LTD.
831,JBS SECURITIES PRIVATE LIMITED,INZ000191134,07840,449,https://enit.nseindia.com/MemDirWeb/brokerDetailPage_Beta?memID=449&h_MemType=members&memName=JBS%20SECURITIES%20PRIVATE%20LIMITED
832,DARASHAW SECURITIES PVT.LTD.,INZ000242934,05332,330,https://enit.nseindia.com/MemDirWeb/brokerDetailPage_Beta?memID=330&h_MemType=members&memName=DARASHAW%20SECURITIES%20PVT.LTD.
833,ICICI SECURITIES LIMITED,INZ000183631,07730,346,https://enit.nseindia.com/MemDirWeb/brokerDetailPage_Beta?memID=346&h_MemType=members&memName=ICICI%20SECURITIES%20LIMITED
834,SMIFS LIMITED,INZ000220635,05999,406,https://enit.nseindia.com/MemDirWeb/brokerDetailPage_Beta?memID=406&h_MemType=members&memName=SMIFS%20LIMITED
835,SOMAYAJULU & CO. LTD.,INZ000273538,06293,407,https://enit.nseindia.com/MemDirWeb/brokerDetailPage_Beta?memID=407&h_MemType=members&memName=SOMAYAJULU%20%26%20CO.%20LTD.
836,THE FIRST CUSTODIAN FUND (I) LTD,INZ000277934,06381,416,https://enit.nseindia.com/MemDirWeb/brokerDetailPage_Beta?memID=416&h_MemType=members&memName=THE%20FIRST%20CUSTODIAN%20FUND%20%28I%29%20LTD
837,MATHRAN SECURITIES PRIVATE LIMITED,INZ000205835,07079,562,https://enit.nseindia.com/MemDirWeb/brokerDetailPage_Beta?memID=562&h_MemType=members&memName=MATHRAN%20SECURITIES%20PRIVATE%20LIMITED
838,DJS STOCK AND SHARES LTD.,INZ000323934,06972,616,https://enit.nseindia.com/MemDirWeb/brokerDetailPage_Beta?memID=616&h_MemType=members&memName=DJS%20STOCK%20AND%20SHARES%20LTD.
839,ABHIPRA CAPITAL LTD.,INZ000285230,08150,623,https://enit.nseindia.com/MemDirWeb/brokerDetailPage_Beta?memID=623&h_MemType=members&memName=ABHIPRA%20CAPITAL%20LTD.
840,AGROY FINANCE AND INVESTMENT LIMITED,INZ000185530,06919,628,https://enit.nseindia.com/MemDirWeb/brokerDetailPage_Beta?memID=628&h_MemType=members&memName=AGROY%20FINANCE%20AND%20INVESTMENT%20LIMITED
841,SANTOSH KUMAR KEJRIWAL SECURITIES P LTD.,INZ000182035,07759,582,https://enit.nseindia.com/MemDirWeb/brokerDetailPage_Beta?memID=582&h_MemType=members&memName=SANTOSH%20KUMAR%20KEJRIWAL%20SECURITIES%20P%20LTD.
842,SARVIN CAPITAL PRIVATE LIMITED,INB230759237/INF230759237/INE230759237,07592,583,https://enit.nseindia.com/MemDirWeb/brokerDetailPage_Beta?memID=583&h_MemType=members&memName=SARVIN%20CAPITAL%20PRIVATE%20LIMITED
843,CHINTAMANI SHARES & BROKING LTD.,INB231477531/INF231477531/INE231477531,14775,461,https://enit.nseindia.com/MemDirWeb/brokerDetailPage_Beta?memID=461&h_MemType=members&memName=CHINTAMANI%20SHARES%20%26%20BROKING%20LTD.
844,DYNAMIC EQUITIES PRIVATE LIMITED,INZ000193533,10718,547,https://enit.nseindia.com/MemDirWeb/brokerDetailPage_Beta?memID=547&h_MemType=members&memName=DYNAMIC%20EQUITIES%20PRIVATE%20LIMITED
845,PROGRESSIVE SHARE BROKERS PRIVATE LIMITED,INZ000170639,08561,780,https://enit.nseindia.com/MemDirWeb/brokerDetailPage_Beta?memID=780&h_MemType=members&memName=PROGRESSIVE%20SHARE%20BROKERS%20PRIVATE%20LIMITED
846,R G SHARE BROKERS LTD.,INB230755035/INF230755035,07550,785,https://enit.nseindia.com/MemDirWeb/brokerDetailPage_Beta?memID=785&h_MemType=members&memName=R%20G%20SHARE%20BROKERS%20LTD.
847,DYNA WEGMANS SECURITIES LIMITED,INZ000258234,08143,676,https://enit.nseindia.com/MemDirWeb/brokerDetailPage_Beta?memID=676&h_MemType=members&memName=DYNA%20WEGMANS%20SECURITIES%20LIMITED
848,FARSIGHT SECURITIES LTD.,INZ000169935,08537,682,https://enit.nseindia.com/MemDirWeb/brokerDetailPage_Beta?memID=682&h_MemType=members&memName=FARSIGHT%20SECURITIES%20LTD.
849,ISF SECURITIES LTD.,INZ000211738,08763,710,https://enit.nseindia.com/MemDirWeb/brokerDetailPage_Beta?memID=710&h_MemType=members&memName=ISF%20SECURITIES%20LTD.
850,MULTIPLEX CAPITAL LTD.,INZ000005439,07837,752,https://enit.nseindia.com/MemDirWeb/brokerDetailPage_Beta?memID=752&h_MemType=members&memName=MULTIPLEX%20CAPITAL%20LTD.
851,O J FINANCIAL SERVICES LTD.,INZ000217037,07728,760,https://enit.nseindia.com/MemDirWeb/brokerDetailPage_Beta?memID=760&h_MemType=members&memName=O%20J%20FINANCIAL%20SERVICES%20LTD.
852,BETALA STOCK BROKING LIMITED,INZ000258432,09099,899,https://enit.nseindia.com/MemDirWeb/brokerDetailPage_Beta?memID=899&h_MemType=members&memName=BETALA%20STOCK%20BROKING%20LIMITED
853,MORGAN STANLEY INDIA COMPANY PRIVATE LIMITED,INZ000244438,10542,982,https://enit.nseindia.com/MemDirWeb/brokerDetailPage_Beta?memID=982&h_MemType=members&memName=MORGAN%20STANLEY%20INDIA%20COMPANY%20PRIVATE%20LIMITED
854,SUN N SUN FIN SERVICES LTD.,INZ000283232,07817,934,https://enit.nseindia.com/MemDirWeb/brokerDetailPage_Beta?memID=934&h_MemType=members&memName=SUN%20N%20SUN%20FIN%20SERVICES%20LTD.
855,KASAT SECURITIES PRIVATE LIMITED,INZ000275939,07546,953,https://enit.nseindia.com/MemDirWeb/brokerDetailPage_Beta?memID=953&h_MemType=members&memName=KASAT%20SECURITIES%20PRIVATE%20LIMITED
856,STANDARD STOCK BROKERS LTD.,INZ000255932,07016,803,https://enit.nseindia.com/MemDirWeb/brokerDetailPage_Beta?memID=803&h_MemType=members&memName=STANDARD%20STOCK%20BROKERS%20LTD.
857,S G STOCK SERVICES LTD.,INB230886230,08862,804,https://enit.nseindia.com/MemDirWeb/brokerDetailPage_Beta?memID=804&h_MemType=members&memName=S%20G%20STOCK%20SERVICES%20LTD.
858,SMP SECURITIES LTD.,INZ000274734,07784,821,https://enit.nseindia.com/MemDirWeb/brokerDetailPage_Beta?memID=821&h_MemType=members&memName=SMP%20SECURITIES%20LTD.
859,STAR SHARE & STOCK BROKERS LTD.,INB230771636/INF230771636,07716,826,https://enit.nseindia.com/MemDirWeb/brokerDetailPage_Beta?memID=826&h_MemType=members&memName=STAR%20SHARE%20%26%20STOCK%20BROKERS%20LTD.
860,VARUN BROKING INDIA LIMITED,INZ000167638,08044,841,https://enit.nseindia.com/MemDirWeb/brokerDetailPage_Beta?memID=841&h_MemType=members&memName=VARUN%20BROKING%20INDIA%20LIMITED
861,VICTORY FINANCIAL SERVICES LTD.,INZ000255831,09030,842,https://enit.nseindia.com/MemDirWeb/brokerDetailPage_Beta?memID=842&h_MemType=members&memName=VICTORY%20FINANCIAL%20SERVICES%20LTD.
862,VICTORY PORTFOLIO LTD,INZ000289431,07819,843,https://enit.nseindia.com/MemDirWeb/brokerDetailPage_Beta?memID=843&h_MemType=members&memName=VICTORY%20PORTFOLIO%20LTD
863,QUEST FIN-SEC MARKETS LIMITED,INZ000292538,08129,868,https://enit.nseindia.com/MemDirWeb/brokerDetailPage_Beta?memID=868&h_MemType=members&memName=QUEST%20FIN-SEC%20MARKETS%20LIMITED
864,SKS CAPITAL & RESEARCH PRIVATE LIMITED,INZ000223739,11179,1673,https://enit.nseindia.com/MemDirWeb/brokerDetailPage_Beta?memID=1673&h_MemType=members&memName=SKS%20CAPITAL%20%26%20RESEARCH%20PRIVATE%20LIMITED
865,CANNY SECURITIES PVT. LTD.,INB230886739/INF230886739,08867,1043,https://enit.nseindia.com/MemDirWeb/brokerDetailPage_Beta?memID=1043&h_MemType=members&memName=CANNY%20SECURITIES%20PVT.%20LTD.
866,ARCH FINANCE LTD.,INZ000206539,09698,1098,https://enit.nseindia.com/MemDirWeb/brokerDetailPage_Beta?memID=1098&h_MemType=members&memName=ARCH%20FINANCE%20LTD.
867,GATEWAY FINANCIAL SERVICES LIMITED,INZ000247937,09344,1161,https://enit.nseindia.com/MemDirWeb/brokerDetailPage_Beta?memID=1161&h_MemType=members&memName=GATEWAY%20FINANCIAL%20SERVICES%20LIMITED
868,DOLAT CAPITAL MARKET PVT. LTD.,INZ000274132,07100,1168,https://enit.nseindia.com/MemDirWeb/brokerDetailPage_Beta?memID=1168&h_MemType=members&memName=DOLAT%20CAPITAL%20MARKET%20PVT.%20LTD.
869,SKSE SECURITIES LTD.,INZ000293432,10760,1769,https://enit.nseindia.com/MemDirWeb/brokerDetailPage_Beta?memID=1769&h_MemType=members&memName=SKSE%20SECURITIES%20LTD.
870,ANS PVT. LTD.,INZ000196431,10585,1885,https://enit.nseindia.com/MemDirWeb/brokerDetailPage_Beta?memID=1885&h_MemType=members&memName=ANS%20PVT.%20LTD.
871,MAVERICK SHARE BROKERS  PRIVATE LIMITED,INZ000103531,11604,1836,https://enit.nseindia.com/MemDirWeb/brokerDetailPage_Beta?memID=1836&h_MemType=members&memName=MAVERICK%20SHARE%20BROKERS%20%20PRIVATE%20LIMITED
872,WEALTH MANTRA LIMITED,INB231168635/INF231168635/INE231168635,11686,1842,https://enit.nseindia.com/MemDirWeb/brokerDetailPage_Beta?memID=1842&h_MemType=members&memName=WEALTH%20MANTRA%20LIMITED
873,CAPSTOCKS & SECURITIES (INDIA) PRIVATE LIMITED,INZ000165931,11674,1846,https://enit.nseindia.com/MemDirWeb/brokerDetailPage_Beta?memID=1846&h_MemType=members&memName=CAPSTOCKS%20%26%20SECURITIES%20%28INDIA%29%20PRIVATE%20LIMITED
874,GOYAL STOCK TRADING PRIVATE LIMITED,INZ000256132,11203,1687,https://enit.nseindia.com/MemDirWeb/brokerDetailPage_Beta?memID=1687&h_MemType=members&memName=GOYAL%20STOCK%20TRADING%20PRIVATE%20LIMITED
875,ABHIK FINANCE PRIVATE LIMITED,INZ000294339,11204,1692,https://enit.nseindia.com/MemDirWeb/brokerDetailPage_Beta?memID=1692&h_MemType=members&memName=ABHIK%20FINANCE%20PRIVATE%20LIMITED
876,LOKNATH SARAF SECURITIES PVT. LTD.,INZ000292736,10180,1696,https://enit.nseindia.com/MemDirWeb/brokerDetailPage_Beta?memID=1696&h_MemType=members&memName=LOKNATH%20SARAF%20SECURITIES%20PVT.%20LTD.
877,THE OMNISCIENT SECURITIES PVT. LTD.,INZ000227433,10474,1706,https://enit.nseindia.com/MemDirWeb/brokerDetailPage_Beta?memID=1706&h_MemType=members&memName=THE%20OMNISCIENT%20SECURITIES%20PVT.%20LTD.
878,HDFC SECURITIES LTD.,INZ000186937,11094,1708,https://enit.nseindia.com/MemDirWeb/brokerDetailPage_Beta?memID=1708&h_MemType=members&memName=HDFC%20SECURITIES%20LTD.
879,SAURASHTRA CAPITAL BROKING PRIVATE LIMITED,INZ000246238,07480,1725,https://enit.nseindia.com/MemDirWeb/brokerDetailPage_Beta?memID=1725&h_MemType=members&memName=SAURASHTRA%20CAPITAL%20BROKING%20PRIVATE%20LIMITED
880,SWASTIKA INVESTMART LIMITED,INZ000192732,11297,1728,https://enit.nseindia.com/MemDirWeb/brokerDetailPage_Beta?memID=1728&h_MemType=members&memName=SWASTIKA%20INVESTMART%20LIMITED
881,KHAMBATTA SECURITIES LTD.,INZ000261131,09775,1743,https://enit.nseindia.com/MemDirWeb/brokerDetailPage_Beta?memID=1743&h_MemType=members&memName=KHAMBATTA%20SECURITIES%20LTD.
882,SHARE INDIA SECURITIES LIMITED,INZ000178336,10798,1745,https://enit.nseindia.com/MemDirWeb/brokerDetailPage_Beta?memID=1745&h_MemType=members&memName=SHARE%20INDIA%20SECURITIES%20LIMITED
883,SAMRIDHI STOCKS PVT. LTD.,INZ000191233,12733,2013,https://enit.nseindia.com/MemDirWeb/brokerDetailPage_Beta?memID=2013&h_MemType=members&memName=SAMRIDHI%20STOCKS%20PVT.%20LTD.
884,KARUNA FINANCIAL SERVICES PVT. LTD,INZ000197038,12048,1894,https://enit.nseindia.com/MemDirWeb/brokerDetailPage_Beta?memID=1894&h_MemType=members&memName=KARUNA%20FINANCIAL%20SERVICES%20PVT.%20LTD
885,SSM SECURITIES PVT. LTD.,INZ000194130,10864,1905,https://enit.nseindia.com/MemDirWeb/brokerDetailPage_Beta?memID=1905&h_MemType=members&memName=SSM%20SECURITIES%20PVT.%20LTD.
886,SAFAL CAPITAL (INDIA) LIMITED,INZ000155333,11027,1925,https://enit.nseindia.com/MemDirWeb/brokerDetailPage_Beta?memID=1925&h_MemType=members&memName=SAFAL%20CAPITAL%20%28INDIA%29%20LIMITED
887,R WADIWALA SECURITIES PVT. LTD.,INZ000187332,12219,1937,https://enit.nseindia.com/MemDirWeb/brokerDetailPage_Beta?memID=1937&h_MemType=members&memName=R%20WADIWALA%20SECURITIES%20PVT.%20LTD.
888,DESTINY SECURITIES LTD.,INZ000206835,12418,1961,https://enit.nseindia.com/MemDirWeb/brokerDetailPage_Beta?memID=1961&h_MemType=members&memName=DESTINY%20SECURITIES%20LTD.
889,ZUARI FINSERV LIMITED,INZ000162134,10521,1976,https://enit.nseindia.com/MemDirWeb/brokerDetailPage_Beta?memID=1976&h_MemType=members&memName=ZUARI%20FINSERV%20LIMITED
890,ASIAN MARKETS SECURITIES PVT. LTD.,INZ000226632,09771,1981,https://enit.nseindia.com/MemDirWeb/brokerDetailPage_Beta?memID=1981&h_MemType=members&memName=ASIAN%20MARKETS%20SECURITIES%20PVT.%20LTD.
891,R.K. STOCKHOLDING (P) LTD.,INZ000211932,12310,1984,https://enit.nseindia.com/MemDirWeb/brokerDetailPage_Beta?memID=1984&h_MemType=members&memName=R.K.%20STOCKHOLDING%20%28P%29%20LTD.
892,AMBIT CAPITAL PRIVATE LIMITED,INZ000259334,12476,1986,https://enit.nseindia.com/MemDirWeb/brokerDetailPage_Beta?memID=1986&h_MemType=members&memName=AMBIT%20CAPITAL%20PRIVATE%20LIMITED
893,NG RATHI INVESTRADES PRIVATED LIMITED,INB231255432/INF231255432,12554,1989,https://enit.nseindia.com/MemDirWeb/brokerDetailPage_Beta?memID=1989&h_MemType=members&memName=NG%20RATHI%20INVESTRADES%20PRIVATED%20LIMITED
894,FICUS SECURITIES PRIVATE LIMITED,INB231298630/INF231298630/INE231298630,12986,2140,https://enit.nseindia.com/MemDirWeb/brokerDetailPage_Beta?memID=2140&h_MemType=members&memName=FICUS%20SECURITIES%20PRIVATE%20LIMITED
895,INTERACTIVE BROKERS (INDIA) PRIVATE LIMITED,INZ000217730,12880,2108,https://enit.nseindia.com/MemDirWeb/brokerDetailPage_Beta?memID=2108&h_MemType=members&memName=INTERACTIVE%20BROKERS%20%28INDIA%29%20PRIVATE%20LIMITED
896,ELARA SECURITIES (INDIA) PRIVATE LIMITED,INZ000238236,12898,2118,https://enit.nseindia.com/MemDirWeb/brokerDetailPage_Beta?memID=2118&h_MemType=members&memName=ELARA%20SECURITIES%20%28INDIA%29%20PRIVATE%20LIMITED
897,S D NISSAR SECURITIES PRIVATE LIMITED,INB231291338/INF231291338,12913,2125,https://enit.nseindia.com/MemDirWeb/brokerDetailPage_Beta?memID=2125&h_MemType=members&memName=S%20D%20NISSAR%20SECURITIES%20PRIVATE%20LIMITED
898,MONEY LOGIX SECURITIES PRIVATE LIMITED,INZ000235531,12971,2162,https://enit.nseindia.com/MemDirWeb/brokerDetailPage_Beta?memID=2162&h_MemType=members&memName=MONEY%20LOGIX%20SECURITIES%20PRIVATE%20LIMITED
899,GKN SECURITIES,INZ000190027,13385,2189,https://enit.nseindia.com/MemDirWeb/brokerDetailPage_Beta?memID=2189&h_MemType=members&memName=GKN%20SECURITIES
900,VIKSON SECURITIES PRIVATE LIMITED,INZ000192233,13810,2190,https://enit.nseindia.com/MemDirWeb/brokerDetailPage_Beta?memID=2190&h_MemType=members&memName=VIKSON%20SECURITIES%20PRIVATE%20LIMITED
901,BULL BROTHER FINANCE PVT LTD,INZ000282816,12993,2216,https://enit.nseindia.com/MemDirWeb/brokerDetailPage_Beta?memID=2216&h_MemType=members&memName=BULL%20BROTHER%20FINANCE%20PVT%20LTD
902,RAMESHWARAM CAPITAL MARKET,INZ000224114,13029,2221,https://enit.nseindia.com/MemDirWeb/brokerDetailPage_Beta?memID=2221&h_MemType=members&memName=RAMESHWARAM%20CAPITAL%20MARKET
903,PROBULLS STOCKBROKING PRIVATE LIMITED,INZ000210932,13043,2236,https://enit.nseindia.com/MemDirWeb/brokerDetailPage_Beta?memID=2236&h_MemType=members&memName=PROBULLS%20STOCKBROKING%20PRIVATE%20LIMITED
904,PCJ HOLDINGS PRIVATE LIMITED,INZ000068536,13096,2248,https://enit.nseindia.com/MemDirWeb/brokerDetailPage_Beta?memID=2248&h_MemType=members&memName=PCJ%20HOLDINGS%20PRIVATE%20LIMITED
905,RAVECHI SECURITIES,INB231301913/INF231301913,13019,2255,https://enit.nseindia.com/MemDirWeb/brokerDetailPage_Beta?memID=2255&h_MemType=members&memName=RAVECHI%20SECURITIES
906,RAVECHI SECURITIES,INB231301913/INF231301913,13019,2255,https://enit.nseindia.com/MemDirWeb/brokerDetailPage_Beta?memID=2255&h_MemType=members&memName=RAVECHI%20SECURITIES
907,STRATAGEM STOCK BROKER PRIVATE LIMITED,INZ000221434,13725,2462,https://enit.nseindia.com/MemDirWeb/brokerDetailPage_Beta?memID=2462&h_MemType=members&memName=STRATAGEM%20STOCK%20BROKER%20PRIVATE%20LIMITED
908,KARMA STOCK TRADE LIMITED,INB231382939/INF231382939/INE231382939,13829,2506,https://enit.nseindia.com/MemDirWeb/brokerDetailPage_Beta?memID=2506&h_MemType=members&memName=KARMA%20STOCK%20TRADE%20LIMITED
909,ARISTRO CAPITAL MARKETS LIMITED,INZ000219238,13959,2518,https://enit.nseindia.com/MemDirWeb/brokerDetailPage_Beta?memID=2518&h_MemType=members&memName=ARISTRO%20CAPITAL%20MARKETS%20LIMITED
910,AXIS CAPITAL LIMITED,INZ000189931,13872,2519,https://enit.nseindia.com/MemDirWeb/brokerDetailPage_Beta?memID=2519&h_MemType=members&memName=AXIS%20CAPITAL%20LIMITED
911,NIRMAL BANG EQUITIES PRIVATE LIMITED,INZ000186135,13437,2391,https://enit.nseindia.com/MemDirWeb/brokerDetailPage_Beta?memID=2391&h_MemType=members&memName=NIRMAL%20BANG%20EQUITIES%20PRIVATE%20LIMITED
912,NYCE SECURITIES & DERIVATIVES LIMITED,INZ000208937,13608,2421,https://enit.nseindia.com/MemDirWeb/brokerDetailPage_Beta?memID=2421&h_MemType=members&memName=NYCE%20SECURITIES%20%26%20DERIVATIVES%20LIMITED
913,MARKET-HUB STOCK BROKING PRIVATE LIMITED,INZ000211837,13727,2455,https://enit.nseindia.com/MemDirWeb/brokerDetailPage_Beta?memID=2455&h_MemType=members&memName=MARKET-HUB%20STOCK%20BROKING%20PRIVATE%20LIMITED
914,BHANSALI VALUE CREATIONS PRIVATE LIMITED,INZ000245833,14461,2771,https://enit.nseindia.com/MemDirWeb/brokerDetailPage_Beta?memID=2771&h_MemType=members&memName=BHANSALI%20VALUE%20CREATIONS%20PRIVATE%20LIMITED
915,THE CALCUTTA STOCK EXCHANGE LIMITED,00003/INF231458136,00003,2808,https://enit.nseindia.com/MemDirWeb/brokerDetailPage_Beta?memID=2808&h_MemType=members&memName=THE%20CALCUTTA%20STOCK%20EXCHANGE%20LIMITED
916,INA STOCK BROKING COMPANY PRIVATE LIMITED,INZ000234636,09955,2627,https://enit.nseindia.com/MemDirWeb/brokerDetailPage_Beta?memID=2627&h_MemType=members&memName=INA%20STOCK%20BROKING%20COMPANY%20PRIVATE%20LIMITED
917,DEUTSCHE BANK AG,INB231340030 /INE231340030,13400,2158,https://enit.nseindia.com/MemDirWeb/brokerDetailPage_Beta?memID=2158&h_MemType=members&memName=DEUTSCHE%20BANK%20AG
918,BURGEON SECURITIES,INZ000195328,14376,2705,https://enit.nseindia.com/MemDirWeb/brokerDetailPage_Beta?memID=2705&h_MemType=members&memName=BURGEON%20SECURITIES
919,VRAMATH FINANCIAL SERVICES PRIVATE LIMITED,INZ000249130,14792,2871,https://enit.nseindia.com/MemDirWeb/brokerDetailPage_Beta?memID=2871&h_MemType=members&memName=VRAMATH%20FINANCIAL%20SERVICES%20PRIVATE%20LIMITED
920,VAJRAADITYA VENTURES,INZ000174423,14925,2865,https://enit.nseindia.com/MemDirWeb/brokerDetailPage_Beta?memID=2865&h_MemType=members&memName=VAJRAADITYA%20VENTURES
921,ARYA FIN-TRADE SERVICES(INDIA) PRIVATE LIMITED,INZ000181536,90012,2893,https://enit.nseindia.com/MemDirWeb/brokerDetailPage_Beta?memID=2893&h_MemType=members&memName=ARYA%20FIN-TRADE%20SERVICES%28INDIA%29%20PRIVATE%20LIMITED
922,GANGANAGAR COMMODITY LIMITED,INZ000016737,90046,2924,https://enit.nseindia.com/MemDirWeb/brokerDetailPage_Beta?memID=2924&h_MemType=members&memName=GANGANAGAR%20COMMODITY%20LIMITED
923,FYERS SECURITIES PRIVATE LIMITED,INZ000008524,90061,2935,https://enit.nseindia.com/MemDirWeb/brokerDetailPage_Beta?memID=2935&h_MemType=members&memName=FYERS%20SECURITIES%20PRIVATE%20LIMITED
924,TWO ROADS TRADING PRIVATE LIMITED,INZ000003830,90044,2917,https://enit.nseindia.com/MemDirWeb/brokerDetailPage_Beta?memID=2917&h_MemType=members&memName=TWO%20ROADS%20TRADING%20PRIVATE%20LIMITED
925,KREDENT TRADING LLP,INZ000014332,90071,2949,https://enit.nseindia.com/MemDirWeb/brokerDetailPage_Beta?memID=2949&h_MemType=members&memName=KREDENT%20TRADING%20LLP
926,SERNET FINANCIAL SERVICES PRIVATE LIMITED,INZ000189331,90073,2954,https://enit.nseindia.com/MemDirWeb/brokerDetailPage_Beta?memID=2954&h_MemType=members&memName=SERNET%20FINANCIAL%20SERVICES%20PRIVATE%20LIMITED
927,NANGALIA STOCK BROKING PVT LTD,INZ000230337,90079,2956,https://enit.nseindia.com/MemDirWeb/brokerDetailPage_Beta?memID=2956&h_MemType=members&memName=NANGALIA%20STOCK%20BROKING%20PVT%20LTD
928,QE SECURITIES LLP,INZ000041822,90083,2951,https://enit.nseindia.com/MemDirWeb/brokerDetailPage_Beta?memID=2951&h_MemType=members&memName=QE%20SECURITIES%20LLP
929,SUNLIGHT BROKING LLP,INZ000048660,90084,2960,https://enit.nseindia.com/MemDirWeb/brokerDetailPage_Beta?memID=2960&h_MemType=members&memName=SUNLIGHT%20BROKING%20LLP
930,ARYAMAN CAPITAL MARKETS LIMITED,INZ000004739,90085,2963,https://enit.nseindia.com/MemDirWeb/brokerDetailPage_Beta?memID=2963&h_MemType=members&memName=ARYAMAN%20CAPITAL%20MARKETS%20LIMITED
931,ACHINTYA COMMODITIES PRIVATE LIMITED,INZ000015535,90438,3307,https://enit.nseindia.com/MemDirWeb/brokerDetailPage_Beta?memID=3307&h_MemType=members&memName=ACHINTYA%20COMMODITIES%20PRIVATE%20LIMITED
932,TRDEZ INVESTMENT PRIVATE LIMITED,INZ000311938,90366,3238,https://enit.nseindia.com/MemDirWeb/brokerDetailPage_Beta?memID=3238&h_MemType=members&memName=TRDEZ%20INVESTMENT%20PRIVATE%20LIMITED
933,PINDI SECURITIES LLP,INZ000315755,90342,3214,https://enit.nseindia.com/MemDirWeb/brokerDetailPage_Beta?memID=3214&h_MemType=members&memName=PINDI%20SECURITIES%20LLP
934,ANV BROKING,INZ000283615,14013,2541,https://enit.nseindia.com/MemDirWeb/brokerDetailPage_Beta?memID=2541&h_MemType=members&memName=ANV%20BROKING
935,SONAWALA GLOBAL EQUITIES PRIVATE LIMITED,INZ000279713,06779,175,https://enit.nseindia.com/MemDirWeb/brokerDetailPage_Beta?memID=175&h_MemType=members&memName=SONAWALA%20GLOBAL%20EQUITIES%20PRIVATE%20LIMITED
936,CENTRUM FINVERSE LIMITED,INZ000317534,90380,3252,https://enit.nseindia.com/MemDirWeb/brokerDetailPage_Beta?memID=3252&h_MemType=members&memName=CENTRUM%20FINVERSE%20LIMITED
937,KARAMAZOV QUANTS LLP,INZ000315955,90352,3223,https://enit.nseindia.com/MemDirWeb/brokerDetailPage_Beta?memID=3223&h_MemType=members&memName=KARAMAZOV%20QUANTS%20LLP
938,APEX FINGROW PRIVATE LIMITED,INZ000318730,90390,3263,https://enit.nseindia.com/MemDirWeb/brokerDetailPage_Beta?memID=3263&h_MemType=members&memName=APEX%20FINGROW%20PRIVATE%20LIMITED
939,MSN SECURITIES PVT. LTD.,INZ000230036,12771,2053,https://enit.nseindia.com/MemDirWeb/brokerDetailPage_Beta?memID=2053&h_MemType=members&memName=MSN%20SECURITIES%20PVT.%20LTD.
940,NAMAH CAPITAL RESOURCES LTD.,INZ000237836,11254,1707,https://enit.nseindia.com/MemDirWeb/brokerDetailPage_Beta?memID=1707&h_MemType=members&memName=NAMAH%20CAPITAL%20RESOURCES%20LTD.
941,J .P. MORGAN INDIA PRIVATE LIMITED,INZ000239730,06752,116,https://enit.nseindia.com/MemDirWeb/brokerDetailPage_Beta?memID=116&h_MemType=members&memName=J%20.P.%20MORGAN%20INDIA%20PRIVATE%20LIMITED
942,MARKETWOLF SECURITIES PRIVATE LIMITED,INZ000228534,90166,3042,https://enit.nseindia.com/MemDirWeb/brokerDetailPage_Beta?memID=3042&h_MemType=members&memName=MARKETWOLF%20SECURITIES%20PRIVATE%20LIMITED
943,SHREEKANT PHUMBHRA,INZ000241419,05566,587,https://enit.nseindia.com/MemDirWeb/brokerDetailPage_Beta?memID=587&h_MemType=members&memName=SHREEKANT%20PHUMBHRA
944,NEO APEX SHARE BROKING SERVICES LLP,INZ000313854,90346,3217,https://enit.nseindia.com/MemDirWeb/brokerDetailPage_Beta?memID=3217&h_MemType=members&memName=NEO%20APEX%20SHARE%20BROKING%20SERVICES%20LLP
945,NDB SECURITIES PRIVATE LIMITED,INZ000178232,90009,2882,https://enit.nseindia.com/MemDirWeb/brokerDetailPage_Beta?memID=2882&h_MemType=members&memName=NDB%20SECURITIES%20PRIVATE%20LIMITED
946,SPARK PWM PRIVATE LIMITED,INZ000285135,90179,3057,https://enit.nseindia.com/MemDirWeb/brokerDetailPage_Beta?memID=3057&h_MemType=members&memName=SPARK%20PWM%20PRIVATE%20LIMITED
947,CAPS GOLD PRIVATE LTD,INZ000067680,90288,3155,https://enit.nseindia.com/MemDirWeb/brokerDetailPage_Beta?memID=3155&h_MemType=members&memName=CAPS%20GOLD%20PRIVATE%20LTD
948,OBSIDIAN INVESTMENT PRIVATE LIMITED,INZ000330031,90476,3342,https://enit.nseindia.com/MemDirWeb/brokerDetailPage_Beta?memID=3342&h_MemType=members&memName=OBSIDIAN%20INVESTMENT%20PRIVATE%20LIMITED
949,ALLVEST SECURITIES PRIVATE LIMITED,INZ000330839,90469,3335,https://enit.nseindia.com/MemDirWeb/brokerDetailPage_Beta?memID=3335&h_MemType=members&memName=ALLVEST%20SECURITIES%20PRIVATE%20LIMITED
950,SHARE INDIA ALGOPLUS PRIVATE LIMITED,INZ000301934,90273,3147,https://enit.nseindia.com/MemDirWeb/brokerDetailPage_Beta?memID=3147&h_MemType=members&memName=SHARE%20INDIA%20ALGOPLUS%20PRIVATE%20LIMITED
951,GRETEX SHARE BROKING LIMITED,INZ000166934,90287,3154,https://enit.nseindia.com/MemDirWeb/brokerDetailPage_Beta?memID=3154&h_MemType=members&memName=GRETEX%20SHARE%20BROKING%20LIMITED
952,PSYNANCE TRADING LLP,INZ000309457,90300,3170,https://enit.nseindia.com/MemDirWeb/brokerDetailPage_Beta?memID=3170&h_MemType=members&memName=PSYNANCE%20TRADING%20LLP
953,BHAIJEE BROKING & INVESTMENTS PRIVATE LIMITED,INZ000089933,12999,2214,https://enit.nseindia.com/MemDirWeb/brokerDetailPage_Beta?memID=2214&h_MemType=members&memName=BHAIJEE%20BROKING%20%26%20INVESTMENTS%20PRIVATE%20LIMITED
954,WADHWA SECURITIES LIMITED,INZ000236838,09818,2212,https://enit.nseindia.com/MemDirWeb/brokerDetailPage_Beta?memID=2212&h_MemType=members&memName=WADHWA%20SECURITIES%20LIMITED
955,CANARA BANK SECURITIES LIMITED,INZ000279135,12802,2078,https://enit.nseindia.com/MemDirWeb/brokerDetailPage_Beta?memID=2078&h_MemType=members&memName=CANARA%20BANK%20SECURITIES%20LIMITED
956,R R CHOKHANI STOCK BROKERS PVT LTD,INZ000253835,10454,228,https://enit.nseindia.com/MemDirWeb/brokerDetailPage_Beta?memID=228&h_MemType=members&memName=R%20R%20CHOKHANI%20STOCK%20BROKERS%20PVT%20LTD
957,PRASHANT JAYANTILAL PATEL,INZ000266511,06498,215,https://enit.nseindia.com/MemDirWeb/brokerDetailPage_Beta?memID=215&h_MemType=members&memName=PRASHANT%20JAYANTILAL%20PATEL
958,FINANCE MONITOR INDIA PRIVATE LIMITED,INZ000250337,07129,498,https://enit.nseindia.com/MemDirWeb/brokerDetailPage_Beta?memID=498&h_MemType=members&memName=FINANCE%20MONITOR%20INDIA%20PRIVATE%20LIMITED
959,TROO TRIBE TECH LIMITED,INZ000292638,07276,81,https://enit.nseindia.com/MemDirWeb/brokerDetailPage_Beta?memID=81&h_MemType=members&memName=TROO%20TRIBE%20TECH%20LIMITED
960,DOOGAR & ASSOCIATES SECURITIES PVT. LTD.,INZ000251837,08761,700,https://enit.nseindia.com/MemDirWeb/brokerDetailPage_Beta?memID=700&h_MemType=members&memName=DOOGAR%20%26%20ASSOCIATES%20SECURITIES%20PVT.%20LTD.
961,L.D.K. SHARES & SECURITIES PRIVATE LIMITED,INZ000269834,11603,1810,https://enit.nseindia.com/MemDirWeb/brokerDetailPage_Beta?memID=1810&h_MemType=members&memName=L.D.K.%20SHARES%20%26%20SECURITIES%20PRIVATE%20LIMITED
962,EPP SECURITIES PRIVATE LIMITED,INZ000301733,90240,3115,https://enit.nseindia.com/MemDirWeb/brokerDetailPage_Beta?memID=3115&h_MemType=members&memName=EPP%20SECURITIES%20PRIVATE%20LIMITED
963,UNITED SHARE BROKERS LTD,INZ000235634,08380,715,https://enit.nseindia.com/MemDirWeb/brokerDetailPage_Beta?memID=715&h_MemType=members&memName=UNITED%20SHARE%20BROKERS%20LTD
964,GLOBE DERIVATIVES AND SECURITIES LIMITED,INZ000312637,90338,3209,https://enit.nseindia.com/MemDirWeb/brokerDetailPage_Beta?memID=3209&h_MemType=members&memName=GLOBE%20DERIVATIVES%20AND%20SECURITIES%20LIMITED
965,PRIYASHA-MEVEN FINANCE LTD.,INZ000243235,06460,220,https://enit.nseindia.com/MemDirWeb/brokerDetailPage_Beta?memID=220&h_MemType=members&memName=PRIYASHA-MEVEN%20FINANCE%20LTD.
966,DEEPAK GUPTA,INZ000297911,90222,3099,https://enit.nseindia.com/MemDirWeb/brokerDetailPage_Beta?memID=3099&h_MemType=members&memName=DEEPAK%20GUPTA
967,SBI-SG GLOBAL SECURITIES SERVICES PRIVATE LIMITED,INZ000164039,13768,2388,https://enit.nseindia.com/MemDirWeb/brokerDetailPage_Beta?memID=2388&h_MemType=members&memName=SBI-SG%20GLOBAL%20SECURITIES%20SERVICES%20PRIVATE%20LIMITED
968,TRADE PULSE BROKING PRIVATE LIMITED,INZ000322030,90416,3287,https://enit.nseindia.com/MemDirWeb/brokerDetailPage_Beta?memID=3287&h_MemType=members&memName=TRADE%20PULSE%20BROKING%20PRIVATE%20LIMITED
969,BANSAL SHARES AND SECURITIES PRIVATE LIMITED,INZ000326036,90435,3305,https://enit.nseindia.com/MemDirWeb/brokerDetailPage_Beta?memID=3305&h_MemType=members&memName=BANSAL%20SHARES%20AND%20SECURITIES%20PRIVATE%20LIMITED
970,STOCKOLOGY SECURITIES PRIVATE LIMITED,INZ000326233,90434,3304,https://enit.nseindia.com/MemDirWeb/brokerDetailPage_Beta?memID=3304&h_MemType=members&memName=STOCKOLOGY%20SECURITIES%20PRIVATE%20LIMITED
971,PARKER DERIVATIVES (INDIA) PRIVATE LIMITED,INZ000170932,13343,2377,https://enit.nseindia.com/MemDirWeb/brokerDetailPage_Beta?memID=2377&h_MemType=members&memName=PARKER%20DERIVATIVES%20%28INDIA%29%20PRIVATE%20LIMITED
972,DINDAYAL BIYANI SECURITIES PRIVATE LIMITED,INZ000205734,13536,123,https://enit.nseindia.com/MemDirWeb/brokerDetailPage_Beta?memID=123&h_MemType=members&memName=DINDAYAL%20BIYANI%20SECURITIES%20PRIVATE%20LIMITED
973,TRADETALK RESEARCH PRIVATE LIMITED,INZ000329031,90473,3339,https://enit.nseindia.com/MemDirWeb/brokerDetailPage_Beta?memID=3339&h_MemType=members&memName=TRADETALK%20RESEARCH%20PRIVATE%20LIMITED
974,DP TRADEKING PVT LTD,INZ000097030,90100,2973,https://enit.nseindia.com/MemDirWeb/brokerDetailPage_Beta?memID=2973&h_MemType=members&memName=DP%20TRADEKING%20PVT%20LTD
975,SHRI RAM COMMODITIES,INZ000029627,90150,3025,https://enit.nseindia.com/MemDirWeb/brokerDetailPage_Beta?memID=3025&h_MemType=members&memName=SHRI%20RAM%20COMMODITIES
976,SHILPA STOCK BROKER PRIVATE LIMITED,INZ000201636,10574,1753,https://enit.nseindia.com/MemDirWeb/brokerDetailPage_Beta?memID=1753&h_MemType=members&memName=SHILPA%20STOCK%20BROKER%20PRIVATE%20LIMITED
977,YUVRAJ SECURITIES,INZ000165313,90131,3007,https://enit.nseindia.com/MemDirWeb/brokerDetailPage_Beta?memID=3007&h_MemType=members&memName=YUVRAJ%20SECURITIES
978,ASHLAR SECURITIES PRIVATE LIMITED,INZ000203739,13718,2458,https://enit.nseindia.com/MemDirWeb/brokerDetailPage_Beta?memID=2458&h_MemType=members&memName=ASHLAR%20SECURITIES%20PRIVATE%20LIMITED
979,DAM CAPITAL ADVISORS LIMITED,INZ000207137,12914,398,https://enit.nseindia.com/MemDirWeb/brokerDetailPage_Beta?memID=398&h_MemType=members&memName=DAM%20CAPITAL%20ADVISORS%20LIMITED
980,MONEYWISE FINVEST LIMITED,INZ000196835,90161,3037,https://enit.nseindia.com/MemDirWeb/brokerDetailPage_Beta?memID=3037&h_MemType=members&memName=MONEYWISE%20FINVEST%20LIMITED
981,VIBRANT SECURITIES PVT. LTD.,INZ000220733,06458,299,https://enit.nseindia.com/MemDirWeb/brokerDetailPage_Beta?memID=299&h_MemType=members&memName=VIBRANT%20SECURITIES%20PVT.%20LTD.
982,AFCO INVESTMENTS SERVICES PVT. LTD.,INZ000104430,90121,2997,https://enit.nseindia.com/MemDirWeb/brokerDetailPage_Beta?memID=2997&h_MemType=members&memName=AFCO%20INVESTMENTS%20SERVICES%20PVT.%20LTD.
983,VINEET SECURITIES (P) LTD.,INZ000191936,11402,1952,https://enit.nseindia.com/MemDirWeb/brokerDetailPage_Beta?memID=1952&h_MemType=members&memName=VINEET%20SECURITIES%20%28P%29%20LTD.
984,ENRICH FINANCIAL MARKET PRIVATE LIMITED,INZ000078632,90145,3021,https://enit.nseindia.com/MemDirWeb/brokerDetailPage_Beta?memID=3021&h_MemType=members&memName=ENRICH%20FINANCIAL%20MARKET%20PRIVATE%20LIMITED
985,GENUINE STOCK BROKERS PVT LTD,INZ000243831,10477,2086,https://enit.nseindia.com/MemDirWeb/brokerDetailPage_Beta?memID=2086&h_MemType=members&memName=GENUINE%20STOCK%20BROKERS%20PVT%20LTD
986,SHRIRAM INSIGHT SHARE BROKERS LIMITED,INZ000216238,13486,1104,https://enit.nseindia.com/MemDirWeb/brokerDetailPage_Beta?memID=1104&h_MemType=members&memName=SHRIRAM%20INSIGHT%20SHARE%20BROKERS%20LIMITED
987,KALPALABDHI FINANCIALS PRIVATE LIMITED,INZ000171733,90149,3026,https://enit.nseindia.com/MemDirWeb/brokerDetailPage_Beta?memID=3026&h_MemType=members&memName=KALPALABDHI%20FINANCIALS%20PRIVATE%20LIMITED
988,PAYTM MONEY LTD.,INZ000240532,90165,3041,https://enit.nseindia.com/MemDirWeb/brokerDetailPage_Beta?memID=3041&h_MemType=members&memName=PAYTM%20MONEY%20LTD.
989,GSB SECURITIES PVT LTD,INZ000245032,09025,548,https://enit.nseindia.com/MemDirWeb/brokerDetailPage_Beta?memID=548&h_MemType=members&memName=GSB%20SECURITIES%20PVT%20LTD
990,ACME CAPITAL MARKET LIMITED,INZ000311839,90377,3249,https://enit.nseindia.com/MemDirWeb/brokerDetailPage_Beta?memID=3249&h_MemType=members&memName=ACME%20CAPITAL%20MARKET%20LIMITED
991,TRACOM STOCK BROKERS PVT.LTD.,INZ000246930,08154,474,https://enit.nseindia.com/MemDirWeb/brokerDetailPage_Beta?memID=474&h_MemType=members&memName=TRACOM%20STOCK%20BROKERS%20PVT.LTD.
992,AFN LANGRANA SHARE & STOCK BROKERS P. LTD,INZ000249037,09772,25,https://enit.nseindia.com/MemDirWeb/brokerDetailPage_Beta?memID=25&h_MemType=members&memName=AFN%20LANGRANA%20SHARE%20%26%20STOCK%20BROKERS%20P.%20LTD
993,MAX STOCK BROKING PRIVATE LIMITED,INZ000280532,13010,2184,https://enit.nseindia.com/MemDirWeb/brokerDetailPage_Beta?memID=2184&h_MemType=members&memName=MAX%20STOCK%20BROKING%20PRIVATE%20LIMITED
994,SHREE BALAJI MULTICOMMODITIES PVT LTD,INZ000077535,90202,3079,https://enit.nseindia.com/MemDirWeb/brokerDetailPage_Beta?memID=3079&h_MemType=members&memName=SHREE%20BALAJI%20MULTICOMMODITIES%20PVT%20LTD
995,TATA FINTECH PRIVATE LIMITED,INZ000308636,90291,3158,https://enit.nseindia.com/MemDirWeb/brokerDetailPage_Beta?memID=3158&h_MemType=members&memName=TATA%20FINTECH%20PRIVATE%20LIMITED
996,PALLATON CAPITAL PRIVATE LIMITED,INZ000296036,90215,3092,https://enit.nseindia.com/MemDirWeb/brokerDetailPage_Beta?memID=3092&h_MemType=members&memName=PALLATON%20CAPITAL%20PRIVATE%20LIMITED
997,AARITYA BROKING PRIVATE LIMITED,INZ000317632,90375,3247,https://enit.nseindia.com/MemDirWeb/brokerDetailPage_Beta?memID=3247&h_MemType=members&memName=AARITYA%20BROKING%20PRIVATE%20LIMITED
998,BONDBAZAAR SECURITIES PRIVATE LIMITED,INZ000303236,90247,3123,https://enit.nseindia.com/MemDirWeb/brokerDetailPage_Beta?memID=3123&h_MemType=members&memName=BONDBAZAAR%20SECURITIES%20PRIVATE%20LIMITED
999,HCG STOCK & SHARE BROKERS LTD.,INB230958434,09584,96,https://enit.nseindia.com/MemDirWeb/brokerDetailPage_Beta?memID=96&h_MemType=members&memName=HCG%20STOCK%20%26%20SHARE%20BROKERS%20LTD.
1000,ASHOK C SAMANI,INZ000235913,00008,20,https://enit.nseindia.com/MemDirWeb/brokerDetailPage_Beta?memID=20&h_MemType=members&memName=ASHOK%20C%20SAMANI
1001,CHIMANLAL MANEKLAL SECURITIES PVT. LTD.,INZ000224834,06530,53,https://enit.nseindia.com/MemDirWeb/brokerDetailPage_Beta?memID=53&h_MemType=members&memName=CHIMANLAL%20MANEKLAL%20SECURITIES%20PVT.%20LTD.
1002,FOUR DIMENSIONS SECURITIES (INDIA) LTD.,INZ000005637,06467,87,https://enit.nseindia.com/MemDirWeb/brokerDetailPage_Beta?memID=87&h_MemType=members&memName=FOUR%20DIMENSIONS%20SECURITIES%20%28INDIA%29%20LTD.
1003,ITI SECURITIES BROKING LIMITED,INZ000005835,06538,93,https://enit.nseindia.com/MemDirWeb/brokerDetailPage_Beta?memID=93&h_MemType=members&memName=ITI%20SECURITIES%20BROKING%20LIMITED
1004,RAJKUMAR CHAINRAI BASANTANI,INB230649415,06494,227,https://enit.nseindia.com/MemDirWeb/brokerDetailPage_Beta?memID=227&h_MemType=members&memName=RAJKUMAR%20CHAINRAI%20BASANTANI
1005,H. J. SECURITIES PRIVATE LIMITED,INZ000240935,10670,236,https://enit.nseindia.com/MemDirWeb/brokerDetailPage_Beta?memID=236&h_MemType=members&memName=H.%20J.%20SECURITIES%20PRIVATE%20LIMITED
1006,TRADESMART FINTECH SECURITIES LIMITED,INZ000247736,09643,254,https://enit.nseindia.com/MemDirWeb/brokerDetailPage_Beta?memID=254&h_MemType=members&memName=TRADESMART%20FINTECH%20SECURITIES%20LIMITED
1007,VIKABH SECURITIES PRIVATE LIMITED,INZ000220237,06760,122,https://enit.nseindia.com/MemDirWeb/brokerDetailPage_Beta?memID=122&h_MemType=members&memName=VIKABH%20SECURITIES%20PRIVATE%20LIMITED
1008,KBS INDIA LIMITED,INZ000253131,09135,126,https://enit.nseindia.com/MemDirWeb/brokerDetailPage_Beta?memID=126&h_MemType=members&memName=KBS%20INDIA%20LIMITED
1009,SVV SHARE & STOCK BROKERS PRIVATE LIMITED,INZ000238938,00132,130,https://enit.nseindia.com/MemDirWeb/brokerDetailPage_Beta?memID=130&h_MemType=members&memName=SVV%20SHARE%20%26%20STOCK%20BROKERS%20PRIVATE%20LIMITED
1010,MANALI TRADING & HOLDINGS PRIVATE LIMITED,INZ000283837,08859,146,https://enit.nseindia.com/MemDirWeb/brokerDetailPage_Beta?memID=146&h_MemType=members&memName=MANALI%20TRADING%20%26%20HOLDINGS%20PRIVATE%20LIMITED
1011,MAGNUM EQUITY BROKING LIMITED,INZ000172031,06529,149,https://enit.nseindia.com/MemDirWeb/brokerDetailPage_Beta?memID=149&h_MemType=members&memName=MAGNUM%20EQUITY%20BROKING%20LIMITED
1012,MARKET CREATORS LIMITED,INZ000206338,06962,152,https://enit.nseindia.com/MemDirWeb/brokerDetailPage_Beta?memID=152&h_MemType=members&memName=MARKET%20CREATORS%20LIMITED
1013,P H FINANCIALS AND INVESTMENTS  PRIVATE  LIMITED,INZ000184532,06479,202,https://enit.nseindia.com/MemDirWeb/brokerDetailPage_Beta?memID=202&h_MemType=members&memName=P%20H%20FINANCIALS%20AND%20INVESTMENTS%20%20PRIVATE%20%20LIMITED
1014,PRANAV SECURITIES PVT LTD,INZ000247638,07143,213,https://enit.nseindia.com/MemDirWeb/brokerDetailPage_Beta?memID=213&h_MemType=members&memName=PRANAV%20SECURITIES%20PVT%20LTD
1015,ARJ SECURITIES PVT. LTD.,INZ000237937,06421,214,https://enit.nseindia.com/MemDirWeb/brokerDetailPage_Beta?memID=214&h_MemType=members&memName=ARJ%20SECURITIES%20PVT.%20LTD.
1016,GROWTH AVENUES LTD,INB230778130/INF230778130,07781,444,https://enit.nseindia.com/MemDirWeb/brokerDetailPage_Beta?memID=444&h_MemType=members&memName=GROWTH%20AVENUES%20LTD
1017,INVESTMENTOR SECURITIES LTD.,INZ000260036,07825,448,https://enit.nseindia.com/MemDirWeb/brokerDetailPage_Beta?memID=448&h_MemType=members&memName=INVESTMENTOR%20SECURITIES%20LTD.
1018,CRB DAEWOO SECURITIES LTD,INB230599530,05995,327,https://enit.nseindia.com/MemDirWeb/brokerDetailPage_Beta?memID=327&h_MemType=members&memName=CRB%20DAEWOO%20SECURITIES%20LTD
1019,IDBI CAPITAL MARKETS & SECURITIES LTD.,INZ000007237,07066,347,https://enit.nseindia.com/MemDirWeb/brokerDetailPage_Beta?memID=347&h_MemType=members&memName=IDBI%20CAPITAL%20MARKETS%20%26%20SECURITIES%20LTD.
1020,ICAP IL INDIA PRIVATE LIMITED,INZ000039339,11403,382,https://enit.nseindia.com/MemDirWeb/brokerDetailPage_Beta?memID=382&h_MemType=members&memName=ICAP%20IL%20INDIA%20PRIVATE%20LIMITED
1021,PNR SECURITIES LTD.,INZ000278532,06908,385,https://enit.nseindia.com/MemDirWeb/brokerDetailPage_Beta?memID=385&h_MemType=members&memName=PNR%20SECURITIES%20LTD.
1022,ANGEL ONE LIMITED,INZ000161534,12798,397,https://enit.nseindia.com/MemDirWeb/brokerDetailPage_Beta?memID=397&h_MemType=members&memName=ANGEL%20ONE%20LIMITED
1023,KB CAPITAL MARKETS PRIVATE LIMITED,INZ000250232,07765,553,https://enit.nseindia.com/MemDirWeb/brokerDetailPage_Beta?memID=553&h_MemType=members&memName=KB%20CAPITAL%20MARKETS%20PRIVATE%20LIMITED
1024,NIKKO CAPITAL MARKET PVT. LTD.,INB230753135/INF230753135,07531,618,https://enit.nseindia.com/MemDirWeb/brokerDetailPage_Beta?memID=618&h_MemType=members&memName=NIKKO%20CAPITAL%20MARKET%20PVT.%20LTD.
1025,RAJANARAYAN CAPITAL MARKETS SERVICES LTD.,INB230753233/INF230753233,07532,619,https://enit.nseindia.com/MemDirWeb/brokerDetailPage_Beta?memID=619&h_MemType=members&memName=RAJANARAYAN%20CAPITAL%20MARKETS%20SERVICES%20LTD.
1026,STAR FINVEST PVT. LTD.,INZ000160735,10639,630,https://enit.nseindia.com/MemDirWeb/brokerDetailPage_Beta?memID=630&h_MemType=members&memName=STAR%20FINVEST%20PVT.%20LTD.
1027,KEDAR BORGAONKAR SECURITIES PRIVATE LIMITED,INZ000306837,90270,3144,https://enit.nseindia.com/MemDirWeb/brokerDetailPage_Beta?memID=3144&h_MemType=members&memName=KEDAR%20BORGAONKAR%20SECURITIES%20PRIVATE%20LIMITED
1028,MARKET PULSE SECURITIES PRIVATE LIMITED,INZ000300936,90253,3129,https://enit.nseindia.com/MemDirWeb/brokerDetailPage_Beta?memID=3129&h_MemType=members&memName=MARKET%20PULSE%20SECURITIES%20PRIVATE%20LIMITED
1029,YMS FINANCIAL PRIVATE LIMITED,INZ000308336,90274,3148,https://enit.nseindia.com/MemDirWeb/brokerDetailPage_Beta?memID=3148&h_MemType=members&memName=YMS%20FINANCIAL%20PRIVATE%20LIMITED
1030,VIJETA BROKING INDIA PRIVATE LIMITED,INZ000254833,13186,2263,https://enit.nseindia.com/MemDirWeb/brokerDetailPage_Beta?memID=2263&h_MemType=members&memName=VIJETA%20BROKING%20INDIA%20PRIVATE%20LIMITED
1031,SURANA EQUITIES & DERIVATIVES,INZ000292117,13801,2299,https://enit.nseindia.com/MemDirWeb/brokerDetailPage_Beta?memID=2299&h_MemType=members&memName=SURANA%20EQUITIES%20%26%20DERIVATIVES
1032,BAJAJ SHARE & STOCK BROKERS PVT. LTD,INZ000240132,10795,304,https://enit.nseindia.com/MemDirWeb/brokerDetailPage_Beta?memID=304&h_MemType=members&memName=BAJAJ%20SHARE%20%26%20STOCK%20BROKERS%20PVT.%20LTD
1033,FE SECURITIES PVT. LTD.,INZ000240438,07596,684,https://enit.nseindia.com/MemDirWeb/brokerDetailPage_Beta?memID=684&h_MemType=members&memName=FE%20SECURITIES%20PVT.%20LTD.
1034,MACY SHARES & STOCK BROKERS PRIVATE LIMITED,INZ000271830,07140,102,https://enit.nseindia.com/MemDirWeb/brokerDetailPage_Beta?memID=102&h_MemType=members&memName=MACY%20SHARES%20%26%20STOCK%20BROKERS%20PRIVATE%20LIMITED
1035,ZAVERI ENTERPRISE PVT. LTD.,INZ000215837,13170,2430,https://enit.nseindia.com/MemDirWeb/brokerDetailPage_Beta?memID=2430&h_MemType=members&memName=ZAVERI%20ENTERPRISE%20PVT.%20LTD.
1036,NAM SECURITIES LTD.,INZ000260637,07710,755,https://enit.nseindia.com/MemDirWeb/brokerDetailPage_Beta?memID=755&h_MemType=members&memName=NAM%20SECURITIES%20LTD.
1037,K K STOCK MANAGEMENT PVT. LTD.,INZ000239135,09607,2062,https://enit.nseindia.com/MemDirWeb/brokerDetailPage_Beta?memID=2062&h_MemType=members&memName=K%20K%20STOCK%20MANAGEMENT%20PVT.%20LTD.
1038,MODERN SHARES & STOCK BROKERS LTD,INZ000235036,06811,165,https://enit.nseindia.com/MemDirWeb/brokerDetailPage_Beta?memID=165&h_MemType=members&memName=MODERN%20SHARES%20%26%20STOCK%20BROKERS%20LTD
1039,NAVI SECURITIES PRIVATE LIMITED,INZ000295134,90201,3078,https://enit.nseindia.com/MemDirWeb/brokerDetailPage_Beta?memID=3078&h_MemType=members&memName=NAVI%20SECURITIES%20PRIVATE%20LIMITED
1040,NHBT SECURITIES P. LTD.,INZ000222935,90159,3035,https://enit.nseindia.com/MemDirWeb/brokerDetailPage_Beta?memID=3035&h_MemType=members&memName=NHBT%20SECURITIES%20P.%20LTD.
1041,JUMP TRADING FINANCIAL INDIA PRIVATE LIMITED,INZ000293234,90200,3077,https://enit.nseindia.com/MemDirWeb/brokerDetailPage_Beta?memID=3077&h_MemType=members&memName=JUMP%20TRADING%20FINANCIAL%20INDIA%20PRIVATE%20LIMITED
1042,INANI SECURITIES LIMITED,INZ000264734,08571,858,https://enit.nseindia.com/MemDirWeb/brokerDetailPage_Beta?memID=858&h_MemType=members&memName=INANI%20SECURITIES%20LIMITED
1043,BAJAJ FINANCIAL SECURITIES LTD.,INZ000218931,90177,3054,https://enit.nseindia.com/MemDirWeb/brokerDetailPage_Beta?memID=3054&h_MemType=members&memName=BAJAJ%20FINANCIAL%20SECURITIES%20LTD.
1044,VIMAL & SONS,INZ000270222,07726,972,https://enit.nseindia.com/MemDirWeb/brokerDetailPage_Beta?memID=972&h_MemType=members&memName=VIMAL%20%26%20SONS
1045,BANAYANTREE SERVICES LIMITED,INZ000271136,90176,3053,https://enit.nseindia.com/MemDirWeb/brokerDetailPage_Beta?memID=3053&h_MemType=members&memName=BANAYANTREE%20SERVICES%20LIMITED
1046,QUEST SECURITIES LIMITED,INZ000271639,13626,2460,https://enit.nseindia.com/MemDirWeb/brokerDetailPage_Beta?memID=2460&h_MemType=members&memName=QUEST%20SECURITIES%20LIMITED
1047,TWIN EARTH SECURITIES PRIVATE LIMITED,INZ000253038,11225,1738,https://enit.nseindia.com/MemDirWeb/brokerDetailPage_Beta?memID=1738&h_MemType=members&memName=TWIN%20EARTH%20SECURITIES%20PRIVATE%20LIMITED
1048,MADHAV STOCK VISION (P) LTD.,INZ000278135,10977,1494,https://enit.nseindia.com/MemDirWeb/brokerDetailPage_Beta?memID=1494&h_MemType=members&memName=MADHAV%20STOCK%20VISION%20%28P%29%20LTD.
1049,NIRSHILP COMMODITIES AND TRADING PRIVATE LIMITED,INZ000180332,90184,3061,https://enit.nseindia.com/MemDirWeb/brokerDetailPage_Beta?memID=3061&h_MemType=members&memName=NIRSHILP%20COMMODITIES%20AND%20TRADING%20PRIVATE%20LIMITED
1050,FOURDEGREEWATER SERVICES PRIVATE LIMITED,INZ000313632,90328,3198,https://enit.nseindia.com/MemDirWeb/brokerDetailPage_Beta?memID=3198&h_MemType=members&memName=FOURDEGREEWATER%20SERVICES%20PRIVATE%20LIMITED
1051,C.D. COMMODITIES BROKING LIMITED,INZ000083930,90364,3236,https://enit.nseindia.com/MemDirWeb/brokerDetailPage_Beta?memID=3236&h_MemType=members&memName=C.D.%20COMMODITIES%20BROKING%20LIMITED
1052,MARWADI CHANDARANA INTERMEDIARIES BROKERS PRIVATE LIMITED,INZ000250531,90197,3074,https://enit.nseindia.com/MemDirWeb/brokerDetailPage_Beta?memID=3074&h_MemType=members&memName=MARWADI%20CHANDARANA%20INTERMEDIARIES%20BROKERS%20PRIVATE%20LIMITED
1053,SHREE RAM FINCARE,INZ000313927,90362,3234,https://enit.nseindia.com/MemDirWeb/brokerDetailPage_Beta?memID=3234&h_MemType=members&memName=SHREE%20RAM%20FINCARE
1054,HKKR FINSERV PRIVATE LIMITED,INZ000312436,90360,3232,https://enit.nseindia.com/MemDirWeb/brokerDetailPage_Beta?memID=3232&h_MemType=members&memName=HKKR%20FINSERV%20PRIVATE%20LIMITED
1055,QUANTIFY BROKING LLP,INZ000315351,90324,3194,https://enit.nseindia.com/MemDirWeb/brokerDetailPage_Beta?memID=3194&h_MemType=members&memName=QUANTIFY%20BROKING%20LLP
1056,BIGCAPITA SECURITIES PRIVATE LIMITED,INZ000321631,90212,3089,https://enit.nseindia.com/MemDirWeb/brokerDetailPage_Beta?memID=3089&h_MemType=members&memName=BIGCAPITA%20SECURITIES%20PRIVATE%20LIMITED
1057,SPARK SECURITIES PVT. LTD,INZ000219434,07593,590,https://enit.nseindia.com/MemDirWeb/brokerDetailPage_Beta?memID=590&h_MemType=members&memName=SPARK%20SECURITIES%20PVT.%20LTD
1058,ACUMEN CAPITAL MARKET (INDIA) LTD,INZ000170434,08814,610,https://enit.nseindia.com/MemDirWeb/brokerDetailPage_Beta?memID=610&h_MemType=members&memName=ACUMEN%20CAPITAL%20MARKET%20%28INDIA%29%20LTD
1059,CHANAKYA STOCK BROKING SERVICES P. LTD.,INB230884937/INF230884937,08849,529,https://enit.nseindia.com/MemDirWeb/brokerDetailPage_Beta?memID=529&h_MemType=members&memName=CHANAKYA%20STOCK%20BROKING%20SERVICES%20P.%20LTD.
1060,CYNOSURE COMPANY PVT. LTD,INB230855632,08556,532,https://enit.nseindia.com/MemDirWeb/brokerDetailPage_Beta?memID=532&h_MemType=members&memName=CYNOSURE%20COMPANY%20PVT.%20LTD
1061,EUREKA STOCK & SHARE BROKING SERVICES LIMITED,INZ000169839,00684,540,https://enit.nseindia.com/MemDirWeb/brokerDetailPage_Beta?memID=540&h_MemType=members&memName=EUREKA%20STOCK%20%26%20SHARE%20BROKING%20SERVICES%20LIMITED
1062,ALANKIT IMAGINATIONS LIMITED,INZ000028539,08812,633,https://enit.nseindia.com/MemDirWeb/brokerDetailPage_Beta?memID=633&h_MemType=members&memName=ALANKIT%20IMAGINATIONS%20LIMITED
1063,I KAY HOLDING CO. P . LTD,INZ000278033,07698,698,https://enit.nseindia.com/MemDirWeb/brokerDetailPage_Beta?memID=698&h_MemType=members&memName=I%20KAY%20HOLDING%20CO.%20P%20.%20LTD
1064,INTEGRATED MASTER SECURITIES PVT. LTD.,INZ000175931,08383,709,https://enit.nseindia.com/MemDirWeb/brokerDetailPage_Beta?memID=709&h_MemType=members&memName=INTEGRATED%20MASTER%20SECURITIES%20PVT.%20LTD.
1065,MANOG SECURITIES PRIVATE LIMITED,INZ000278434,07932,739,https://enit.nseindia.com/MemDirWeb/brokerDetailPage_Beta?memID=739&h_MemType=members&memName=MANOG%20SECURITIES%20PRIVATE%20LIMITED
1066,FOCUS STOCK BROKERS LTD.,INZ000288836,09203,741,https://enit.nseindia.com/MemDirWeb/brokerDetailPage_Beta?memID=741&h_MemType=members&memName=FOCUS%20STOCK%20BROKERS%20LTD.
1067,MUNOTH FINANCIAL SERVICES LTD.,INZ000283035,08036,921,https://enit.nseindia.com/MemDirWeb/brokerDetailPage_Beta?memID=921&h_MemType=members&memName=MUNOTH%20FINANCIAL%20SERVICES%20LTD.
1068,BAKLIWAL INVESTMENTS,INB230922920/INF230922920,09229,944,https://enit.nseindia.com/MemDirWeb/brokerDetailPage_Beta?memID=944&h_MemType=members&memName=BAKLIWAL%20INVESTMENTS
1069,ASIAN BROKING PVT. LTD.,INZ000201038,10433,947,https://enit.nseindia.com/MemDirWeb/brokerDetailPage_Beta?memID=947&h_MemType=members&memName=ASIAN%20BROKING%20PVT.%20LTD.
1070,GILTEDGE CREDIT CAPITAL LTD.,INB230886436/INF230886436,08864,950,https://enit.nseindia.com/MemDirWeb/brokerDetailPage_Beta?memID=950&h_MemType=members&memName=GILTEDGE%20CREDIT%20CAPITAL%20LTD.
1071,SMC GLOBAL SECURITIES LTD.,INZ000199438,07714,820,https://enit.nseindia.com/MemDirWeb/brokerDetailPage_Beta?memID=820&h_MemType=members&memName=SMC%20GLOBAL%20SECURITIES%20LTD.
1072,IL&FS SECURITIES SERVICES LIMITED,INZ000163538,11336,1671,https://enit.nseindia.com/MemDirWeb/brokerDetailPage_Beta?memID=1671&h_MemType=members&memName=IL%26FS%20SECURITIES%20SERVICES%20LIMITED
1073,FINCAP GLOBAL SECURITIES LIMITED,INZ000289238,08765,1021,https://enit.nseindia.com/MemDirWeb/brokerDetailPage_Beta?memID=1021&h_MemType=members&memName=FINCAP%20GLOBAL%20SECURITIES%20LIMITED
1074,OPG SECURITIES PVT. LTD.,INZ000192935,09217,1119,https://enit.nseindia.com/MemDirWeb/brokerDetailPage_Beta?memID=1119&h_MemType=members&memName=OPG%20SECURITIES%20PVT.%20LTD.
1075,CENTURY FINVEST PVT. LTD.,INZ000284130,09304,1135,https://enit.nseindia.com/MemDirWeb/brokerDetailPage_Beta?memID=1135&h_MemType=members&memName=CENTURY%20FINVEST%20PVT.%20LTD.
1076,NUCLEUS STOCKS BROKERS PRIVATE LIMITED,INZ000170532,10738,1665,https://enit.nseindia.com/MemDirWeb/brokerDetailPage_Beta?memID=1665&h_MemType=members&memName=NUCLEUS%20STOCKS%20BROKERS%20PRIVATE%20LIMITED
1077,TRANSGLOBAL SECURITIES LTD.,INZ000287139,11494,1762,https://enit.nseindia.com/MemDirWeb/brokerDetailPage_Beta?memID=1762&h_MemType=members&memName=TRANSGLOBAL%20SECURITIES%20LTD.
1078,DERIVIUM TRADITION SECURITIES (INDIA) PRIVATE LIMITED,INZ000287035,13005,1879,https://enit.nseindia.com/MemDirWeb/brokerDetailPage_Beta?memID=1879&h_MemType=members&memName=DERIVIUM%20TRADITION%20SECURITIES%20%28INDIA%29%20PRIVATE%20LIMITED
1079,TODI SECURITIES PVT. LTD.,INZ000214535,11900,1870,https://enit.nseindia.com/MemDirWeb/brokerDetailPage_Beta?memID=1870&h_MemType=members&memName=TODI%20SECURITIES%20PVT.%20LTD.
1080,D H SECURITIES PVT. LTD.,INZ000245638,11305,1690,https://enit.nseindia.com/MemDirWeb/brokerDetailPage_Beta?memID=1690&h_MemType=members&memName=D%20H%20SECURITIES%20PVT.%20LTD.
1081,KRIPA SECURITIES PRIVATE LIMITED,INZ000179335,11206,1699,https://enit.nseindia.com/MemDirWeb/brokerDetailPage_Beta?memID=1699&h_MemType=members&memName=KRIPA%20SECURITIES%20PRIVATE%20LIMITED
1082,PROMPT CORPORATE SERVICES LTD.,INZ000177338,11205,1703,https://enit.nseindia.com/MemDirWeb/brokerDetailPage_Beta?memID=1703&h_MemType=members&memName=PROMPT%20CORPORATE%20SERVICES%20LTD.
1083,PHILLIPCAPITAL (INDIA) PVT. LTD,INZ000169632,14665,1714,https://enit.nseindia.com/MemDirWeb/brokerDetailPage_Beta?memID=1714&h_MemType=members&memName=PHILLIPCAPITAL%20%28INDIA%29%20PVT.%20LTD
1084,SALASAR STOCK BROKING LTD.,INZ000238734,07526,581,https://enit.nseindia.com/MemDirWeb/brokerDetailPage_Beta?memID=581&h_MemType=members&memName=SALASAR%20STOCK%20BROKING%20LTD.
1085,AIONION CAPITAL MARKET SERVICES PRIVATE LIMITED,INZ000318532,90405,3276,https://enit.nseindia.com/MemDirWeb/brokerDetailPage_Beta?memID=3276&h_MemType=members&memName=AIONION%20CAPITAL%20MARKET%20SERVICES%20PRIVATE%20LIMITED
1086,JBV SHARE BROKER AND FINTECH PRIVATE LIMITED,INZ000319830,90409,3280,https://enit.nseindia.com/MemDirWeb/brokerDetailPage_Beta?memID=3280&h_MemType=members&memName=JBV%20SHARE%20BROKER%20AND%20FINTECH%20PRIVATE%20LIMITED
1087,KANJALOCHANA FINSERVE PRIVATE LIMITED,INZ000303035,90246,3121,https://enit.nseindia.com/MemDirWeb/brokerDetailPage_Beta?memID=3121&h_MemType=members&memName=KANJALOCHANA%20FINSERVE%20PRIVATE%20LIMITED
1088,NEO WEALTH MANAGEMENT PRIVATE LIMITED,INZ000306537,90296,3163,https://enit.nseindia.com/MemDirWeb/brokerDetailPage_Beta?memID=3163&h_MemType=members&memName=NEO%20WEALTH%20MANAGEMENT%20PRIVATE%20LIMITED
1089,LAVANAYA SECURITIES & TECHNOLOGIES PRIVATE LIMITED,INZ000311338,90313,3183,https://enit.nseindia.com/MemDirWeb/brokerDetailPage_Beta?memID=3183&h_MemType=members&memName=LAVANAYA%20SECURITIES%20%26%20TECHNOLOGIES%20PRIVATE%20LIMITED
1090,SYNDICATE BANK,INE231330635,13306,2372,https://enit.nseindia.com/MemDirWeb/brokerDetailPage_Beta?memID=2372&h_MemType=members&memName=SYNDICATE%20BANK
1091,DBS BANK INDIA LIMITED,INZ000295046,90206,3083,https://enit.nseindia.com/MemDirWeb/brokerDetailPage_Beta?memID=3083&h_MemType=members&memName=DBS%20BANK%20INDIA%20LIMITED
1092,SHRI SUMATI OIL INDUSTRIES PVT LTD,INZ000074834,90172,3049,https://enit.nseindia.com/MemDirWeb/brokerDetailPage_Beta?memID=3049&h_MemType=members&memName=SHRI%20SUMATI%20OIL%20INDUSTRIES%20PVT%20LTD
1093,ASPERO MARKETS PRIVATE LIMITED,,90374,3246,https://enit.nseindia.com/MemDirWeb/brokerDetailPage_Beta?memID=3246&h_MemType=members&memName=ASPERO%20MARKETS%20PRIVATE%20LIMITED
1094,EML MANAGEMENT PRIVATE LIMITED,,90423,3294,https://enit.nseindia.com/MemDirWeb/brokerDetailPage_Beta?memID=3294&h_MemType=members&memName=EML%20MANAGEMENT%20PRIVATE%20LIMITED
1095,SAGUN MARKETING PRIVATE LIMITED,INE231368833,13688,2417,https://enit.nseindia.com/MemDirWeb/brokerDetailPage_Beta?memID=2417&h_MemType=members&memName=SAGUN%20MARKETING%20PRIVATE%20LIMITED
1096,LAUNCHPAD FINTECH PRIVATE LIMITED,,90329,3199,https://enit.nseindia.com/MemDirWeb/brokerDetailPage_Beta?memID=3199&h_MemType=members&memName=LAUNCHPAD%20FINTECH%20PRIVATE%20LIMITED
1097,ANGEL CREST LIMITED,,,3240,https://enit.nseindia.com/MemDirWeb/brokerDetailPage_Beta?memID=3240&h_MemType=members&memName=ANGEL%20CREST%20LIMITED
1098,M.D. OVERSEAS PRIVATE LIMITED,INZ000054933,90170,3046,https://enit.nseindia.com/MemDirWeb/brokerDetailPage_Beta?memID=3046&h_MemType=members&memName=M.D.%20OVERSEAS%20PRIVATE%20LIMITED
1099,RAVINDRA BHARTI FINANCIAL SERVICES PRIVATED LIMITED,,,3262,https://enit.nseindia.com/MemDirWeb/brokerDetailPage_Beta?memID=3262&h_MemType=members&memName=RAVINDRA%20BHARTI%20FINANCIAL%20SERVICES%20PRIVATED%20LIMITED
1100,TRUST SECURITIES SERVICES PRIVATE LIMITED,,90350,3221,https://enit.nseindia.com/MemDirWeb/brokerDetailPage_Beta?memID=3221&h_MemType=members&memName=TRUST%20SECURITIES%20SERVICES%20PRIVATE%20LIMITED
1101,BONDTREE GILTS PRIVATE LIMITED,,90431,3301,https://enit.nseindia.com/MemDirWeb/brokerDetailPage_Beta?memID=3301&h_MemType=members&memName=BONDTREE%20GILTS%20PRIVATE%20LIMITED
1102,IDBI BANK LIMITED,INZ000286649,13308,1849,https://enit.nseindia.com/MemDirWeb/brokerDetailPage_Beta?memID=1849&h_MemType=members&memName=IDBI%20BANK%20LIMITED
1103,SR ALGOTECH PRIVATE LIMITED,INZ000321133,90403,3274,https://enit.nseindia.com/MemDirWeb/brokerDetailPage_Beta?memID=3274&h_MemType=members&memName=SR%20ALGOTECH%20PRIVATE%20LIMITED
1104,VICTORIA STOCKVISION BROKING PRIVATE LIMITED,,,2261,https://enit.nseindia.com/MemDirWeb/brokerDetailPage_Beta?memID=2261&h_MemType=members&memName=VICTORIA%20STOCKVISION%20BROKING%20PRIVATE%20LIMITED
1105,PNB GILTS LIMITED,INZ000007831,90056,2932,https://enit.nseindia.com/MemDirWeb/brokerDetailPage_Beta?memID=2932&h_MemType=members&memName=PNB%20GILTS%20LIMITED
1106,RUDRANATH STOCK BROKING PRIVATE LIMITED,,,3267,https://enit.nseindia.com/MemDirWeb/brokerDetailPage_Beta?memID=3267&h_MemType=members&memName=RUDRANATH%20STOCK%20BROKING%20PRIVATE%20LIMITED
1107,IIT CORPORATE SERVICES LTD.,INF231133135,11331,1765,https://enit.nseindia.com/MemDirWeb/brokerDetailPage_Beta?memID=1765&h_MemType=members&memName=IIT%20CORPORATE%20SERVICES%20LTD.
1108,NORTHERN ARC SECURITIES PRIVATE LIMITED,,90387,3259,https://enit.nseindia.com/MemDirWeb/brokerDetailPage_Beta?memID=3259&h_MemType=members&memName=NORTHERN%20ARC%20SECURITIES%20PRIVATE%20LIMITED
1109,TRIDHYA TRADE STOCKS LLP,INZ000308057,90276,3149,https://enit.nseindia.com/MemDirWeb/brokerDetailPage_Beta?memID=3149&h_MemType=members&memName=TRIDHYA%20TRADE%20STOCKS%20LLP
1110,KAYESS FOREX LLP,INZ000162356,13793,2817,https://enit.nseindia.com/MemDirWeb/brokerDetailPage_Beta?memID=2817&h_MemType=members&memName=KAYESS%20FOREX%20LLP
1111,STANDARD CHARTERED BANK,INF231192131/INE231307633,13076,1853,https://enit.nseindia.com/MemDirWeb/brokerDetailPage_Beta?memID=1853&h_MemType=members&memName=STANDARD%20CHARTERED%20BANK
1112,A J CAPITAL LIMITED,,,2870,https://enit.nseindia.com/MemDirWeb/brokerDetailPage_Beta?memID=2870&h_MemType=members&memName=A%20J%20CAPITAL%20LIMITED
1113,PARASRAM CAPITAL PRIVATE LIMITED,,,3253,https://enit.nseindia.com/MemDirWeb/brokerDetailPage_Beta?memID=3253&h_MemType=members&memName=PARASRAM%20CAPITAL%20PRIVATE%20LIMITED
1114,STABLE BROKING PRIVATE LIMITED,,90363,3235,https://enit.nseindia.com/MemDirWeb/brokerDetailPage_Beta?memID=3235&h_MemType=members&memName=STABLE%20BROKING%20PRIVATE%20LIMITED
1115,SALAI DERIVATIVES PRIVATE LIMITED,INZ000311032,90297,3164,https://enit.nseindia.com/MemDirWeb/brokerDetailPage_Beta?memID=3164&h_MemType=members&memName=SALAI%20DERIVATIVES%20PRIVATE%20LIMITED
1116,UCO BANK,INZ000327245,90475,3341,https://enit.nseindia.com/MemDirWeb/brokerDetailPage_Beta?memID=3341&h_MemType=members&memName=UCO%20BANK
1117,RAY & LAWRENCE CURRENCIES PRIVATE LIMITED,INE231429932,14299,2530,https://enit.nseindia.com/MemDirWeb/brokerDetailPage_Beta?memID=2530&h_MemType=members&memName=RAY%20%26%20LAWRENCE%20CURRENCIES%20PRIVATE%20LIMITED
1118,UJJIVAN SMALL FINANCE BANK LIMITED,,90443,3312,https://enit.nseindia.com/MemDirWeb/brokerDetailPage_Beta?memID=3312&h_MemType=members&memName=UJJIVAN%20SMALL%20FINANCE%20BANK%20LIMITED
1119,EDELCAP SECURITIES LIMITED,INZ000180734,90057,2934,https://enit.nseindia.com/MemDirWeb/brokerDetailPage_Beta?memID=2934&h_MemType=members&memName=EDELCAP%20SECURITIES%20LIMITED
1120,MRC CONSULTANCY PVT. LTD.,INE231380937,13809,2482,https://enit.nseindia.com/MemDirWeb/brokerDetailPage_Beta?memID=2482&h_MemType=members&memName=MRC%20CONSULTANCY%20PVT.%20LTD.
1121,RAMAKANT RAMNIWAS KASAT,INZ000310313,90308,3178,https://enit.nseindia.com/MemDirWeb/brokerDetailPage_Beta?memID=3178&h_MemType=members&memName=RAMAKANT%20RAMNIWAS%20KASAT
1122,DINESH JAIN,INZ000159115,90115,2990,https://enit.nseindia.com/MemDirWeb/brokerDetailPage_Beta?memID=2990&h_MemType=members&memName=DINESH%20JAIN
1123,SHRIDHAR MALLAWAT,INZ000309314,90298,3168,https://enit.nseindia.com/MemDirWeb/brokerDetailPage_Beta?memID=3168&h_MemType=members&memName=SHRIDHAR%20MALLAWAT
1124,SRI SAIRAM FINANCE AND SECURITIES,,,2335,https://enit.nseindia.com/MemDirWeb/brokerDetailPage_Beta?memID=2335&h_MemType=members&memName=SRI%20SAIRAM%20FINANCE%20AND%20SECURITIES
1125,NOMURA FIXED INCOME SECURITIES PRIVATE LIMITED,INZ000222133,13546,2445,https://enit.nseindia.com/MemDirWeb/brokerDetailPage_Beta?memID=2445&h_MemType=members&memName=NOMURA%20FIXED%20INCOME%20SECURITIES%20PRIVATE%20LIMITED
1126,UNION BANK OF INDIA,INF231229842/INE231308946,13089,1950,https://enit.nseindia.com/MemDirWeb/brokerDetailPage_Beta?memID=1950&h_MemType=members&memName=UNION%20BANK%20OF%20INDIA
1127,INDIAN BANK,INE231321436,13214,2369,https://enit.nseindia.com/MemDirWeb/brokerDetailPage_Beta?memID=2369&h_MemType=members&memName=INDIAN%20BANK
1128,SRI BHEEMESWARA SECURITIES (P) LTD,INB231118135/INF231118135,11181,1722,https://enit.nseindia.com/MemDirWeb/brokerDetailPage_Beta?memID=1722&h_MemType=members&memName=SRI%20BHEEMESWARA%20SECURITIES%20%28P%29%20LTD
1129,PHOENIX SHARE & STOCKBROKERS PVT. LTD.,INB231082935/INF231082935,10829,1727,https://enit.nseindia.com/MemDirWeb/brokerDetailPage_Beta?memID=1727&h_MemType=members&memName=PHOENIX%20SHARE%20%26%20STOCKBROKERS%20PVT.%20LTD.
1130,SHRI BRIJ SECURITIES PVT.LTD.,INZ000183033,09759,1729,https://enit.nseindia.com/MemDirWeb/brokerDetailPage_Beta?memID=1729&h_MemType=members&memName=SHRI%20BRIJ%20SECURITIES%20PVT.LTD.
1131,GEPL CAPITAL PRIVATE LIMITED,INZ000168137,09939,1730,https://enit.nseindia.com/MemDirWeb/brokerDetailPage_Beta?memID=1730&h_MemType=members&memName=GEPL%20CAPITAL%20PRIVATE%20LIMITED
1132,COMPETENT FINMAN PVT. LTD.,INZ000221138,11300,1732,https://enit.nseindia.com/MemDirWeb/brokerDetailPage_Beta?memID=1732&h_MemType=members&memName=COMPETENT%20FINMAN%20PVT.%20LTD.
1133,SYSTEMATIX SHARES & STOCKS (INDIA) LTD.,INZ000171134,11327,1900,https://enit.nseindia.com/MemDirWeb/brokerDetailPage_Beta?memID=1900&h_MemType=members&memName=SYSTEMATIX%20SHARES%20%26%20STOCKS%20%28INDIA%29%20LTD.
1134,SAL SECURITIES PVT LTD,INZ000287438,12117,1907,https://enit.nseindia.com/MemDirWeb/brokerDetailPage_Beta?memID=1907&h_MemType=members&memName=SAL%20SECURITIES%20PVT%20LTD
1135,GEE BEE SECURITIES PVT. LTD.,INZ000204633,12194,1920,https://enit.nseindia.com/MemDirWeb/brokerDetailPage_Beta?memID=1920&h_MemType=members&memName=GEE%20BEE%20SECURITIES%20PVT.%20LTD.
1136,BMA WEALTH CREATORS LIMITED,INZ000184733,12331,1956,https://enit.nseindia.com/MemDirWeb/brokerDetailPage_Beta?memID=1956&h_MemType=members&memName=BMA%20WEALTH%20CREATORS%20LIMITED
1137,UNIVERSAL STOCK BROKERS PVT. LTD.,INZ000224635,12420,1965,https://enit.nseindia.com/MemDirWeb/brokerDetailPage_Beta?memID=1965&h_MemType=members&memName=UNIVERSAL%20STOCK%20BROKERS%20PVT.%20LTD.
1138,SHUBHAM STOCK BROKING SERVICES PVT. LTD.,INZ000287736,12543,1985,https://enit.nseindia.com/MemDirWeb/brokerDetailPage_Beta?memID=1985&h_MemType=members&memName=SHUBHAM%20STOCK%20BROKING%20SERVICES%20PVT.%20LTD.
1139,PRABODH ARTHA WARDHINI PRIVATE LIMITED,INZ000251639,07875,1992,https://enit.nseindia.com/MemDirWeb/brokerDetailPage_Beta?memID=1992&h_MemType=members&memName=PRABODH%20ARTHA%20WARDHINI%20PRIVATE%20LIMITED
1140,COMFORT SECURITIES LIMITED,INZ000192537,12855,2104,https://enit.nseindia.com/MemDirWeb/brokerDetailPage_Beta?memID=2104&h_MemType=members&memName=COMFORT%20SECURITIES%20LIMITED
1141,SUNSHINE STOCK BROKING PRIVATE LIMITED,INZ000281939,12896,2107,https://enit.nseindia.com/MemDirWeb/brokerDetailPage_Beta?memID=2107&h_MemType=members&memName=SUNSHINE%20STOCK%20BROKING%20PRIVATE%20LIMITED
1142,VEETRAG SECURITIES PVT. LTD.,INB231291031/INF231291031/INE231291031,12910,2117,https://enit.nseindia.com/MemDirWeb/brokerDetailPage_Beta?memID=2117&h_MemType=members&memName=VEETRAG%20SECURITIES%20PVT.%20LTD.
1143,MANU STOCK BROKING PRIVATE LIMITED,INZ000201738,12699,2016,https://enit.nseindia.com/MemDirWeb/brokerDetailPage_Beta?memID=2016&h_MemType=members&memName=MANU%20STOCK%20BROKING%20PRIVATE%20LIMITED
1144,AMOL FINANCIAL SERVICES PVT. LTD,INZ000246833,12720,2022,https://enit.nseindia.com/MemDirWeb/brokerDetailPage_Beta?memID=2022&h_MemType=members&memName=AMOL%20FINANCIAL%20SERVICES%20PVT.%20LTD
1145,MANASHVI SECURITIES LIMITED,INZ000225733,09820,2028,https://enit.nseindia.com/MemDirWeb/brokerDetailPage_Beta?memID=2028&h_MemType=members&memName=MANASHVI%20SECURITIES%20LIMITED
1146,MSB E-TRADE SECURITIES LIMITED,INZ000184638,12788,2046,https://enit.nseindia.com/MemDirWeb/brokerDetailPage_Beta?memID=2046&h_MemType=members&memName=MSB%20E-TRADE%20SECURITIES%20LIMITED
1147,PRAKASH K SHAH SHARES & SECURITIES PVT. LTD,INZ000276438,09973,2048,https://enit.nseindia.com/MemDirWeb/brokerDetailPage_Beta?memID=2048&h_MemType=members&memName=PRAKASH%20K%20SHAH%20SHARES%20%26%20SECURITIES%20PVT.%20LTD
1148,NAVKAR SHARE & STOCK BROKERS PRIVATE LIMITED,INZ000200531,10994,2052,https://enit.nseindia.com/MemDirWeb/brokerDetailPage_Beta?memID=2052&h_MemType=members&memName=NAVKAR%20SHARE%20%26%20STOCK%20BROKERS%20PRIVATE%20LIMITED
1149,SMART EQUITY BROKERS PRIVATE LIMITED,INZ000177636,12782,2059,https://enit.nseindia.com/MemDirWeb/brokerDetailPage_Beta?memID=2059&h_MemType=members&memName=SMART%20EQUITY%20BROKERS%20PRIVATE%20LIMITED
1150,AXIS SECURITIES LIMITED,INZ000161633,14816,2064,https://enit.nseindia.com/MemDirWeb/brokerDetailPage_Beta?memID=2064&h_MemType=members&memName=AXIS%20SECURITIES%20LIMITED
1151,SHAREKHAN LTD.,INZ000171337,10733,2069,https://enit.nseindia.com/MemDirWeb/brokerDetailPage_Beta?memID=2069&h_MemType=members&memName=SHAREKHAN%20LTD.
1152,HARJIVANDAS NEMIDAS SECURITIES PRIVATE LIMITED,INZ000256637,11859,2343,https://enit.nseindia.com/MemDirWeb/brokerDetailPage_Beta?memID=2343&h_MemType=members&memName=HARJIVANDAS%20NEMIDAS%20SECURITIES%20PRIVATE%20LIMITED
1153,JMP SECURITIES PVT LTD,INZ000262133,11482,2161,https://enit.nseindia.com/MemDirWeb/brokerDetailPage_Beta?memID=2161&h_MemType=members&memName=JMP%20SECURITIES%20PVT%20LTD
1154,TRUST CAPITAL & STOCK BROKERS PRIVATE LIMITED,,90470,3336,https://enit.nseindia.com/MemDirWeb/brokerDetailPage_Beta?memID=3336&h_MemType=members&memName=TRUST%20CAPITAL%20%26%20STOCK%20BROKERS%20PRIVATE%20LIMITED
1155,NORD FOREX INDIA PVT. LTD.,INZ230000739,90004,2877,https://enit.nseindia.com/MemDirWeb/brokerDetailPage_Beta?memID=2877&h_MemType=members&memName=NORD%20FOREX%20INDIA%20PVT.%20LTD.
1156,AMARJEET SINGH,INZ000311411,90310,3180,https://enit.nseindia.com/MemDirWeb/brokerDetailPage_Beta?memID=3180&h_MemType=members&memName=AMARJEET%20SINGH
1157,ALPHA CAPITAL,INZ000312023,90195,3071,https://enit.nseindia.com/MemDirWeb/brokerDetailPage_Beta?memID=3071&h_MemType=members&memName=ALPHA%20CAPITAL
1158,DBS BANK LIMITED,INE231441036,14410,2774,https://enit.nseindia.com/MemDirWeb/brokerDetailPage_Beta?memID=2774&h_MemType=members&memName=DBS%20BANK%20LIMITED
1159,SBI DFHI LIMITED,INZ000259939,90128,3005,https://enit.nseindia.com/MemDirWeb/brokerDetailPage_Beta?memID=3005&h_MemType=members&memName=SBI%20DFHI%20LIMITED
1160,SHARDA CAPITAL PVT. LTD.,INE231387737,13877,2544,https://enit.nseindia.com/MemDirWeb/brokerDetailPage_Beta?memID=2544&h_MemType=members&memName=SHARDA%20CAPITAL%20PVT.%20LTD.
1161,SAMBHAV FINANCE,,,2275,https://enit.nseindia.com/MemDirWeb/brokerDetailPage_Beta?memID=2275&h_MemType=members&memName=SAMBHAV%20FINANCE
1162,STOXBEE BROKING PRIVATE LIMITED,,,3348,https://enit.nseindia.com/MemDirWeb/brokerDetailPage_Beta?memID=3348&h_MemType=members&memName=STOXBEE%20BROKING%20PRIVATE%20LIMITED
1163,SHARES  BAZAAR PRIVATE LTD,,,3165,https://enit.nseindia.com/MemDirWeb/brokerDetailPage_Beta?memID=3165&h_MemType=members&memName=SHARES%20%20BAZAAR%20PRIVATE%20LTD
1164,THE HONGKONG AND SHANGHAI BANKING CORPORATION LIMITED,INF231201239/INE231363339,13633,1878,https://enit.nseindia.com/MemDirWeb/brokerDetailPage_Beta?memID=1878&h_MemType=members&memName=THE%20HONGKONG%20AND%20SHANGHAI%20BANKING%20CORPORATION%20LIMITED
1165,PUNJAB NATIONAL BANK,INF231272743/INE231307930,13079,2006,https://enit.nseindia.com/MemDirWeb/brokerDetailPage_Beta?memID=2006&h_MemType=members&memName=PUNJAB%20NATIONAL%20BANK
1166,SAMDHYAN COMMODITIES BROKERS PRIVATE LIMITED,INZ000077431,90303,3172,https://enit.nseindia.com/MemDirWeb/brokerDetailPage_Beta?memID=3172&h_MemType=members&memName=SAMDHYAN%20COMMODITIES%20BROKERS%20PRIVATE%20LIMITED
1167,LIQUIBONDS INDIA PVT LTD,,90453,3320,https://enit.nseindia.com/MemDirWeb/brokerDetailPage_Beta?memID=3320&h_MemType=members&memName=LIQUIBONDS%20INDIA%20PVT%20LTD
1168,NIKHIL COMMODITY & DERIVATIVES PVT LTD,INZ000080136,90306,3176,https://enit.nseindia.com/MemDirWeb/brokerDetailPage_Beta?memID=3176&h_MemType=members&memName=NIKHIL%20COMMODITY%20%26%20DERIVATIVES%20PVT%20LTD
1169,RR GLOBAL CAPITAL,INZ000213626,90153,3029,https://enit.nseindia.com/MemDirWeb/brokerDetailPage_Beta?memID=3029&h_MemType=members&memName=RR%20GLOBAL%20CAPITAL
1170,ABKK GROWTH LLP,,,3156,https://enit.nseindia.com/MemDirWeb/brokerDetailPage_Beta?memID=3156&h_MemType=members&memName=ABKK%20GROWTH%20LLP
1171,ZEPHYR FINANCIAL PUBLISHERS  PRIVATE LIMITED,,90330,3200,https://enit.nseindia.com/MemDirWeb/brokerDetailPage_Beta?memID=3200&h_MemType=members&memName=ZEPHYR%20FINANCIAL%20PUBLISHERS%20%20PRIVATE%20LIMITED
1172,SHRI SHYAM KRIPA INVESTMENTS PRIVATE LIMITED,INZ000317238,90376,3248,https://enit.nseindia.com/MemDirWeb/brokerDetailPage_Beta?memID=3248&h_MemType=members&memName=SHRI%20SHYAM%20KRIPA%20INVESTMENTS%20PRIVATE%20LIMITED
1173,THE SOUTH INDIAN BANK LIMITED,INZ000082248,90243,3120,https://enit.nseindia.com/MemDirWeb/brokerDetailPage_Beta?memID=3120&h_MemType=members&memName=THE%20SOUTH%20INDIAN%20BANK%20LIMITED
1174,CANARA BANK,INZ000320948,13082,2327,https://enit.nseindia.com/MemDirWeb/brokerDetailPage_Beta?memID=2327&h_MemType=members&memName=CANARA%20BANK
1175,BNP      PARIBAS,,,1851,https://enit.nseindia.com/MemDirWeb/brokerDetailPage_Beta?memID=1851&h_MemType=members&memName=BNP%20%20%20%20%20%20PARIBAS
1176,FREE INDIA BROKING SERVICES PRIVATE LIMITED,INE231376133,13761,2464,https://enit.nseindia.com/MemDirWeb/brokerDetailPage_Beta?memID=2464&h_MemType=members&memName=FREE%20INDIA%20BROKING%20SERVICES%20PRIVATE%20LIMITED
1177,ORO FINANCIAL CONSULTANTS PRIVATE LIMITED,,90389,3261,https://enit.nseindia.com/MemDirWeb/brokerDetailPage_Beta?memID=3261&h_MemType=members&memName=ORO%20FINANCIAL%20CONSULTANTS%20PRIVATE%20LIMITED
1178,ZISHKA CAPITAL LLP,INZ000157953,90116,2991,https://enit.nseindia.com/MemDirWeb/brokerDetailPage_Beta?memID=2991&h_MemType=members&memName=ZISHKA%20CAPITAL%20LLP
1179,YES BANK LIMITED,INZ000263944,13345,2368,https://enit.nseindia.com/MemDirWeb/brokerDetailPage_Beta?memID=2368&h_MemType=members&memName=YES%20BANK%20LIMITED
1180,INDIAN OVERSEAS BANK,INE231319737,13197,2346,https://enit.nseindia.com/MemDirWeb/brokerDetailPage_Beta?memID=2346&h_MemType=members&memName=INDIAN%20OVERSEAS%20BANK
1181,TRADEWINGS SOLUTIONS LIMITED,,,3166,https://enit.nseindia.com/MemDirWeb/brokerDetailPage_Beta?memID=3166&h_MemType=members&memName=TRADEWINGS%20SOLUTIONS%20LIMITED
1182,UKS FOREX PRIVATE LIMITED,INZ000212432,10080,2239,https://enit.nseindia.com/MemDirWeb/brokerDetailPage_Beta?memID=2239&h_MemType=members&memName=UKS%20FOREX%20PRIVATE%20LIMITED
1183,BANK OF MAHARASHTRA,INZ000299045,13518,2424,https://enit.nseindia.com/MemDirWeb/brokerDetailPage_Beta?memID=2424&h_MemType=members&memName=BANK%20OF%20MAHARASHTRA
1184,KISHOR GHEVARCHAND JAIN,,,2350,https://enit.nseindia.com/MemDirWeb/brokerDetailPage_Beta?memID=2350&h_MemType=members&memName=KISHOR%20GHEVARCHAND%20JAIN
1185,B K SHAH TRADEX LLP,INZ000289851,90191,3068,https://enit.nseindia.com/MemDirWeb/brokerDetailPage_Beta?memID=3068&h_MemType=members&memName=B%20K%20SHAH%20TRADEX%20LLP
1186,TIRUPATI BALAJI INVESTMENTS & SECURITIES PVT LTD,INZ000308836,90280,3150,https://enit.nseindia.com/MemDirWeb/brokerDetailPage_Beta?memID=3150&h_MemType=members&memName=TIRUPATI%20BALAJI%20INVESTMENTS%20%26%20SECURITIES%20PVT%20LTD
1187,STCI PRIMARY DEALER LIMITED,INZ230003337,90007,2884,https://enit.nseindia.com/MemDirWeb/brokerDetailPage_Beta?memID=2884&h_MemType=members&memName=STCI%20PRIMARY%20DEALER%20LIMITED
1188,BHARAT EQUITY SERVICES LIMITED,,,2294,https://enit.nseindia.com/MemDirWeb/brokerDetailPage_Beta?memID=2294&h_MemType=members&memName=BHARAT%20EQUITY%20SERVICES%20LIMITED
1189,CENTRAL BANK OF INDIA,INE231341335,13413,2401,https://enit.nseindia.com/MemDirWeb/brokerDetailPage_Beta?memID=2401&h_MemType=members&memName=CENTRAL%20BANK%20OF%20INDIA
1190,JSI INVESTMENTS PRIVATE LIMITED,INZ000300335,90354,3225,https://enit.nseindia.com/MemDirWeb/brokerDetailPage_Beta?memID=3225&h_MemType=members&memName=JSI%20INVESTMENTS%20PRIVATE%20LIMITED
1191,BRAND EQUITY PVT LTD,,,2441,https://enit.nseindia.com/MemDirWeb/brokerDetailPage_Beta?memID=2441&h_MemType=members&memName=BRAND%20EQUITY%20PVT%20LTD
1192,STATE BANK OF INDIA,INE231308730,13087,2328,https://enit.nseindia.com/MemDirWeb/brokerDetailPage_Beta?memID=2328&h_MemType=members&memName=STATE%20BANK%20OF%20INDIA
1193,JIRAAF PLATFORM PRIVATE LIMITED,,90355,3226,https://enit.nseindia.com/MemDirWeb/brokerDetailPage_Beta?memID=3226&h_MemType=members&memName=JIRAAF%20PLATFORM%20PRIVATE%20LIMITED
1194,ISSL SETTLEMENT & TRANSACTION SERVICES LIMITED,,90157,3033,https://enit.nseindia.com/MemDirWeb/brokerDetailPage_Beta?memID=3033&h_MemType=members&memName=ISSL%20SETTLEMENT%20%26%20TRANSACTION%20SERVICES%20LIMITED
1195,ALTINVEST CREDIT PLATFORM PRIVATE LIMITED,,90478,3344,https://enit.nseindia.com/MemDirWeb/brokerDetailPage_Beta?memID=3344&h_MemType=members&memName=ALTINVEST%20CREDIT%20PLATFORM%20PRIVATE%20LIMITED
1196,THE FEDERAL BANK LIMITED,INZ000101434,13110,2332,https://enit.nseindia.com/MemDirWeb/brokerDetailPage_Beta?memID=2332&h_MemType=members&memName=THE%20FEDERAL%20BANK%20LIMITED
1197,BONDNEST CAPITAL INDIA SECURITIES PRIVATE LIMITED,,90480,3346,https://enit.nseindia.com/MemDirWeb/brokerDetailPage_Beta?memID=3346&h_MemType=members&memName=BONDNEST%20CAPITAL%20INDIA%20SECURITIES%20PRIVATE%20LIMITED
1198,MASTER PORTFOLIO SERVICES LTD,,,3204,https://enit.nseindia.com/MemDirWeb/brokerDetailPage_Beta?memID=3204&h_MemType=members&memName=MASTER%20PORTFOLIO%20SERVICES%20LTD
1199,EQUITYFIRST VENTURES LLP,INZ000316550,90359,3231,https://enit.nseindia.com/MemDirWeb/brokerDetailPage_Beta?memID=3231&h_MemType=members&memName=EQUITYFIRST%20VENTURES%20LLP
1200,GOLDENPI SECURITIES PRIVATE LIMITED,,90331,3201,https://enit.nseindia.com/MemDirWeb/brokerDetailPage_Beta?memID=3201&h_MemType=members&memName=GOLDENPI%20SECURITIES%20PRIVATE%20LIMITED
1201,VRS INVESTMENTS,INZ000297616,90220,3097,https://enit.nseindia.com/MemDirWeb/brokerDetailPage_Beta?memID=3097&h_MemType=members&memName=VRS%20INVESTMENTS
1202,FINGEEK DIGITAL PRIVATE LIMITED,,90385,3257,https://enit.nseindia.com/MemDirWeb/brokerDetailPage_Beta?memID=3257&h_MemType=members&memName=FINGEEK%20DIGITAL%20PRIVATE%20LIMITED
1203,SUNRISE GLOBAL FINTECH PRIVATE LIMITED,,90464,3331,https://enit.nseindia.com/MemDirWeb/brokerDetailPage_Beta?memID=3331&h_MemType=members&memName=SUNRISE%20GLOBAL%20FINTECH%20PRIVATE%20LIMITED
1204,GOENKA SHARE BROKING PRIVATE LIMITED,INZ000205032,12962,2173,https://enit.nseindia.com/MemDirWeb/brokerDetailPage_Beta?memID=2173&h_MemType=members&memName=GOENKA%20SHARE%20BROKING%20PRIVATE%20LIMITED
1205,ANG CAPITAL QUANTS PRIVATE LIMITED,INZ000174838,13007,2186,https://enit.nseindia.com/MemDirWeb/brokerDetailPage_Beta?memID=2186&h_MemType=members&memName=ANG%20CAPITAL%20QUANTS%20PRIVATE%20LIMITED
1206,BCB BROKERAGE PRIVATE LIMITED,INZ000200633,11611,2209,https://enit.nseindia.com/MemDirWeb/brokerDetailPage_Beta?memID=2209&h_MemType=members&memName=BCB%20BROKERAGE%20PRIVATE%20LIMITED
1207,NOMURA FINANCIAL ADVISORY AND SECURITIES (INDIA) PRIVATE LIMITED,INZ000255633,12990,2233,https://enit.nseindia.com/MemDirWeb/brokerDetailPage_Beta?memID=2233&h_MemType=members&memName=NOMURA%20FINANCIAL%20ADVISORY%20AND%20SECURITIES%20%28INDIA%29%20PRIVATE%20LIMITED
1208,CHOICE EQUITY BROKING PRIVATE LIMITED,INZ000160131,13773,2486,https://enit.nseindia.com/MemDirWeb/brokerDetailPage_Beta?memID=2486&h_MemType=members&memName=CHOICE%20EQUITY%20BROKING%20PRIVATE%20LIMITED
1209,SUMPOORNA PORTFOLIO LIMITED,INZ000190335,14290,2564,https://enit.nseindia.com/MemDirWeb/brokerDetailPage_Beta?memID=2564&h_MemType=members&memName=SUMPOORNA%20PORTFOLIO%20LIMITED
1210,5PAISA CAPITAL LIMITED,INZ000010231,14300,2556,https://enit.nseindia.com/MemDirWeb/brokerDetailPage_Beta?memID=2556&h_MemType=members&memName=5PAISA%20CAPITAL%20LIMITED
1211,GREENBUCKS SECURITIES PRIVATE LIMITED,INZ000291131,13797,2493,https://enit.nseindia.com/MemDirWeb/brokerDetailPage_Beta?memID=2493&h_MemType=members&memName=GREENBUCKS%20SECURITIES%20PRIVATE%20LIMITED
1212,RAJCHANDRA CAPITAL SERVICES PVT. LTD.,INZ000233334,09936,2502,https://enit.nseindia.com/MemDirWeb/brokerDetailPage_Beta?memID=2502&h_MemType=members&memName=RAJCHANDRA%20CAPITAL%20SERVICES%20PVT.%20LTD.
1213,ALB STOCK BROKING PRIVATE LIMITED,INZ000257335,13599,2450,https://enit.nseindia.com/MemDirWeb/brokerDetailPage_Beta?memID=2450&h_MemType=members&memName=ALB%20STOCK%20BROKING%20PRIVATE%20LIMITED
1214,ZEBU SHARE AND WEALTH MANAGEMENTS PRIVATE LIMITED,INZ000174634,13179,2810,https://enit.nseindia.com/MemDirWeb/brokerDetailPage_Beta?memID=2810&h_MemType=members&memName=ZEBU%20SHARE%20AND%20WEALTH%20MANAGEMENTS%20PRIVATE%20LIMITED
1215,ABHINANDAN STOCK BROKING PVT. LTD.,INZ000202134,14336,2725,https://enit.nseindia.com/MemDirWeb/brokerDetailPage_Beta?memID=2725&h_MemType=members&memName=ABHINANDAN%20STOCK%20BROKING%20PVT.%20LTD.
1216,BLUE CHIP CORPORATION PRIVATE LIMITED,INB231446536/INF231446536,14465,2799,https://enit.nseindia.com/MemDirWeb/brokerDetailPage_Beta?memID=2799&h_MemType=members&memName=BLUE%20CHIP%20CORPORATION%20PRIVATE%20LIMITED
1217,WEALTH FIRST PORTFOLIO MANAGERS LIMITED,INZ000018333,13463,2802,https://enit.nseindia.com/MemDirWeb/brokerDetailPage_Beta?memID=2802&h_MemType=members&memName=WEALTH%20FIRST%20PORTFOLIO%20MANAGERS%20LIMITED
1218,NARAYAN CAPITAL PRIVATE LIMITED,INZ000207233,90016,2887,https://enit.nseindia.com/MemDirWeb/brokerDetailPage_Beta?memID=2887&h_MemType=members&memName=NARAYAN%20CAPITAL%20PRIVATE%20LIMITED
1219,WIINANCE FINANCIAL SERVICES PRIVATE LIMITED,INZ000239038,90018,2894,https://enit.nseindia.com/MemDirWeb/brokerDetailPage_Beta?memID=2894&h_MemType=members&memName=WIINANCE%20FINANCIAL%20SERVICES%20PRIVATE%20LIMITED
1220,BEELINE BROKING LTD,INZ000000638,90039,2913,https://enit.nseindia.com/MemDirWeb/brokerDetailPage_Beta?memID=2913&h_MemType=members&memName=BEELINE%20BROKING%20LTD
1221,S R STOCK BROKING PRIVATE LIMITED,INZ000004531,90048,2881,https://enit.nseindia.com/MemDirWeb/brokerDetailPage_Beta?memID=2881&h_MemType=members&memName=S%20R%20STOCK%20BROKING%20PRIVATE%20LIMITED
1222,INDSTOCKS PRIVATE LIMITED,INZ000305337,90267,3141,https://enit.nseindia.com/MemDirWeb/brokerDetailPage_Beta?memID=3141&h_MemType=members&memName=INDSTOCKS%20PRIVATE%20LIMITED
1223,MONEYPALM BROKERS PRIVATE LIMITED,INZ000238435,14610,2833,https://enit.nseindia.com/MemDirWeb/brokerDetailPage_Beta?memID=2833&h_MemType=members&memName=MONEYPALM%20BROKERS%20PRIVATE%20LIMITED
1224,PKG SECURITIES,INZ000295913,90214,3091,https://enit.nseindia.com/MemDirWeb/brokerDetailPage_Beta?memID=3091&h_MemType=members&memName=PKG%20SECURITIES
1225,ABANS BROKING SERVICES PRIVATE LIMITED,INZ000032733,90173,3050,https://enit.nseindia.com/MemDirWeb/brokerDetailPage_Beta?memID=3050&h_MemType=members&memName=ABANS%20BROKING%20SERVICES%20PRIVATE%20LIMITED
1226,SAPPHIRE BROKING,INZ000329823,90481,3347,https://enit.nseindia.com/MemDirWeb/brokerDetailPage_Beta?memID=3347&h_MemType=members&memName=SAPPHIRE%20BROKING
1227,EDEL INVESTMENTS LIMITED,INZ000173431,90168,3044,https://enit.nseindia.com/MemDirWeb/brokerDetailPage_Beta?memID=3044&h_MemType=members&memName=EDEL%20INVESTMENTS%20LIMITED
1228,WEALTHSTREET FINANCIAL SERVICES PRIVATE LIMITED,INZ000157331,90118,2993,https://enit.nseindia.com/MemDirWeb/brokerDetailPage_Beta?memID=2993&h_MemType=members&memName=WEALTHSTREET%20FINANCIAL%20SERVICES%20PRIVATE%20LIMITED
1229,JINDAL FUTURES PVT LTD,INZ000010637,90066,2945,https://enit.nseindia.com/MemDirWeb/brokerDetailPage_Beta?memID=2945&h_MemType=members&memName=JINDAL%20FUTURES%20PVT%20LTD
1230,SANFORD C.BERNSTEIN (INDIA) PRIVATE LIMITED,INZ000213537,90160,3036,https://enit.nseindia.com/MemDirWeb/brokerDetailPage_Beta?memID=3036&h_MemType=members&memName=SANFORD%20C.BERNSTEIN%20%28INDIA%29%20PRIVATE%20LIMITED
1231,ANTARA CAPITAL PRIVATE LIMITED,,,3350,https://enit.nseindia.com/MemDirWeb/brokerDetailPage_Beta?memID=3350&h_MemType=members&memName=ANTARA%20CAPITAL%20PRIVATE%20LIMITED
1232,EQUIRIZE SECURITIES PRIVATE LIMITED,,90472,3338,https://enit.nseindia.com/MemDirWeb/brokerDetailPage_Beta?memID=3338&h_MemType=members&memName=EQUIRIZE%20SECURITIES%20PRIVATE%20LIMITED
1233,MANDHANI INVESTMENTS,,,3161,https://enit.nseindia.com/MemDirWeb/brokerDetailPage_Beta?memID=3161&h_MemType=members&memName=MANDHANI%20INVESTMENTS
1234,SURYAVANSHAM COMMTRADE LLP,INZ000103465,90127,3001,https://enit.nseindia.com/MemDirWeb/brokerDetailPage_Beta?memID=3001&h_MemType=members&memName=SURYAVANSHAM%20COMMTRADE%20LLP
1235,BNP PARIBAS,INF231311130/INE231311130,13111,2333,https://enit.nseindia.com/MemDirWeb/brokerDetailPage_Beta?memID=2333&h_MemType=members&memName=BNP%20PARIBAS
1236,CITY UNION BANK LIMITED,INZ000310149,90307,3177,https://enit.nseindia.com/MemDirWeb/brokerDetailPage_Beta?memID=3177&h_MemType=members&memName=CITY%20UNION%20BANK%20LIMITED
1237,BANK OF BARODA,INE231311338,13113,2331,https://enit.nseindia.com/MemDirWeb/brokerDetailPage_Beta?memID=2331&h_MemType=members&memName=BANK%20OF%20BARODA
1238,INDUSIND BANK LIMITED,INZ000188738,13088,1669,https://enit.nseindia.com/MemDirWeb/brokerDetailPage_Beta?memID=1669&h_MemType=members&memName=INDUSIND%20BANK%20LIMITED
1239,24CARAT CAPITAL MARKETS PRIVATE LIMITED,,90474,3340,https://enit.nseindia.com/MemDirWeb/brokerDetailPage_Beta?memID=3340&h_MemType=members&memName=24CARAT%20CAPITAL%20MARKETS%20PRIVATE%20LIMITED
1240,INDIA BOND PRIVATE LIMITED,,90316,3187,https://enit.nseindia.com/MemDirWeb/brokerDetailPage_Beta?memID=3187&h_MemType=members&memName=INDIA%20BOND%20PRIVATE%20LIMITED
1241,SUSTVEST BROKING PRIVATE LIMITED,,90404,3275,https://enit.nseindia.com/MemDirWeb/brokerDetailPage_Beta?memID=3275&h_MemType=members&memName=SUSTVEST%20BROKING%20PRIVATE%20LIMITED
1242,ROI NET SECURITIES PRIVATE LIMITED,INZ000314837,90345,3212,https://enit.nseindia.com/MemDirWeb/brokerDetailPage_Beta?memID=3212&h_MemType=members&memName=ROI%20NET%20SECURITIES%20PRIVATE%20LIMITED
1243,SANJAY AGARWAL BROKING LIMITED,INZ000097519,90102,2966,https://enit.nseindia.com/MemDirWeb/brokerDetailPage_Beta?memID=2966&h_MemType=members&memName=SANJAY%20AGARWAL%20BROKING%20LIMITED
1244,LEO FINANCIAL SERVICES LTD.,INZ000276734,08534,731,https://enit.nseindia.com/MemDirWeb/brokerDetailPage_Beta?memID=731&h_MemType=members&memName=LEO%20FINANCIAL%20SERVICES%20LTD.
1245,SHREE TISAI SECURITIES PRIVATE LIMITED,INZ000215732,14131,2846,https://enit.nseindia.com/MemDirWeb/brokerDetailPage_Beta?memID=2846&h_MemType=members&memName=SHREE%20TISAI%20SECURITIES%20PRIVATE%20LIMITED
1246,KEDIA SHARES & STOCKS BROKERS LIMITED,INZ000229638,11088,1664,https://enit.nseindia.com/MemDirWeb/brokerDetailPage_Beta?memID=1664&h_MemType=members&memName=KEDIA%20SHARES%20%26%20STOCKS%20BROKERS%20LIMITED
1247,BANG SECURITIES PRIVATE LIMITED,INZ000179933,90122,2995,https://enit.nseindia.com/MemDirWeb/brokerDetailPage_Beta?memID=2995&h_MemType=members&memName=BANG%20SECURITIES%20PRIVATE%20LIMITED
1248,ARJ SHARES & STOCK BROKERS PRIVATE LIMITED,INZ000236638,07548,957,https://enit.nseindia.com/MemDirWeb/brokerDetailPage_Beta?memID=957&h_MemType=members&memName=ARJ%20SHARES%20%26%20STOCK%20BROKERS%20PRIVATE%20LIMITED
1249,MICROCURVES TRADING PRIVATE LIMITED,INZ000298936,90224,3101,https://enit.nseindia.com/MemDirWeb/brokerDetailPage_Beta?memID=3101&h_MemType=members&memName=MICROCURVES%20TRADING%20PRIVATE%20LIMITED
1250,NKB SECURITIES,INZ000290024,07947,887,https://enit.nseindia.com/MemDirWeb/brokerDetailPage_Beta?memID=887&h_MemType=members&memName=NKB%20SECURITIES
1251,SHRI VENKATESH STOCK BROKER SERVICES INDIA PRIVATE LIMITED,INZ000231135,90265,3139,https://enit.nseindia.com/MemDirWeb/brokerDetailPage_Beta?memID=3139&h_MemType=members&memName=SHRI%20VENKATESH%20STOCK%20BROKER%20SERVICES%20INDIA%20PRIVATE%20LIMITED
1252,VIJIT GLOBAL SECURITIES PRIVATE LIMITED,INZ000300834,90238,3116,https://enit.nseindia.com/MemDirWeb/brokerDetailPage_Beta?memID=3116&h_MemType=members&memName=VIJIT%20GLOBAL%20SECURITIES%20PRIVATE%20LIMITED
1253,RELIABLENIVESH SECURITIES PRIVATE LIMITED,INZ000303333,90325,3195,https://enit.nseindia.com/MemDirWeb/brokerDetailPage_Beta?memID=3195&h_MemType=members&memName=RELIABLENIVESH%20SECURITIES%20PRIVATE%20LIMITED
1254,KIFS STOCK BROKERS PRIVATE LIMITED,INZ000305638,90259,3135,https://enit.nseindia.com/MemDirWeb/brokerDetailPage_Beta?memID=3135&h_MemType=members&memName=KIFS%20STOCK%20BROKERS%20PRIVATE%20LIMITED
1255,CITADEL SECURITIES INDIA MARKETS PRIVATE LIMITED,INZ000304235,90250,3126,https://enit.nseindia.com/MemDirWeb/brokerDetailPage_Beta?memID=3126&h_MemType=members&memName=CITADEL%20SECURITIES%20INDIA%20MARKETS%20PRIVATE%20LIMITED
1256,KELLTON SECURITIES PRIVATE LIMITED,INZ000254336,13361,986,https://enit.nseindia.com/MemDirWeb/brokerDetailPage_Beta?memID=986&h_MemType=members&memName=KELLTON%20SECURITIES%20PRIVATE%20LIMITED
1257,JHP SECURITIES PRIVATE LIMITED,INZ000250836,09900,1947,https://enit.nseindia.com/MemDirWeb/brokerDetailPage_Beta?memID=1947&h_MemType=members&memName=JHP%20SECURITIES%20PRIVATE%20LIMITED
1258,VENKATARAMAN & CO.,INZ000261922,05123,937,https://enit.nseindia.com/MemDirWeb/brokerDetailPage_Beta?memID=937&h_MemType=members&memName=VENKATARAMAN%20%26%20CO.
1259,R SS INVESTMENTS PVT. LTD.,INZ000280636,09443,1235,https://enit.nseindia.com/MemDirWeb/brokerDetailPage_Beta?memID=1235&h_MemType=members&memName=R%20SS%20INVESTMENTS%20PVT.%20LTD.
1260,BHOGILAL TRIKAMLAL SECURITIES PVT. LTD.,INZ000218139,90196,3073,https://enit.nseindia.com/MemDirWeb/brokerDetailPage_Beta?memID=3073&h_MemType=members&memName=BHOGILAL%20TRIKAMLAL%20SECURITIES%20PVT.%20LTD.
1261,GAMMA INVESTMENTS,INZ000277625,08269,694,https://enit.nseindia.com/MemDirWeb/brokerDetailPage_Beta?memID=694&h_MemType=members&memName=GAMMA%20INVESTMENTS
1262,EXCEL FINCAP LTD.,INZ000272237,08047,855,https://enit.nseindia.com/MemDirWeb/brokerDetailPage_Beta?memID=855&h_MemType=members&memName=EXCEL%20FINCAP%20LTD.
1263,TARA CAPITAL PARTNERS INDIA PRIVATE LIMITED,INZ000302233,90242,3119,https://enit.nseindia.com/MemDirWeb/brokerDetailPage_Beta?memID=3119&h_MemType=members&memName=TARA%20CAPITAL%20PARTNERS%20INDIA%20PRIVATE%20LIMITED
1264,KOTAK MAHINDRA BANK LTD.,INZ000276847,13085,1884,https://enit.nseindia.com/MemDirWeb/brokerDetailPage_Beta?memID=1884&h_MemType=members&memName=KOTAK%20MAHINDRA%20BANK%20LTD.
1265,AARNIK SECURITIES PVT. LTD.,INZ000291038,11095,1666,https://enit.nseindia.com/MemDirWeb/brokerDetailPage_Beta?memID=1666&h_MemType=members&memName=AARNIK%20SECURITIES%20PVT.%20LTD.
1266,ICICI BANK LTD.,INZ000197438,13086,1720,https://enit.nseindia.com/MemDirWeb/brokerDetailPage_Beta?memID=1720&h_MemType=members&memName=ICICI%20BANK%20LTD.
1267,ADROIT ALGOTECH PRIVATE LIMITED,INZ000328431,90461,3328,https://enit.nseindia.com/MemDirWeb/brokerDetailPage_Beta?memID=3328&h_MemType=members&memName=ADROIT%20ALGOTECH%20PRIVATE%20LIMITED
1268,GOODFLOW SECURITIES PRIVATE LIMITED,INZ000303634,90255,3131,https://enit.nseindia.com/MemDirWeb/brokerDetailPage_Beta?memID=3131&h_MemType=members&memName=GOODFLOW%20SECURITIES%20PRIVATE%20LIMITED
1269,ASHISH VAID,INZ000261612,06791,19,https://enit.nseindia.com/MemDirWeb/brokerDetailPage_Beta?memID=19&h_MemType=members&memName=ASHISH%20VAID
1270,CIL SECURITIES LTD.,INZ000169535,06430,55,https://enit.nseindia.com/MemDirWeb/brokerDetailPage_Beta?memID=55&h_MemType=members&memName=CIL%20SECURITIES%20LTD.
1271,H K FINANCE & CAPITALS LTD,INB230681235/INF230681235,06812,95,https://enit.nseindia.com/MemDirWeb/brokerDetailPage_Beta?memID=95&h_MemType=members&memName=H%20K%20FINANCE%20%26%20CAPITALS%20LTD
1272,SATCO CAPITAL MARKETS LIMITED,INZ000198838,06422,247,https://enit.nseindia.com/MemDirWeb/brokerDetailPage_Beta?memID=247&h_MemType=members&memName=SATCO%20CAPITAL%20MARKETS%20LIMITED
1273,SW CAPITAL PRIVATE LIMITED,INZ000182531,06553,248,https://enit.nseindia.com/MemDirWeb/brokerDetailPage_Beta?memID=248&h_MemType=members&memName=SW%20CAPITAL%20PRIVATE%20LIMITED
1274,INFINITY.COM FINANCIAL SECURITIES LIMITED,INZ000232136,11850,314,https://enit.nseindia.com/MemDirWeb/brokerDetailPage_Beta?memID=314&h_MemType=members&memName=INFINITY.COM%20FINANCIAL%20SECURITIES%20LIMITED
1275,INFINITY.COM FINANCIAL SECURITIES LIMITED,INZ000232136,11850,314,https://enit.nseindia.com/MemDirWeb/brokerDetailPage_Beta?memID=314&h_MemType=members&memName=INFINITY.COM%20FINANCIAL%20SECURITIES%20LIMITED
1276,KRCHOKSEY SHARES AND SECURITIES PRIVATE LIMITED,INZ000181135,09758,132,https://enit.nseindia.com/MemDirWeb/brokerDetailPage_Beta?memID=132&h_MemType=members&memName=KRCHOKSEY%20SHARES%20AND%20SECURITIES%20PRIVATE%20LIMITED
1277,LOTUS GLOBAL EQUITIES PRIVATE LIMITED,INZ000261833,12984,139,https://enit.nseindia.com/MemDirWeb/brokerDetailPage_Beta?memID=139&h_MemType=members&memName=LOTUS%20GLOBAL%20EQUITIES%20PRIVATE%20LIMITED
1278,MASTER CAPITAL SERVICES LIMITED,INZ000210539,06436,153,https://enit.nseindia.com/MemDirWeb/brokerDetailPage_Beta?memID=153&h_MemType=members&memName=MASTER%20CAPITAL%20SERVICES%20LIMITED
1279,MODERN HOLDINGS (P) LTD,INB230713830,07138,164,https://enit.nseindia.com/MemDirWeb/brokerDetailPage_Beta?memID=164&h_MemType=members&memName=MODERN%20HOLDINGS%20%28P%29%20LTD
1280,ANUSH SHARES & SECURITIES PVT.LTD.,INZ000271235,14453,171,https://enit.nseindia.com/MemDirWeb/brokerDetailPage_Beta?memID=171&h_MemType=members&memName=ANUSH%20SHARES%20%26%20SECURITIES%20PVT.LTD.
1281,NIRPAN SECURITIES PVT. LTD.,INZ000235432,06483,193,https://enit.nseindia.com/MemDirWeb/brokerDetailPage_Beta?memID=193&h_MemType=members&memName=NIRPAN%20SECURITIES%20PVT.%20LTD.
1282,BOFA SECURITIES INDIA LIMITED,INZ000217333,13481,335,https://enit.nseindia.com/MemDirWeb/brokerDetailPage_Beta?memID=335&h_MemType=members&memName=BOFA%20SECURITIES%20INDIA%20LIMITED
1283,LKP SECURITIES LTD.,INZ000216033,07200,367,https://enit.nseindia.com/MemDirWeb/brokerDetailPage_Beta?memID=367&h_MemType=members&memName=LKP%20SECURITIES%20LTD.
1284,MUKESH BABU SECURITIES LTD,INB230598238/INF230598238,05982,374,https://enit.nseindia.com/MemDirWeb/brokerDetailPage_Beta?memID=374&h_MemType=members&memName=MUKESH%20BABU%20SECURITIES%20LTD
1285,PRATIBHUTI VINIHIT LTD.,INZ000279635,06387,388,https://enit.nseindia.com/MemDirWeb/brokerDetailPage_Beta?memID=388&h_MemType=members&memName=PRATIBHUTI%20VINIHIT%20LTD.
1286,ROLTA SHARES & STOCKS PVT. LTD.,INZ000252232,07846,396,https://enit.nseindia.com/MemDirWeb/brokerDetailPage_Beta?memID=396&h_MemType=members&memName=ROLTA%20SHARES%20%26%20STOCKS%20PVT.%20LTD.
1287,GPSK CAPITAL PRIVATE LIMITED,INZ000219831,08065,560,https://enit.nseindia.com/MemDirWeb/brokerDetailPage_Beta?memID=560&h_MemType=members&memName=GPSK%20CAPITAL%20PRIVATE%20LIMITED
1288,MURARI SECURITIES LTD.,INZ000280233,07772,566,https://enit.nseindia.com/MemDirWeb/brokerDetailPage_Beta?memID=566&h_MemType=members&memName=MURARI%20SECURITIES%20LTD.
1289,COIMBATORE CAPITAL LIMITED,INZ000195231,07529,615,https://enit.nseindia.com/MemDirWeb/brokerDetailPage_Beta?memID=615&h_MemType=members&memName=COIMBATORE%20CAPITAL%20LIMITED
1290,MALIRAM MAKHARIA FINSTOCK PVT. LTD,INZ000295634,10756,609,https://enit.nseindia.com/MemDirWeb/brokerDetailPage_Beta?memID=609&h_MemType=members&memName=MALIRAM%20MAKHARIA%20FINSTOCK%20PVT.%20LTD
1291,ANVIL SHARE & STOCK BROKING PVT. LTD,INZ000232336,10468,458,https://enit.nseindia.com/MemDirWeb/brokerDetailPage_Beta?memID=458&h_MemType=members&memName=ANVIL%20SHARE%20%26%20STOCK%20BROKING%20PVT.%20LTD
1292,SAURIN INVESTMENTS (P) LTD.,INZ000285637,08237,469,https://enit.nseindia.com/MemDirWeb/brokerDetailPage_Beta?memID=469&h_MemType=members&memName=SAURIN%20INVESTMENTS%20%28P%29%20LTD.
1293,RAIMA EQUITIES PRIVATE LIMITED,INZ000263832,07783,538,https://enit.nseindia.com/MemDirWeb/brokerDetailPage_Beta?memID=538&h_MemType=members&memName=RAIMA%20EQUITIES%20PRIVATE%20LIMITED
1294,PREM SOMANI SHARE BROKERS PVT. LTD.,INB230934839/INF230934839,09348,778,https://enit.nseindia.com/MemDirWeb/brokerDetailPage_Beta?memID=778&h_MemType=members&memName=PREM%20SOMANI%20SHARE%20BROKERS%20PVT.%20LTD.
1295,FRONTLINE STOCK BROKERS PRIVATE LIMITED,INZ000179633,07924,686,https://enit.nseindia.com/MemDirWeb/brokerDetailPage_Beta?memID=686&h_MemType=members&memName=FRONTLINE%20STOCK%20BROKERS%20PRIVATE%20LIMITED
1296,MACQUARIE CAPITAL SECURITIES (INDIA) PVT. LTD.,INZ000243533,12467,985,https://enit.nseindia.com/MemDirWeb/brokerDetailPage_Beta?memID=985&h_MemType=members&memName=MACQUARIE%20CAPITAL%20SECURITIES%20%28INDIA%29%20PVT.%20LTD.
1297,ADITYA BIRLA MONEY LIMITED,INZ000172636,13470,922,https://enit.nseindia.com/MemDirWeb/brokerDetailPage_Beta?memID=922&h_MemType=members&memName=ADITYA%20BIRLA%20MONEY%20LIMITED
1298,RSG SHARE & STOCK BROKERS LTD.,INB230814535,08145,800,https://enit.nseindia.com/MemDirWeb/brokerDetailPage_Beta?memID=800&h_MemType=members&memName=RSG%20SHARE%20%26%20STOCK%20BROKERS%20LTD.
1299,STANDARD SECURITIES & INVESTMENT INTERMEDIATES LIMITED,INZ000224239,08054,825,https://enit.nseindia.com/MemDirWeb/brokerDetailPage_Beta?memID=825&h_MemType=members&memName=STANDARD%20SECURITIES%20%26%20INVESTMENT%20INTERMEDIATES%20LIMITED
1300,VIVEK FINANCIAL FOCUS LTD.,INZ000276333,07541,847,https://enit.nseindia.com/MemDirWeb/brokerDetailPage_Beta?memID=847&h_MemType=members&memName=VIVEK%20FINANCIAL%20FOCUS%20LTD.
1301,L.F.C. SECURITIES PRIVATE LIMITED,INZ000170736,09228,1005,https://enit.nseindia.com/MemDirWeb/brokerDetailPage_Beta?memID=1005&h_MemType=members&memName=L.F.C.%20SECURITIES%20PRIVATE%20LIMITED
1302,SOUTH GUJARAT SHARES & SHAREBROKERS LTD,INZ000244231,08845,1015,https://enit.nseindia.com/MemDirWeb/brokerDetailPage_Beta?memID=1015&h_MemType=members&memName=SOUTH%20GUJARAT%20SHARES%20%26%20SHAREBROKERS%20LTD
1303,CREDENTIAL STOCK BROKERS LIMITED,INB230903331/INF230903331,09033,1045,https://enit.nseindia.com/MemDirWeb/brokerDetailPage_Beta?memID=1045&h_MemType=members&memName=CREDENTIAL%20STOCK%20BROKERS%20LIMITED
1304,VFC SECURITIES PVT. LTD.,INZ000250133,09712,1131,https://enit.nseindia.com/MemDirWeb/brokerDetailPage_Beta?memID=1131&h_MemType=members&memName=VFC%20SECURITIES%20PVT.%20LTD.
1305,SOCIETE GENERALE SECURITIES INDIA PRIVATE LIMITED,INZ000093534,09252,1138,https://enit.nseindia.com/MemDirWeb/brokerDetailPage_Beta?memID=1138&h_MemType=members&memName=SOCIETE%20GENERALE%20SECURITIES%20INDIA%20PRIVATE%20LIMITED
1306,DAILY GONG FINANCIAL SERVICES LIMITED,INZ000157633,10777,1413,https://enit.nseindia.com/MemDirWeb/brokerDetailPage_Beta?memID=1413&h_MemType=members&memName=DAILY%20GONG%20FINANCIAL%20SERVICES%20LIMITED
1307,PUG SECURITIES PRIVATE LIMITED,INB231200735/INF231200735/INE231200735,12007,1882,https://enit.nseindia.com/MemDirWeb/brokerDetailPage_Beta?memID=1882&h_MemType=members&memName=PUG%20SECURITIES%20PRIVATE%20LIMITED
1308,BALAJI EQUITIES LTD.,INZ000212839,11906,1860,https://enit.nseindia.com/MemDirWeb/brokerDetailPage_Beta?memID=1860&h_MemType=members&memName=BALAJI%20EQUITIES%20LTD.
1309,BHARTIA STOCK BROKING PVT. LTD.,INZ000205630,11184,1697,https://enit.nseindia.com/MemDirWeb/brokerDetailPage_Beta?memID=1697&h_MemType=members&memName=BHARTIA%20STOCK%20BROKING%20PVT.%20LTD.
1310,K DAMANI SECURITIES PRIVATE LIMITED,INZ000287337,11096,1719,https://enit.nseindia.com/MemDirWeb/brokerDetailPage_Beta?memID=1719&h_MemType=members&memName=K%20DAMANI%20SECURITIES%20PRIVATE%20LIMITED
1311,CONSORTIUM CAPITAL PRIVATE LIMITED,INZ000274334,12150,1908,https://enit.nseindia.com/MemDirWeb/brokerDetailPage_Beta?memID=1908&h_MemType=members&memName=CONSORTIUM%20CAPITAL%20PRIVATE%20LIMITED
1312,JAINAM BROKING LIMITED,INZ000198735,12169,1910,https://enit.nseindia.com/MemDirWeb/brokerDetailPage_Beta?memID=1910&h_MemType=members&memName=JAINAM%20BROKING%20LIMITED
1313,ASTHA CREDIT & SECURITIES (P) LTD,INZ000187932,12227,1922,https://enit.nseindia.com/MemDirWeb/brokerDetailPage_Beta?memID=1922&h_MemType=members&memName=ASTHA%20CREDIT%20%26%20SECURITIES%20%28P%29%20LTD
1314,VASANTI SHARE BROKERS LIMITED,INB231213837/INF231213837/INE231213837,12138,1929,https://enit.nseindia.com/MemDirWeb/brokerDetailPage_Beta?memID=1929&h_MemType=members&memName=VASANTI%20SHARE%20BROKERS%20LIMITED
1315,J G SHAH FINANCIAL CONSULTANTS PVT. LTD.,INZ000209538,09815,1940,https://enit.nseindia.com/MemDirWeb/brokerDetailPage_Beta?memID=1940&h_MemType=members&memName=J%20G%20SHAH%20FINANCIAL%20CONSULTANTS%20PVT.%20LTD.
1316,DEPANSU SECURITIES (INDIA) PVT LTD,INB231230732/INF231230732,12307,1943,https://enit.nseindia.com/MemDirWeb/brokerDetailPage_Beta?memID=1943&h_MemType=members&memName=DEPANSU%20SECURITIES%20%28INDIA%29%20PVT%20LTD
1317,KAUSHIK SHAH SHARES & SECURITIES PVT LTD,INZ000256332,09397,1948,https://enit.nseindia.com/MemDirWeb/brokerDetailPage_Beta?memID=1948&h_MemType=members&memName=KAUSHIK%20SHAH%20SHARES%20%26%20SECURITIES%20PVT%20LTD
1318,GARG SECURITIES PVT. LTD.,INZ000251333,12515,1953,https://enit.nseindia.com/MemDirWeb/brokerDetailPage_Beta?memID=1953&h_MemType=members&memName=GARG%20SECURITIES%20PVT.%20LTD.
1319,TRADESWIFT BROKING PRIVATE LIMITED,INZ000166439,12485,1958,https://enit.nseindia.com/MemDirWeb/brokerDetailPage_Beta?memID=1958&h_MemType=members&memName=TRADESWIFT%20BROKING%20PRIVATE%20LIMITED
1320,FORTUNE INTERFINANCE LTD,INZ000178035,12432,1978,https://enit.nseindia.com/MemDirWeb/brokerDetailPage_Beta?memID=1978&h_MemType=members&memName=FORTUNE%20INTERFINANCE%20LTD
1321,BARCLAYS SECURITIES (INDIA) PRIVATE LIMITED,INZ000269539,12927,2155,https://enit.nseindia.com/MemDirWeb/brokerDetailPage_Beta?memID=2155&h_MemType=members&memName=BARCLAYS%20SECURITIES%20%28INDIA%29%20PRIVATE%20LIMITED
1322,FOCUS SHARES & SECURITIES PRIVATE LIMITED,INZ000185331,12963,2157,https://enit.nseindia.com/MemDirWeb/brokerDetailPage_Beta?memID=2157&h_MemType=members&memName=FOCUS%20SHARES%20%26%20SECURITIES%20PRIVATE%20LIMITED
1323,V. P. CONSULTANTS PRIVATE LIMITED,INZ000222834,12872,2105,https://enit.nseindia.com/MemDirWeb/brokerDetailPage_Beta?memID=2105&h_MemType=members&memName=V.%20P.%20CONSULTANTS%20PRIVATE%20LIMITED
1324,PUNE E STOCK BROKING LIMITED,INZ000161438,12892,2112,https://enit.nseindia.com/MemDirWeb/brokerDetailPage_Beta?memID=2112&h_MemType=members&memName=PUNE%20E%20STOCK%20BROKING%20LIMITED
1325,FIRST FUTURES AND STOCKS PRIVATE LIMITED,INZ000197530,12921,2119,https://enit.nseindia.com/MemDirWeb/brokerDetailPage_Beta?memID=2119&h_MemType=members&memName=FIRST%20FUTURES%20AND%20STOCKS%20PRIVATE%20LIMITED
1326,M J PATEL SHARE & STOCK BROKERS LIMITED,INZ000218338,09892,2124,https://enit.nseindia.com/MemDirWeb/brokerDetailPage_Beta?memID=2124&h_MemType=members&memName=M%20J%20PATEL%20SHARE%20%26%20STOCK%20BROKERS%20LIMITED
1327,ADVENT STOCK BROKING PRIVATE LIMITED,INZ000268635,12700,2031,https://enit.nseindia.com/MemDirWeb/brokerDetailPage_Beta?memID=2031&h_MemType=members&memName=ADVENT%20STOCK%20BROKING%20PRIVATE%20LIMITED
1328,PROGNOSIS SECURITIES PRIVATE LIMITED,INZ000176436,12787,2040,https://enit.nseindia.com/MemDirWeb/brokerDetailPage_Beta?memID=2040&h_MemType=members&memName=PROGNOSIS%20SECURITIES%20PRIVATE%20LIMITED
1329,GOLDMAN SACHS (INDIA) SECURITIES PRIVATE LIMITED,INZ000277034,12778,2070,https://enit.nseindia.com/MemDirWeb/brokerDetailPage_Beta?memID=2070&h_MemType=members&memName=GOLDMAN%20SACHS%20%28INDIA%29%20SECURITIES%20PRIVATE%20LIMITED
1330,RIKHAV SECURITIES LIMITED,INZ000157737,12804,2084,https://enit.nseindia.com/MemDirWeb/brokerDetailPage_Beta?memID=2084&h_MemType=members&memName=RIKHAV%20SECURITIES%20LIMITED
1331,JASH SECURITIES PRIVATE LIMITED,INZ000270134,09822,2339,https://enit.nseindia.com/MemDirWeb/brokerDetailPage_Beta?memID=2339&h_MemType=members&memName=JASH%20SECURITIES%20PRIVATE%20LIMITED
1332,EQUIRUS SECURITIES PRIVATE LIMITED,INZ000251536,13017,2213,https://enit.nseindia.com/MemDirWeb/brokerDetailPage_Beta?memID=2213&h_MemType=members&memName=EQUIRUS%20SECURITIES%20PRIVATE%20LIMITED
1333,CHUKNOO SECURITIES LIMITED,INZ000282237,13294,2220,https://enit.nseindia.com/MemDirWeb/brokerDetailPage_Beta?memID=2220&h_MemType=members&memName=CHUKNOO%20SECURITIES%20LIMITED
1334,SPARKLE SECURITIES SOLUTIONS PRIVATE LIMITED,INZ000257237,13006,2230,https://enit.nseindia.com/MemDirWeb/brokerDetailPage_Beta?memID=2230&h_MemType=members&memName=SPARKLE%20SECURITIES%20SOLUTIONS%20PRIVATE%20LIMITED
1335,HPMG SHARES & SECURITIES PRIVATE LIMITED,INZ000187530,13002,2232,https://enit.nseindia.com/MemDirWeb/brokerDetailPage_Beta?memID=2232&h_MemType=members&memName=HPMG%20SHARES%20%26%20SECURITIES%20PRIVATE%20LIMITED
1336,STOCKHOLDING SERVICES LIMITED,INZ000199936,12538,2242,https://enit.nseindia.com/MemDirWeb/brokerDetailPage_Beta?memID=2242&h_MemType=members&memName=STOCKHOLDING%20SERVICES%20LIMITED
1337,SHAREWAY SECURITIES PRIVATE LIMITED,INZ000208134,13093,2259,https://enit.nseindia.com/MemDirWeb/brokerDetailPage_Beta?memID=2259&h_MemType=members&memName=SHAREWAY%20SECURITIES%20PRIVATE%20LIMITED
1338,C K INVESTMENT CONSULTANT PRIVATE LIMITED,INB231324436/INF231324436,13244,2290,https://enit.nseindia.com/MemDirWeb/brokerDetailPage_Beta?memID=2290&h_MemType=members&memName=C%20K%20INVESTMENT%20CONSULTANT%20PRIVATE%20LIMITED
1339,YES SECURITIES (INDIA) LIMITED,INZ000185632,14914,2863,https://enit.nseindia.com/MemDirWeb/brokerDetailPage_Beta?memID=2863&h_MemType=members&memName=YES%20SECURITIES%20%28INDIA%29%20LIMITED
1340,ZERODHA BROKING LIMITED,INZ000031633,13906,2516,https://enit.nseindia.com/MemDirWeb/brokerDetailPage_Beta?memID=2516&h_MemType=members&memName=ZERODHA%20BROKING%20LIMITED
1341,SHRENI SHARES LIMITED,INZ000268538,14109,2536,https://enit.nseindia.com/MemDirWeb/brokerDetailPage_Beta?memID=2536&h_MemType=members&memName=SHRENI%20SHARES%20LIMITED
1342,B D SHAH SECURITIES LIMITED,INZ000200338,09934,2404,https://enit.nseindia.com/MemDirWeb/brokerDetailPage_Beta?memID=2404&h_MemType=members&memName=B%20D%20SHAH%20SECURITIES%20LIMITED
1343,GRESHMA SHARES & STOCKS LIMITED,INZ000190130,13526,2446,https://enit.nseindia.com/MemDirWeb/brokerDetailPage_Beta?memID=2446&h_MemType=members&memName=GRESHMA%20SHARES%20%26%20STOCKS%20LIMITED
1344,PROFITMART SECURITIES PRIVATE LIMITED,INZ000093633,14556,2815,https://enit.nseindia.com/MemDirWeb/brokerDetailPage_Beta?memID=2815&h_MemType=members&memName=PROFITMART%20SECURITIES%20PRIVATE%20LIMITED
1345,AMBALAL SHARES & STOCKS PRIVATE LIMITED,INZ000219137,14329,2561,https://enit.nseindia.com/MemDirWeb/brokerDetailPage_Beta?memID=2561&h_MemType=members&memName=AMBALAL%20SHARES%20%26%20STOCKS%20PRIVATE%20LIMITED
1346,FINDOC INVESTMART PVT. LTD.,INZ000164436,14697,2843,https://enit.nseindia.com/MemDirWeb/brokerDetailPage_Beta?memID=2843&h_MemType=members&memName=FINDOC%20INVESTMART%20PVT.%20LTD.
1347,BADJATE STOCK AND SHARES PRIVATE LIMITED,INZ000190232,14845,2855,https://enit.nseindia.com/MemDirWeb/brokerDetailPage_Beta?memID=2855&h_MemType=members&memName=BADJATE%20STOCK%20AND%20SHARES%20PRIVATE%20LIMITED
1348,PAWAN PARMESHWAR CAPITAL PRIVATE LIMITED,INZ000325937,00188,2507,https://enit.nseindia.com/MemDirWeb/brokerDetailPage_Beta?memID=2507&h_MemType=members&memName=PAWAN%20PARMESHWAR%20CAPITAL%20PRIVATE%20LIMITED
1349,CITIBANK N.A.,INZ000284247,13109,2330,https://enit.nseindia.com/MemDirWeb/brokerDetailPage_Beta?memID=2330&h_MemType=members&memName=CITIBANK%20N.A.
1350,BANYAN TREE FINANCIAL SOLUTIONS PRIVATE LIMITED,INB231498131/INF231498131/INE231498131,14981,2867,https://enit.nseindia.com/MemDirWeb/brokerDetailPage_Beta?memID=2867&h_MemType=members&memName=BANYAN%20TREE%20FINANCIAL%20SOLUTIONS%20PRIVATE%20LIMITED
1351,ACROSS BROKING PRIVATE LIMITED,INZ000189534,90015,2856,https://enit.nseindia.com/MemDirWeb/brokerDetailPage_Beta?memID=2856&h_MemType=members&memName=ACROSS%20BROKING%20PRIVATE%20LIMITED
1352,DRISHTI SHARES & INVESTMENTS PRIVATE LIMITED,INZ000068833,90032,2905,https://enit.nseindia.com/MemDirWeb/brokerDetailPage_Beta?memID=2905&h_MemType=members&memName=DRISHTI%20SHARES%20%26%20INVESTMENTS%20PRIVATE%20LIMITED
1353,CRESCO FUTURES LTD,INZ000005033,90049,2927,https://enit.nseindia.com/MemDirWeb/brokerDetailPage_Beta?memID=2927&h_MemType=members&memName=CRESCO%20FUTURES%20LTD
1354,RAJESH TULSIRAM MAHESHWARI,INZ000029017,90078,2952,https://enit.nseindia.com/MemDirWeb/brokerDetailPage_Beta?memID=2952&h_MemType=members&memName=RAJESH%20TULSIRAM%20MAHESHWARI
1355,MATTERHORN BROKING SERVICES PRIVATE LIMITED,INZ000324733,90426,3297,https://enit.nseindia.com/MemDirWeb/brokerDetailPage_Beta?memID=3297&h_MemType=members&memName=MATTERHORN%20BROKING%20SERVICES%20PRIVATE%20LIMITED
1356,ARTH CRAFT CAPITAL MARKET PRIVATE LIMITED,INZ000327932,90450,3317,https://enit.nseindia.com/MemDirWeb/brokerDetailPage_Beta?memID=3317&h_MemType=members&memName=ARTH%20CRAFT%20CAPITAL%20MARKET%20PRIVATE%20LIMITED
1357,FINSOL SECURITIES PRIVATE LIMITED,INZ000328134,90458,3325,https://enit.nseindia.com/MemDirWeb/brokerDetailPage_Beta?memID=3325&h_MemType=members&memName=FINSOL%20SECURITIES%20PRIVATE%20LIMITED
1358,MASTER PORTFOLIO SERVICES LIMITED,INZ000328234,90466,3332,https://enit.nseindia.com/MemDirWeb/brokerDetailPage_Beta?memID=3332&h_MemType=members&memName=MASTER%20PORTFOLIO%20SERVICES%20LIMITED
1359,RAJENDRA SHARE BROKING PRIVATE LIMITED,INZ000266332,90320,3190,https://enit.nseindia.com/MemDirWeb/brokerDetailPage_Beta?memID=3190&h_MemType=members&memName=RAJENDRA%20SHARE%20BROKING%20PRIVATE%20LIMITED
1360,KALASH SHARES & SECURITIES PRIVATE LIMITED,INZ000274438,13290,2374,https://enit.nseindia.com/MemDirWeb/brokerDetailPage_Beta?memID=2374&h_MemType=members&memName=KALASH%20SHARES%20%26%20SECURITIES%20PRIVATE%20LIMITED
1361,P.P.J. SHROFF SECURITIES PRIVATE LIMITED,INZ000247532,09864,2768,https://enit.nseindia.com/MemDirWeb/brokerDetailPage_Beta?memID=2768&h_MemType=members&memName=P.P.J.%20SHROFF%20SECURITIES%20PRIVATE%20LIMITED
1362,ATISHAY STOCK BROKING PRIVATE LIMITED,INZ000299131,90227,3104,https://enit.nseindia.com/MemDirWeb/brokerDetailPage_Beta?memID=3104&h_MemType=members&memName=ATISHAY%20STOCK%20BROKING%20PRIVATE%20LIMITED
1363,A&G STOCK BROKING & CO,INZ000305026,90257,3133,https://enit.nseindia.com/MemDirWeb/brokerDetailPage_Beta?memID=3133&h_MemType=members&memName=A%26G%20STOCK%20BROKING%20%26%20CO
1364,ACA FINSERV LLP,INZ000305857,90256,3132,https://enit.nseindia.com/MemDirWeb/brokerDetailPage_Beta?memID=3132&h_MemType=members&memName=ACA%20FINSERV%20LLP
1365,ACTIVE DERIVATIVES PRIVATE LIMITED,INZ000246635,90010,2875,https://enit.nseindia.com/MemDirWeb/brokerDetailPage_Beta?memID=2875&h_MemType=members&memName=ACTIVE%20DERIVATIVES%20PRIVATE%20LIMITED
1366,CRIZAC TECHNOLOGIES PRIVATE LIMITED,INZ000175032,90117,2992,https://enit.nseindia.com/MemDirWeb/brokerDetailPage_Beta?memID=2992&h_MemType=members&memName=CRIZAC%20TECHNOLOGIES%20PRIVATE%20LIMITED
1367,VEDIKA STOCK BROKING PRIVATE LIMITED,INZ000187033,14755,2861,https://enit.nseindia.com/MemDirWeb/brokerDetailPage_Beta?memID=2861&h_MemType=members&memName=VEDIKA%20STOCK%20BROKING%20PRIVATE%20LIMITED
1368,FAST CAPITAL MARKETS LTD.,INZ000212231,12947,537,https://enit.nseindia.com/MemDirWeb/brokerDetailPage_Beta?memID=537&h_MemType=members&memName=FAST%20CAPITAL%20MARKETS%20LTD.
1369,ANISHA FINCAP CONSULTANTS LLP,INZ000322436,90110,2985,https://enit.nseindia.com/MemDirWeb/brokerDetailPage_Beta?memID=2985&h_MemType=members&memName=ANISHA%20FINCAP%20CONSULTANTS%20LLP
1370,SKYWARDS INVESTEC PRIVATE LIMITED,INZ000315235,90340,3211,https://enit.nseindia.com/MemDirWeb/brokerDetailPage_Beta?memID=3211&h_MemType=members&memName=SKYWARDS%20INVESTEC%20PRIVATE%20LIMITED
1371,ETS SECURITIES PRIVATE LIMITED,INZ000006239,90051,2929,https://enit.nseindia.com/MemDirWeb/brokerDetailPage_Beta?memID=2929&h_MemType=members&memName=ETS%20SECURITIES%20PRIVATE%20LIMITED
1372,SIGNATUREGLOBAL COMTRADE PRIVATE LIMITED,INZ000192436,90107,2982,https://enit.nseindia.com/MemDirWeb/brokerDetailPage_Beta?memID=2982&h_MemType=members&memName=SIGNATUREGLOBAL%20COMTRADE%20PRIVATE%20LIMITED
1373,RAISE SECURITIES PRIVATE LIMITED,INZ000006031,90133,3008,https://enit.nseindia.com/MemDirWeb/brokerDetailPage_Beta?memID=3008&h_MemType=members&memName=RAISE%20SECURITIES%20PRIVATE%20LIMITED
1374,RELITRADE STOCK BROKING PRIVATE LIMITED,INZ000184331,14905,2852,https://enit.nseindia.com/MemDirWeb/brokerDetailPage_Beta?memID=2852&h_MemType=members&memName=RELITRADE%20STOCK%20BROKING%20PRIVATE%20LIMITED
1375,HENSEX SECURITIES PRIVATE LIMITED,INZ000209725,14345,2625,https://enit.nseindia.com/MemDirWeb/brokerDetailPage_Beta?memID=2625&h_MemType=members&memName=HENSEX%20SECURITIES%20PRIVATE%20LIMITED
1376,DELSTOX STOCKS AND SHARES LIMITED,INZ000214431,11830,1875,https://enit.nseindia.com/MemDirWeb/brokerDetailPage_Beta?memID=1875&h_MemType=members&memName=DELSTOX%20STOCKS%20AND%20SHARES%20LIMITED
1377,J.V.EQUITIES PVT LTD,INZ000100131,90104,2968,https://enit.nseindia.com/MemDirWeb/brokerDetailPage_Beta?memID=2968&h_MemType=members&memName=J.V.EQUITIES%20PVT%20LTD
