sr_no,member_name,sebi_reg_no,member_code,internal_id,details_url
1,123 CAPITALS,INZ000209921,90001,2874,https://enit.nseindia.com/MemDirWeb/brokerDetailPage_Beta?memID=2874&h_MemType=members&memName=123%20CAPITALS
2,24CARAT CAPITAL MARKETS PRIVATE LIMITED,,90474,3340,https://enit.nseindia.com/MemDirWeb/brokerDetailPage_Beta?memID=3340&h_MemType=members&memName=24CARAT%20CAPITAL%20MARKETS%20PRIVATE%20LIMITED
3,360 ONE DISTRIBUTION SERVICES LIMITED,INZ000296339,90070,2940,https://enit.nseindia.com/MemDirWeb/brokerDetailPage_Beta?memID=2940&h_MemType=members&memName=360%20ONE%20DISTRIBUTION%20SERVICES%20LIMITED
4,4A SECURITIES LIMITED,INZ000246535,14560,2825,https://enit.nseindia.com/MemDirWeb/brokerDetailPage_Beta?memID=2825&h_MemType=members&memName=4A%20SECURITIES%20LIMITED
5,5PAISA CAPITAL LIMITED,INZ000010231,14300,2556,https://enit.nseindia.com/MemDirWeb/brokerDetailPage_Beta?memID=2556&h_MemType=members&memName=5PAISA%20CAPITAL%20LIMITED
6,9 CAPITAL CONSULTANTS LLP,INZ000308458,90281,3151,https://enit.nseindia.com/MemDirWeb/brokerDetailPage_Beta?memID=3151&h_MemType=members&memName=9%20CAPITAL%20CONSULTANTS%20LLP
7,A . G. SHARES & SECURITIES LTD.,INZ000169733,8257,622,https://enit.nseindia.com/MemDirWeb/brokerDetailPage_Beta?memID=622&h_MemType=members&memName=A%20.%20G.%20SHARES%20%26%20SECURITIES%20LTD.
8,A C AGARWAL SHARE BROKERS PVT LTD,INZ000216930,13264,2280,https://enit.nseindia.com/MemDirWeb/brokerDetailPage_Beta?memID=2280&h_MemType=members&memName=A%20C%20AGARWAL%20SHARE%20BROKERS%20PVT%20LTD
9,A C CHOKSI SHARE BROKERS PVT. LTD.,INZ000198136,9929,1862,https://enit.nseindia.com/MemDirWeb/brokerDetailPage_Beta?memID=1862&h_MemType=members&memName=A%20C%20CHOKSI%20SHARE%20BROKERS%20PVT.%20LTD.
10,A J CAPITAL LIMITED,,,2870,https://enit.nseindia.com/MemDirWeb/brokerDetailPage_Beta?memID=2870&h_MemType=members&memName=A%20J%20CAPITAL%20LIMITED
11,A K EQUITIES PVT LTD,INZ000239939,90035,2914,https://enit.nseindia.com/MemDirWeb/brokerDetailPage_Beta?memID=2914&h_MemType=members&memName=A%20K%20EQUITIES%20PVT%20LTD
12,A SWAMINATHAN,INZ000173014,90139,3015,https://enit.nseindia.com/MemDirWeb/brokerDetailPage_Beta?memID=3015&h_MemType=members&memName=A%20SWAMINATHAN
13,A SWAMINATHAN,INZ000173014,90139,3015,https://enit.nseindia.com/MemDirWeb/brokerDetailPage_Beta?memID=3015&h_MemType=members&memName=A%20SWAMINATHAN
14,A&G STOCK BROKING & CO,INZ000305026,90257,3133,https://enit.nseindia.com/MemDirWeb/brokerDetailPage_Beta?memID=3133&h_MemType=members&memName=A%26G%20STOCK%20BROKING%20%26%20CO
15,A.K.STOCKMART PVT. LTD,INZ000240830,12695,2033,https://enit.nseindia.com/MemDirWeb/brokerDetailPage_Beta?memID=2033&h_MemType=members&memName=A.K.STOCKMART%20PVT.%20LTD
16,A.N. SECURITIES,INZ000292027,14282,2539,https://enit.nseindia.com/MemDirWeb/brokerDetailPage_Beta?memID=2539&h_MemType=members&memName=A.N.%20SECURITIES
17,A.P.T RESEARCH PRIVATE LIMITED,INZ000194330,13871,2515,https://enit.nseindia.com/MemDirWeb/brokerDetailPage_Beta?memID=2515&h_MemType=members&memName=A.P.T%20RESEARCH%20PRIVATE%20LIMITED
18,AARITYA BROKING PRIVATE LIMITED,INZ000317632,90375,3247,https://enit.nseindia.com/MemDirWeb/brokerDetailPage_Beta?memID=3247&h_MemType=members&memName=AARITYA%20BROKING%20PRIVATE%20LIMITED
19,AARNIK SECURITIES PVT. LTD.,INZ000291038,11095,1666,https://enit.nseindia.com/MemDirWeb/brokerDetailPage_Beta?memID=1666&h_MemType=members&memName=AARNIK%20SECURITIES%20PVT.%20LTD.
20,AASHI BROKING PRIVATE LIMITED,INZ000322639,90406,3277,https://enit.nseindia.com/MemDirWeb/brokerDetailPage_Beta?memID=3277&h_MemType=members&memName=AASHI%20BROKING%20PRIVATE%20LIMITED
21,AASHVIK SECURITIES PRIVATE LIMITED,INZ000318434,90162,3039,https://enit.nseindia.com/MemDirWeb/brokerDetailPage_Beta?memID=3039&h_MemType=members&memName=AASHVIK%20SECURITIES%20PRIVATE%20LIMITED
22,ABANS BROKING SERVICES PRIVATE LIMITED,INZ000032733,90173,3050,https://enit.nseindia.com/MemDirWeb/brokerDetailPage_Beta?memID=3050&h_MemType=members&memName=ABANS%20BROKING%20SERVICES%20PRIVATE%20LIMITED
23,ABANS SECURITIES PRIVATE LIMITED,INZ000194431,13494,2206,https://enit.nseindia.com/MemDirWeb/brokerDetailPage_Beta?memID=2206&h_MemType=members&memName=ABANS%20SECURITIES%20PRIVATE%20LIMITED
24,ABHIK FINANCE PRIVATE LIMITED,INZ000294339,11204,1692,https://enit.nseindia.com/MemDirWeb/brokerDetailPage_Beta?memID=1692&h_MemType=members&memName=ABHIK%20FINANCE%20PRIVATE%20LIMITED
25,ABHINANDAN STOCK BROKING PVT. LTD.,INZ000202134,14336,2725,https://enit.nseindia.com/MemDirWeb/brokerDetailPage_Beta?memID=2725&h_MemType=members&memName=ABHINANDAN%20STOCK%20BROKING%20PVT.%20LTD.
26,ABHIPRA CAPITAL LTD.,INZ000285230,8150,623,https://enit.nseindia.com/MemDirWeb/brokerDetailPage_Beta?memID=623&h_MemType=members&memName=ABHIPRA%20CAPITAL%20LTD.
27,ABIRA SECURITIES LIMITED,INZ000211332,14648,2839,https://enit.nseindia.com/MemDirWeb/brokerDetailPage_Beta?memID=2839&h_MemType=members&memName=ABIRA%20SECURITIES%20LIMITED
28,ABKK GROWTH LLP,,,3156,https://enit.nseindia.com/MemDirWeb/brokerDetailPage_Beta?memID=3156&h_MemType=members&memName=ABKK%20GROWTH%20LLP
29,ABSOLUTE BROKING PRIVATE LIMITED,INZ000317833,90421,3292,https://enit.nseindia.com/MemDirWeb/brokerDetailPage_Beta?memID=3292&h_MemType=members&memName=ABSOLUTE%20BROKING%20PRIVATE%20LIMITED
30,ACA FINSERV LLP,INZ000305857,90256,3132,https://enit.nseindia.com/MemDirWeb/brokerDetailPage_Beta?memID=3132&h_MemType=members&memName=ACA%20FINSERV%20LLP
31,ACEGROWTH BROKERS PRIVATE LIMITED,INZ000319433,90437,3306,https://enit.nseindia.com/MemDirWeb/brokerDetailPage_Beta?memID=3306&h_MemType=members&memName=ACEGROWTH%20BROKERS%20PRIVATE%20LIMITED
32,ACEMONEY INTERMEDIARIES PRIVATE LIMITED,INZ000104331,7923,659,https://enit.nseindia.com/MemDirWeb/brokerDetailPage_Beta?memID=659&h_MemType=members&memName=ACEMONEY%20INTERMEDIARIES%20PRIVATE%20LIMITED
33,ACHINTYA COMMODITIES PRIVATE LIMITED,INZ000015535,90438,3307,https://enit.nseindia.com/MemDirWeb/brokerDetailPage_Beta?memID=3307&h_MemType=members&memName=ACHINTYA%20COMMODITIES%20PRIVATE%20LIMITED
34,ACHINTYA SECURITIES PRIVATE LIMITED,INZ000009837,13302,2284,https://enit.nseindia.com/MemDirWeb/brokerDetailPage_Beta?memID=2284&h_MemType=members&memName=ACHINTYA%20SECURITIES%20PRIVATE%20LIMITED
35,ACK CAPITAL PRIVATE LIMITED,INZ000241733,9987,2159,https://enit.nseindia.com/MemDirWeb/brokerDetailPage_Beta?memID=2159&h_MemType=members&memName=ACK%20CAPITAL%20PRIVATE%20LIMITED
36,ACME CAPITAL MARKET LIMITED,INZ000311839,90377,3249,https://enit.nseindia.com/MemDirWeb/brokerDetailPage_Beta?memID=3249&h_MemType=members&memName=ACME%20CAPITAL%20MARKET%20LIMITED
37,ACML CAPITAL MARKETS LIMITED,INZ000260134,11074,1859,https://enit.nseindia.com/MemDirWeb/brokerDetailPage_Beta?memID=1859&h_MemType=members&memName=ACML%20CAPITAL%20MARKETS%20LIMITED
38,ACROSS BROKING PRIVATE LIMITED,INZ000189534,90015,2856,https://enit.nseindia.com/MemDirWeb/brokerDetailPage_Beta?memID=2856&h_MemType=members&memName=ACROSS%20BROKING%20PRIVATE%20LIMITED
39,ACTION FINANCIAL SERVICES (INDIA) LIMITED,INZ000179538,7492,477,https://enit.nseindia.com/MemDirWeb/brokerDetailPage_Beta?memID=477&h_MemType=members&memName=ACTION%20FINANCIAL%20SERVICES%20%28INDIA%29%20LIMITED
40,ACTIVE DERIVATIVES PRIVATE LIMITED,INZ000246635,90010,2875,https://enit.nseindia.com/MemDirWeb/brokerDetailPage_Beta?memID=2875&h_MemType=members&memName=ACTIVE%20DERIVATIVES%20PRIVATE%20LIMITED
41,ACUMEN CAPITAL MARKET (INDIA) LTD,INZ000170434,8814,610,https://enit.nseindia.com/MemDirWeb/brokerDetailPage_Beta?memID=610&h_MemType=members&memName=ACUMEN%20CAPITAL%20MARKET%20%28INDIA%29%20LTD
42,ADINATH CAPITAL SERVICES LIMITED,INZ000275235,6921,824,https://enit.nseindia.com/MemDirWeb/brokerDetailPage_Beta?memID=824&h_MemType=members&memName=ADINATH%20CAPITAL%20SERVICES%20LIMITED
43,ADINATH STOCK BROKING PRIVATE LIMITED,INZ000204337,12805,2348,https://enit.nseindia.com/MemDirWeb/brokerDetailPage_Beta?memID=2348&h_MemType=members&memName=ADINATH%20STOCK%20BROKING%20PRIVATE%20LIMITED
44,ADITYA BIRLA MONEY LIMITED,INZ000172636,13470,922,https://enit.nseindia.com/MemDirWeb/brokerDetailPage_Beta?memID=922&h_MemType=members&memName=ADITYA%20BIRLA%20MONEY%20LIMITED
45,ADROIT ALGOTECH PRIVATE LIMITED,INZ000328431,90461,3328,https://enit.nseindia.com/MemDirWeb/brokerDetailPage_Beta?memID=3328&h_MemType=members&memName=ADROIT%20ALGOTECH%20PRIVATE%20LIMITED
46,ADROIT FINANCIAL SERVICES PRIVATE LIMITED,INZ000173137,8538,627,https://enit.nseindia.com/MemDirWeb/brokerDetailPage_Beta?memID=627&h_MemType=members&memName=ADROIT%20FINANCIAL%20SERVICES%20PRIVATE%20LIMITED
47,ADROIT SHARE & STOCK BROKER PVT. LTD.,INZ000278739,12691,2014,https://enit.nseindia.com/MemDirWeb/brokerDetailPage_Beta?memID=2014&h_MemType=members&memName=ADROIT%20SHARE%20%26%20STOCK%20BROKER%20PVT.%20LTD.
48,ADVENT STOCK BROKING PRIVATE LIMITED,INZ000268635,12700,2031,https://enit.nseindia.com/MemDirWeb/brokerDetailPage_Beta?memID=2031&h_MemType=members&memName=ADVENT%20STOCK%20BROKING%20PRIVATE%20LIMITED
49,ADVENTURES INDIA FINANCIAL SERVICES LIMITED,INZ230004236/INZ230004236/INZ230004236,90011,2886,https://enit.nseindia.com/MemDirWeb/brokerDetailPage_Beta?memID=2886&h_MemType=members&memName=ADVENTURES%20INDIA%20FINANCIAL%20SERVICES%20LIMITED
50,ADWEALTH STOCK BROKING PRIVATE LIMITED,INZ000005538,90026,2892,https://enit.nseindia.com/MemDirWeb/brokerDetailPage_Beta?memID=2892&h_MemType=members&memName=ADWEALTH%20STOCK%20BROKING%20PRIVATE%20LIMITED
51,AETRAM TRADES PRIVATE LIMITED,INZ000309838,90356,3227,https://enit.nseindia.com/MemDirWeb/brokerDetailPage_Beta?memID=3227&h_MemType=members&memName=AETRAM%20TRADES%20PRIVATE%20LIMITED
52,AFCO INVESTMENTS SERVICES PVT. LTD.,INZ000104430,90121,2997,https://enit.nseindia.com/MemDirWeb/brokerDetailPage_Beta?memID=2997&h_MemType=members&memName=AFCO%20INVESTMENTS%20SERVICES%20PVT.%20LTD.
53,AFFLUENCE SHARES AND STOCKS PRIVATE LIMITED,INZ000173635,14691,2521,https://enit.nseindia.com/MemDirWeb/brokerDetailPage_Beta?memID=2521&h_MemType=members&memName=AFFLUENCE%20SHARES%20AND%20STOCKS%20PRIVATE%20LIMITED
54,AFN LANGRANA SHARE & STOCK BROKERS P. LTD,INZ000249037,9772,25,https://enit.nseindia.com/MemDirWeb/brokerDetailPage_Beta?memID=25&h_MemType=members&memName=AFN%20LANGRANA%20SHARE%20%26%20STOCK%20BROKERS%20P.%20LTD
55,AFTERTRADE BROKING PRIVATE LIMITED,INZ000155638,90113,2986,https://enit.nseindia.com/MemDirWeb/brokerDetailPage_Beta?memID=2986&h_MemType=members&memName=AFTERTRADE%20BROKING%20PRIVATE%20LIMITED
56,AGROY FINANCE AND INVESTMENT LIMITED,INZ000185530,6919,628,https://enit.nseindia.com/MemDirWeb/brokerDetailPage_Beta?memID=628&h_MemType=members&memName=AGROY%20FINANCE%20AND%20INVESTMENT%20LIMITED
57,AIKYAM CAPITAL PRIVATE LIMITED,INZ000321232,90419,3290,https://enit.nseindia.com/MemDirWeb/brokerDetailPage_Beta?memID=3290&h_MemType=members&memName=AIKYAM%20CAPITAL%20PRIVATE%20LIMITED
58,AIONION CAPITAL MARKET SERVICES PRIVATE LIMITED,INZ000318532,90405,3276,https://enit.nseindia.com/MemDirWeb/brokerDetailPage_Beta?memID=3276&h_MemType=members&memName=AIONION%20CAPITAL%20MARKET%20SERVICES%20PRIVATE%20LIMITED
59,AIRAN FINSTOCKS PRIVATE LIMITED,INZ000214031,13233,2277,https://enit.nseindia.com/MemDirWeb/brokerDetailPage_Beta?memID=2277&h_MemType=members&memName=AIRAN%20FINSTOCKS%20PRIVATE%20LIMITED
60,AIWIN INVESTMENT MONEY,INZ000036426,90082,2959,https://enit.nseindia.com/MemDirWeb/brokerDetailPage_Beta?memID=2959&h_MemType=members&memName=AIWIN%20INVESTMENT%20MONEY
61,AJCON GLOBAL SERVICES LIMITED,INZ000173933,6376,310,https://enit.nseindia.com/MemDirWeb/brokerDetailPage_Beta?memID=310&h_MemType=members&memName=AJCON%20GLOBAL%20SERVICES%20LIMITED
62,AJIT S SIAL,INB230079610,796,629,https://enit.nseindia.com/MemDirWeb/brokerDetailPage_Beta?memID=629&h_MemType=members&memName=AJIT%20S%20SIAL
63,AJMERA ASSOCIATES LTD.,INZ000177531,11858,1991,https://enit.nseindia.com/MemDirWeb/brokerDetailPage_Beta?memID=1991&h_MemType=members&memName=AJMERA%20ASSOCIATES%20LTD.
64,AKI FINANCE & SECURITIES (P) LTD,INB230855437/INF230855437,8554,631,https://enit.nseindia.com/MemDirWeb/brokerDetailPage_Beta?memID=631&h_MemType=members&memName=AKI%20FINANCE%20%26%20SECURITIES%20%28P%29%20LTD
65,ALACRITY SECURITIES LTD.,INZ000215936,9098,1086,https://enit.nseindia.com/MemDirWeb/brokerDetailPage_Beta?memID=1086&h_MemType=members&memName=ALACRITY%20SECURITIES%20LTD.
66,ALANKIT IMAGINATIONS LIMITED,INZ000028539,8812,633,https://enit.nseindia.com/MemDirWeb/brokerDetailPage_Beta?memID=633&h_MemType=members&memName=ALANKIT%20IMAGINATIONS%20LIMITED
67,ALB STOCK BROKING PRIVATE LIMITED,INZ000257335,13599,2450,https://enit.nseindia.com/MemDirWeb/brokerDetailPage_Beta?memID=2450&h_MemType=members&memName=ALB%20STOCK%20BROKING%20PRIVATE%20LIMITED
68,ALDAN INVESTMENTS PRIVATE LIMITED,INZ000279438,12599,1998,https://enit.nseindia.com/MemDirWeb/brokerDetailPage_Beta?memID=1998&h_MemType=members&memName=ALDAN%20INVESTMENTS%20PRIVATE%20LIMITED
69,ALGOQUANT FINTECH LIMITED,INZ000326631,90234,3111,https://enit.nseindia.com/MemDirWeb/brokerDetailPage_Beta?memID=3111&h_MemType=members&memName=ALGOQUANT%20FINTECH%20LIMITED
70,ALICE BLUE FIN SVCS P LTD,INZ000156038,90112,2988,https://enit.nseindia.com/MemDirWeb/brokerDetailPage_Beta?memID=2988&h_MemType=members&memName=ALICE%20BLUE%20FIN%20SVCS%20P%20LTD
71,ALLEGRO CAPITAL ADVISORS PRIVATE LIMITED,INZ000255731,12997,2165,https://enit.nseindia.com/MemDirWeb/brokerDetailPage_Beta?memID=2165&h_MemType=members&memName=ALLEGRO%20CAPITAL%20ADVISORS%20PRIVATE%20LIMITED
72,ALLIED FINANCIAL SERVICES PVT LTD,INZ000164832,14331,634,https://enit.nseindia.com/MemDirWeb/brokerDetailPage_Beta?memID=634&h_MemType=members&memName=ALLIED%20FINANCIAL%20SERVICES%20PVT%20LTD
73,ALLREACH COMMODITIES INDIA PRIVATE LIMITED,INZ000074235,90332,3202,https://enit.nseindia.com/MemDirWeb/brokerDetailPage_Beta?memID=3202&h_MemType=members&memName=ALLREACH%20COMMODITIES%20INDIA%20PRIVATE%20LIMITED
74,ALLVEST SECURITIES PRIVATE LIMITED,INZ000330839,90469,3335,https://enit.nseindia.com/MemDirWeb/brokerDetailPage_Beta?memID=3335&h_MemType=members&memName=ALLVEST%20SECURITIES%20PRIVATE%20LIMITED
75,ALLWIN SECURITIES LIMITED,INZ000239635,12335,2801,https://enit.nseindia.com/MemDirWeb/brokerDetailPage_Beta?memID=2801&h_MemType=members&memName=ALLWIN%20SECURITIES%20LIMITED
76,ALMONDZ GLOBAL SECURITIES LTD.,INZ000213936,12252,1951,https://enit.nseindia.com/MemDirWeb/brokerDetailPage_Beta?memID=1951&h_MemType=members&memName=ALMONDZ%20GLOBAL%20SECURITIES%20LTD.
77,ALPHA CAPITAL,INZ000312023,90195,3071,https://enit.nseindia.com/MemDirWeb/brokerDetailPage_Beta?memID=3071&h_MemType=members&memName=ALPHA%20CAPITAL
78,ALPHAGREP SECURITIES PRIVATE LIMITED,INZ000007930,90059,2931,https://enit.nseindia.com/MemDirWeb/brokerDetailPage_Beta?memID=2931&h_MemType=members&memName=ALPHAGREP%20SECURITIES%20PRIVATE%20LIMITED
79,ALPHUM RESEARCH PRIVATE LIMITED,INZ000328935,90467,3333,https://enit.nseindia.com/MemDirWeb/brokerDetailPage_Beta?memID=3333&h_MemType=members&memName=ALPHUM%20RESEARCH%20PRIVATE%20LIMITED
80,ALTINA SECURITIES PVT. LTD,INZ000276032,10852,56,https://enit.nseindia.com/MemDirWeb/brokerDetailPage_Beta?memID=56&h_MemType=members&memName=ALTINA%20SECURITIES%20PVT.%20LTD
81,ALTINVEST CREDIT PLATFORM PRIVATE LIMITED,,90478,3344,https://enit.nseindia.com/MemDirWeb/brokerDetailPage_Beta?memID=3344&h_MemType=members&memName=ALTINVEST%20CREDIT%20PLATFORM%20PRIVATE%20LIMITED
82,AMAR & SONS STOCK BROKING PVT LTD,INZ000213331,11445,1751,https://enit.nseindia.com/MemDirWeb/brokerDetailPage_Beta?memID=1751&h_MemType=members&memName=AMAR%20%26%20SONS%20STOCK%20BROKING%20PVT%20LTD
83,AMARJEET SINGH,INZ000311411,90310,3180,https://enit.nseindia.com/MemDirWeb/brokerDetailPage_Beta?memID=3180&h_MemType=members&memName=AMARJEET%20SINGH
84,AMBALAL SHARES & STOCKS PRIVATE LIMITED,INZ000219137,14329,2561,https://enit.nseindia.com/MemDirWeb/brokerDetailPage_Beta?memID=2561&h_MemType=members&memName=AMBALAL%20SHARES%20%26%20STOCKS%20PRIVATE%20LIMITED
85,AMBIT BROKING SERVICES PRIVATE LIMITED,INZ000325835,90446,3315,https://enit.nseindia.com/MemDirWeb/brokerDetailPage_Beta?memID=3315&h_MemType=members&memName=AMBIT%20BROKING%20SERVICES%20PRIVATE%20LIMITED
86,AMBIT CAPITAL PRIVATE LIMITED,INZ000259334,12476,1986,https://enit.nseindia.com/MemDirWeb/brokerDetailPage_Beta?memID=1986&h_MemType=members&memName=AMBIT%20CAPITAL%20PRIVATE%20LIMITED
87,AMBIT SECURITIES BROKING PVT. LTD.,INZ000255231,12173,1934,https://enit.nseindia.com/MemDirWeb/brokerDetailPage_Beta?memID=1934&h_MemType=members&memName=AMBIT%20SECURITIES%20BROKING%20PVT.%20LTD.
88,AMIT JASANI FINANCIAL SERVICES PVT. LTD.,INZ000280133,11072,1655,https://enit.nseindia.com/MemDirWeb/brokerDetailPage_Beta?memID=1655&h_MemType=members&memName=AMIT%20JASANI%20FINANCIAL%20SERVICES%20PVT.%20LTD.
89,AMIT NALIN SECURITIES PVT LTD,INZ000244134,9807,14,https://enit.nseindia.com/MemDirWeb/brokerDetailPage_Beta?memID=14&h_MemType=members&memName=AMIT%20NALIN%20SECURITIES%20PVT%20LTD
90,AMOL FINANCIAL SERVICES PVT. LTD,INZ000246833,12720,2022,https://enit.nseindia.com/MemDirWeb/brokerDetailPage_Beta?memID=2022&h_MemType=members&memName=AMOL%20FINANCIAL%20SERVICES%20PVT.%20LTD
91,AMRAPALI CAPITAL AND FINANCE SERVICES LTD.,INZ000269735,7588,432,https://enit.nseindia.com/MemDirWeb/brokerDetailPage_Beta?memID=432&h_MemType=members&memName=AMRAPALI%20CAPITAL%20AND%20FINANCE%20SERVICES%20LTD.
92,AMTIGER CONSULTANTS PRIVATE LIMITED,INZ000267931,90188,3065,https://enit.nseindia.com/MemDirWeb/brokerDetailPage_Beta?memID=3065&h_MemType=members&memName=AMTIGER%20CONSULTANTS%20PRIVATE%20LIMITED
93,AMU SHARES & SECURITIES LTD.,INZ000277131,8344,17,https://enit.nseindia.com/MemDirWeb/brokerDetailPage_Beta?memID=17&h_MemType=members&memName=AMU%20SHARES%20%26%20SECURITIES%20LTD.
94,ANAND RATHI GLOBAL INTERMEDIARIES LIMITED,INZ000327038,90408,3279,https://enit.nseindia.com/MemDirWeb/brokerDetailPage_Beta?memID=3279&h_MemType=members&memName=ANAND%20RATHI%20GLOBAL%20INTERMEDIARIES%20LIMITED
95,ANAND RATHI SHARE AND STOCK BROKERS LIMITED,INZ000170832,6769,182,https://enit.nseindia.com/MemDirWeb/brokerDetailPage_Beta?memID=182&h_MemType=members&memName=ANAND%20RATHI%20SHARE%20AND%20STOCK%20BROKERS%20LIMITED
96,ANANT INVESTMENTS PRIVATE LIMITED,INZ000237633,14003,941,https://enit.nseindia.com/MemDirWeb/brokerDetailPage_Beta?memID=941&h_MemType=members&memName=ANANT%20INVESTMENTS%20PRIVATE%20LIMITED
97,ANANT SECURITIES,INZ000324821,90433,3303,https://enit.nseindia.com/MemDirWeb/brokerDetailPage_Beta?memID=3303&h_MemType=members&memName=ANANT%20SECURITIES
98,ANG CAPITAL QUANTS PRIVATE LIMITED,INZ000174838,13007,2186,https://enit.nseindia.com/MemDirWeb/brokerDetailPage_Beta?memID=2186&h_MemType=members&memName=ANG%20CAPITAL%20QUANTS%20PRIVATE%20LIMITED
99,ANGEL CREST LIMITED,,,3240,https://enit.nseindia.com/MemDirWeb/brokerDetailPage_Beta?memID=3240&h_MemType=members&memName=ANGEL%20CREST%20LIMITED
100,ANGEL ONE LIMITED,INZ000161534,12798,397,https://enit.nseindia.com/MemDirWeb/brokerDetailPage_Beta?memID=397&h_MemType=members&memName=ANGEL%20ONE%20LIMITED
101,ANGEL SECURITIES LTD,INZ000245435,9946,2254,https://enit.nseindia.com/MemDirWeb/brokerDetailPage_Beta?memID=2254&h_MemType=members&memName=ANGEL%20SECURITIES%20LTD
102,ANIL KUMAR SEHGAL,INB230779219,7792,637,https://enit.nseindia.com/MemDirWeb/brokerDetailPage_Beta?memID=637&h_MemType=members&memName=ANIL%20KUMAR%20SEHGAL
103,ANISHA FINCAP CONSULTANTS LLP,INZ000322436,90110,2985,https://enit.nseindia.com/MemDirWeb/brokerDetailPage_Beta?memID=2985&h_MemType=members&memName=ANISHA%20FINCAP%20CONSULTANTS%20LLP
104,ANJANEY STOCK BROKING LTD.,INZ000263532,12417,1962,https://enit.nseindia.com/MemDirWeb/brokerDetailPage_Beta?memID=1962&h_MemType=members&memName=ANJANEY%20STOCK%20BROKING%20LTD.
105,ANS PVT. LTD.,INZ000196431,10585,1885,https://enit.nseindia.com/MemDirWeb/brokerDetailPage_Beta?memID=1885&h_MemType=members&memName=ANS%20PVT.%20LTD.
106,ANTARA CAPITAL PRIVATE LIMITED,,,3350,https://enit.nseindia.com/MemDirWeb/brokerDetailPage_Beta?memID=3350&h_MemType=members&memName=ANTARA%20CAPITAL%20PRIVATE%20LIMITED
107,ANTIQUE STOCK BROKING LTD.,INZ000001131,12987,203,https://enit.nseindia.com/MemDirWeb/brokerDetailPage_Beta?memID=203&h_MemType=members&memName=ANTIQUE%20STOCK%20BROKING%20LTD.
108,ANUGRAH STOCK & BROKING PVT. LTD.,INZ000200231,11856,1866,https://enit.nseindia.com/MemDirWeb/brokerDetailPage_Beta?memID=1866&h_MemType=members&memName=ANUGRAH%20STOCK%20%26%20BROKING%20PVT.%20LTD.
109,ANUSH SHARES & SECURITIES PVT.LTD.,INZ000271235,14453,171,https://enit.nseindia.com/MemDirWeb/brokerDetailPage_Beta?memID=171&h_MemType=members&memName=ANUSH%20SHARES%20%26%20SECURITIES%20PVT.LTD.
110,ANV BROKING,INZ000283615,14013,2541,https://enit.nseindia.com/MemDirWeb/brokerDetailPage_Beta?memID=2541&h_MemType=members&memName=ANV%20BROKING
111,ANVIL SHARE & STOCK BROKING PVT. LTD,INZ000232336,10468,458,https://enit.nseindia.com/MemDirWeb/brokerDetailPage_Beta?memID=458&h_MemType=members&memName=ANVIL%20SHARE%20%26%20STOCK%20BROKING%20PVT.%20LTD
112,APEX FINGROW PRIVATE LIMITED,INZ000318730,90390,3263,https://enit.nseindia.com/MemDirWeb/brokerDetailPage_Beta?memID=3263&h_MemType=members&memName=APEX%20FINGROW%20PRIVATE%20LIMITED
113,ARCADIA SHARE & STOCK BROKERS PRIVATE LIMITED,INZ000231731,7782,478,https://enit.nseindia.com/MemDirWeb/brokerDetailPage_Beta?memID=478&h_MemType=members&memName=ARCADIA%20SHARE%20%26%20STOCK%20BROKERS%20PRIVATE%20LIMITED
114,ARCH FINANCE LTD.,INZ000206539,9698,1098,https://enit.nseindia.com/MemDirWeb/brokerDetailPage_Beta?memID=1098&h_MemType=members&memName=ARCH%20FINANCE%20LTD.
115,ARETE SECURITIES LIMITED,INZ000241036,11782,1854,https://enit.nseindia.com/MemDirWeb/brokerDetailPage_Beta?memID=1854&h_MemType=members&memName=ARETE%20SECURITIES%20LIMITED
116,ARHAM SHARE PRIVATE LIMITED,INZ000175534,14275,2549,https://enit.nseindia.com/MemDirWeb/brokerDetailPage_Beta?memID=2549&h_MemType=members&memName=ARHAM%20SHARE%20PRIVATE%20LIMITED
117,ARHAM WEALTH MANAGEMENT PVT LTD,INZ000189034,90030,2906,https://enit.nseindia.com/MemDirWeb/brokerDetailPage_Beta?memID=2906&h_MemType=members&memName=ARHAM%20WEALTH%20MANAGEMENT%20PVT%20LTD
118,ARIHANT CAPITAL MARKETS LIMITED,INZ000180939,7839,881,https://enit.nseindia.com/MemDirWeb/brokerDetailPage_Beta?memID=881&h_MemType=members&memName=ARIHANT%20CAPITAL%20MARKETS%20LIMITED
119,ARIHANT COMMO-DERIVATIVES PRIVATE LIMITED,INZ000303435,90351,3222,https://enit.nseindia.com/MemDirWeb/brokerDetailPage_Beta?memID=3222&h_MemType=members&memName=ARIHANT%20COMMO-DERIVATIVES%20PRIVATE%20LIMITED
120,ARISTON CAPITAL SERVICES PRIVATE LIMITED,INZ000162033,13247,2344,https://enit.nseindia.com/MemDirWeb/brokerDetailPage_Beta?memID=2344&h_MemType=members&memName=ARISTON%20CAPITAL%20SERVICES%20PRIVATE%20LIMITED
121,ARISTRO CAPITAL MARKETS LIMITED,INZ000219238,13959,2518,https://enit.nseindia.com/MemDirWeb/brokerDetailPage_Beta?memID=2518&h_MemType=members&memName=ARISTRO%20CAPITAL%20MARKETS%20LIMITED
122,ARJ SECURITIES PVT. LTD.,INZ000237937,6421,214,https://enit.nseindia.com/MemDirWeb/brokerDetailPage_Beta?memID=214&h_MemType=members&memName=ARJ%20SECURITIES%20PVT.%20LTD.
123,ARJ SHARES & STOCK BROKERS PRIVATE LIMITED,INZ000236638,7548,957,https://enit.nseindia.com/MemDirWeb/brokerDetailPage_Beta?memID=957&h_MemType=members&memName=ARJ%20SHARES%20%26%20STOCK%20BROKERS%20PRIVATE%20LIMITED
124,ARTH CRAFT CAPITAL MARKET PRIVATE LIMITED,INZ000327932,90450,3317,https://enit.nseindia.com/MemDirWeb/brokerDetailPage_Beta?memID=3317&h_MemType=members&memName=ARTH%20CRAFT%20CAPITAL%20MARKET%20PRIVATE%20LIMITED
125,ARTHA VRDDHI SECURITIES LIMITED,INZ000002139,12213,135,https://enit.nseindia.com/MemDirWeb/brokerDetailPage_Beta?memID=135&h_MemType=members&memName=ARTHA%20VRDDHI%20SECURITIES%20LIMITED
126,ARYA FIN-TRADE SERVICES(INDIA) PRIVATE LIMITED,INZ000181536,90012,2893,https://enit.nseindia.com/MemDirWeb/brokerDetailPage_Beta?memID=2893&h_MemType=members&memName=ARYA%20FIN-TRADE%20SERVICES%28INDIA%29%20PRIVATE%20LIMITED
127,ARYAMAN CAPITAL MARKETS LIMITED,INZ000004739,90085,2963,https://enit.nseindia.com/MemDirWeb/brokerDetailPage_Beta?memID=2963&h_MemType=members&memName=ARYAMAN%20CAPITAL%20MARKETS%20LIMITED
128,AS BULLISHIFY PRIVATE LIMITED,INZ000328330,90479,3345,https://enit.nseindia.com/MemDirWeb/brokerDetailPage_Beta?memID=3345&h_MemType=members&memName=AS%20BULLISHIFY%20PRIVATE%20LIMITED
129,ASHIKA STOCK SERVICES LIMITED,INZ000169130,8334,1701,https://enit.nseindia.com/MemDirWeb/brokerDetailPage_Beta?memID=1701&h_MemType=members&memName=ASHIKA%20STOCK%20SERVICES%20LIMITED
130,ASHISH VAID,INZ000261612,6791,19,https://enit.nseindia.com/MemDirWeb/brokerDetailPage_Beta?memID=19&h_MemType=members&memName=ASHISH%20VAID
131,ASHLAR SECURITIES PRIVATE LIMITED,INZ000203739,13718,2458,https://enit.nseindia.com/MemDirWeb/brokerDetailPage_Beta?memID=2458&h_MemType=members&memName=ASHLAR%20SECURITIES%20PRIVATE%20LIMITED
132,ASHOK C SAMANI,INZ000235913,8,20,https://enit.nseindia.com/MemDirWeb/brokerDetailPage_Beta?memID=20&h_MemType=members&memName=ASHOK%20C%20SAMANI
133,ASIAN BROKING PVT. LTD.,INZ000201038,10433,947,https://enit.nseindia.com/MemDirWeb/brokerDetailPage_Beta?memID=947&h_MemType=members&memName=ASIAN%20BROKING%20PVT.%20LTD.
134,ASIAN MARKETS SECURITIES PVT. LTD.,INZ000226632,9771,1981,https://enit.nseindia.com/MemDirWeb/brokerDetailPage_Beta?memID=1981&h_MemType=members&memName=ASIAN%20MARKETS%20SECURITIES%20PVT.%20LTD.
135,ASIATIC STOCK & SECURITIES LTD.,INZ000166538,7845,644,https://enit.nseindia.com/MemDirWeb/brokerDetailPage_Beta?memID=644&h_MemType=members&memName=ASIATIC%20STOCK%20%26%20SECURITIES%20LTD.
136,ASIT C MEHTA INVESTMENT INTERRMEDIATES LTD.,INZ000186336,6072,316,https://enit.nseindia.com/MemDirWeb/brokerDetailPage_Beta?memID=316&h_MemType=members&memName=ASIT%20C%20MEHTA%20INVESTMENT%20INTERRMEDIATES%20LTD.
137,ASMAH SHARES & STOCK BROKERS PVT LTD,INZ000305432,90264,3138,https://enit.nseindia.com/MemDirWeb/brokerDetailPage_Beta?memID=3138&h_MemType=members&memName=ASMAH%20SHARES%20%26%20STOCK%20BROKERS%20PVT%20LTD
138,ASNANI STOCK BROKER PRIVATE LIMITED,INZ000190431,90087,2962,https://enit.nseindia.com/MemDirWeb/brokerDetailPage_Beta?memID=2962&h_MemType=members&memName=ASNANI%20STOCK%20BROKER%20PRIVATE%20LIMITED
139,ASPERO MARKETS PRIVATE LIMITED,,90374,3246,https://enit.nseindia.com/MemDirWeb/brokerDetailPage_Beta?memID=3246&h_MemType=members&memName=ASPERO%20MARKETS%20PRIVATE%20LIMITED
140,ASSET PLUS,INZ000196517,90143,3020,https://enit.nseindia.com/MemDirWeb/brokerDetailPage_Beta?memID=3020&h_MemType=members&memName=ASSET%20PLUS
141,ASTHA CREDIT & SECURITIES (P) LTD,INZ000187932,12227,1922,https://enit.nseindia.com/MemDirWeb/brokerDetailPage_Beta?memID=1922&h_MemType=members&memName=ASTHA%20CREDIT%20%26%20SECURITIES%20%28P%29%20LTD
142,ATISHAY STOCK BROKING PRIVATE LIMITED,INZ000299131,90227,3104,https://enit.nseindia.com/MemDirWeb/brokerDetailPage_Beta?memID=3104&h_MemType=members&memName=ATISHAY%20STOCK%20BROKING%20PRIVATE%20LIMITED
143,ATS SHARE BROKERS PRIVATE LIMITED,INZ000205136,13840,2483,https://enit.nseindia.com/MemDirWeb/brokerDetailPage_Beta?memID=2483&h_MemType=members&memName=ATS%20SHARE%20BROKERS%20PRIVATE%20LIMITED
144,AUM CAPITAL MARKET PVT LTD,INZ000185431,12764,2030,https://enit.nseindia.com/MemDirWeb/brokerDetailPage_Beta?memID=2030&h_MemType=members&memName=AUM%20CAPITAL%20MARKET%20PVT%20LTD
145,AUM SECURITIES PRIVATE LTD.,INZ000173337,8066,914,https://enit.nseindia.com/MemDirWeb/brokerDetailPage_Beta?memID=914&h_MemType=members&memName=AUM%20SECURITIES%20PRIVATE%20LTD.
146,AUTUS SECURITIES PRIVATE LIMITED,INZ000104034,14352,2453,https://enit.nseindia.com/MemDirWeb/brokerDetailPage_Beta?memID=2453&h_MemType=members&memName=AUTUS%20SECURITIES%20PRIVATE%20LIMITED
147,AVENDUS WEALTH MANAGEMENT PRIVATE LIMITED,INZ000322337,90427,3298,https://enit.nseindia.com/MemDirWeb/brokerDetailPage_Beta?memID=3298&h_MemType=members&memName=AVENDUS%20WEALTH%20MANAGEMENT%20PRIVATE%20LIMITED
148,AXIOM SHARE BROKING PVT. LTD.,INZ000232731,12212,1931,https://enit.nseindia.com/MemDirWeb/brokerDetailPage_Beta?memID=1931&h_MemType=members&memName=AXIOM%20SHARE%20BROKING%20PVT.%20LTD.
149,AXIS BANK LTD.,INZ000257435,13080,1682,https://enit.nseindia.com/MemDirWeb/brokerDetailPage_Beta?memID=1682&h_MemType=members&memName=AXIS%20BANK%20LTD.
150,AXIS CAPITAL LIMITED,INZ000189931,13872,2519,https://enit.nseindia.com/MemDirWeb/brokerDetailPage_Beta?memID=2519&h_MemType=members&memName=AXIS%20CAPITAL%20LIMITED
151,AXIS SECURITIES LIMITED,INZ000161633,14816,2064,https://enit.nseindia.com/MemDirWeb/brokerDetailPage_Beta?memID=2064&h_MemType=members&memName=AXIS%20SECURITIES%20LIMITED
152,B D SHAH SECURITIES LIMITED,INZ000200338,9934,2404,https://enit.nseindia.com/MemDirWeb/brokerDetailPage_Beta?memID=2404&h_MemType=members&memName=B%20D%20SHAH%20SECURITIES%20LIMITED
153,B K SHAH TRADEX LLP,INZ000289851,90191,3068,https://enit.nseindia.com/MemDirWeb/brokerDetailPage_Beta?memID=3068&h_MemType=members&memName=B%20K%20SHAH%20TRADEX%20LLP
154,B N RATHI SECURITIES LIMITED,INZ000160834,7141,30,https://enit.nseindia.com/MemDirWeb/brokerDetailPage_Beta?memID=30&h_MemType=members&memName=B%20N%20RATHI%20SECURITIES%20LIMITED
155,B R JALAN SECURITIES PVT. LTD.,INZ000199136,90182,3059,https://enit.nseindia.com/MemDirWeb/brokerDetailPage_Beta?memID=3059&h_MemType=members&memName=B%20R%20JALAN%20SECURITIES%20PVT.%20LTD.
156,B S SECURITIES,INZ000198021,8577,942,https://enit.nseindia.com/MemDirWeb/brokerDetailPage_Beta?memID=942&h_MemType=members&memName=B%20S%20SECURITIES
157,BABA BHOOTHNATH TRADE AND COMMERCE LIMITED,INZ000219037,14117,2504,https://enit.nseindia.com/MemDirWeb/brokerDetailPage_Beta?memID=2504&h_MemType=members&memName=BABA%20BHOOTHNATH%20TRADE%20AND%20COMMERCE%20LIMITED
158,BADJATE STOCK AND SHARES PRIVATE LIMITED,INZ000190232,14845,2855,https://enit.nseindia.com/MemDirWeb/brokerDetailPage_Beta?memID=2855&h_MemType=members&memName=BADJATE%20STOCK%20AND%20SHARES%20PRIVATE%20LIMITED
159,BAGARIA DERIVATIVE SERVICES PRIVATE LIMITED,INZ000226533,90348,3219,https://enit.nseindia.com/MemDirWeb/brokerDetailPage_Beta?memID=3219&h_MemType=members&memName=BAGARIA%20DERIVATIVE%20SERVICES%20PRIVATE%20LIMITED
160,BAHUBALI FINANCIAL SERVICES (P) LTD.,INZ000187438,12210,2826,https://enit.nseindia.com/MemDirWeb/brokerDetailPage_Beta?memID=2826&h_MemType=members&memName=BAHUBALI%20FINANCIAL%20SERVICES%20%28P%29%20LTD.
161,BAJAJ CAPITAL MARKETS LIMITED,INZ000236930,12693,2021,https://enit.nseindia.com/MemDirWeb/brokerDetailPage_Beta?memID=2021&h_MemType=members&memName=BAJAJ%20CAPITAL%20MARKETS%20LIMITED
162,BAJAJ FINANCIAL SECURITIES LTD.,INZ000218931,90177,3054,https://enit.nseindia.com/MemDirWeb/brokerDetailPage_Beta?memID=3054&h_MemType=members&memName=BAJAJ%20FINANCIAL%20SECURITIES%20LTD.
163,BAJAJ SHARE & STOCK BROKERS PVT. LTD,INZ000240132,10795,304,https://enit.nseindia.com/MemDirWeb/brokerDetailPage_Beta?memID=304&h_MemType=members&memName=BAJAJ%20SHARE%20%26%20STOCK%20BROKERS%20PVT.%20LTD
164,BAKLIWAL FINANCIAL SERVICES (INDIA) PRIVATE LIMITED,INB231070336/INF231070336,10703,1740,https://enit.nseindia.com/MemDirWeb/brokerDetailPage_Beta?memID=1740&h_MemType=members&memName=BAKLIWAL%20FINANCIAL%20SERVICES%20%28INDIA%29%20PRIVATE%20LIMITED
165,BAKLIWAL INVESTMENTS,INB230922920/INF230922920,9229,944,https://enit.nseindia.com/MemDirWeb/brokerDetailPage_Beta?memID=944&h_MemType=members&memName=BAKLIWAL%20INVESTMENTS
166,BALAJI EQUITIES LTD.,INZ000212839,11906,1860,https://enit.nseindia.com/MemDirWeb/brokerDetailPage_Beta?memID=1860&h_MemType=members&memName=BALAJI%20EQUITIES%20LTD.
167,BALAJI FINCAP LLP,INZ000321758,90401,3272,https://enit.nseindia.com/MemDirWeb/brokerDetailPage_Beta?memID=3272&h_MemType=members&memName=BALAJI%20FINCAP%20LLP
168,BALJIT SECURITIES PVT. LTD.,INZ000194035,9074,522,https://enit.nseindia.com/MemDirWeb/brokerDetailPage_Beta?memID=522&h_MemType=members&memName=BALJIT%20SECURITIES%20PVT.%20LTD.
169,BANAYANTREE SERVICES LIMITED,INZ000271136,90176,3053,https://enit.nseindia.com/MemDirWeb/brokerDetailPage_Beta?memID=3053&h_MemType=members&memName=BANAYANTREE%20SERVICES%20LIMITED
170,BANG SECURITIES PRIVATE LIMITED,INZ000179933,90122,2995,https://enit.nseindia.com/MemDirWeb/brokerDetailPage_Beta?memID=2995&h_MemType=members&memName=BANG%20SECURITIES%20PRIVATE%20LIMITED
171,BANHEM SECURITIES PVT LTD,INZ000281030,6536,34,https://enit.nseindia.com/MemDirWeb/brokerDetailPage_Beta?memID=34&h_MemType=members&memName=BANHEM%20SECURITIES%20PVT%20LTD
172,BANK OF BARODA,INE231311338,13113,2331,https://enit.nseindia.com/MemDirWeb/brokerDetailPage_Beta?memID=2331&h_MemType=members&memName=BANK%20OF%20BARODA
173,BANK OF INDIA,INF231156532/INF231156532/INE231308136,11565,1768,https://enit.nseindia.com/MemDirWeb/brokerDetailPage_Beta?memID=1768&h_MemType=members&memName=BANK%20OF%20INDIA
174,BANK OF MAHARASHTRA,INZ000299045,13518,2424,https://enit.nseindia.com/MemDirWeb/brokerDetailPage_Beta?memID=2424&h_MemType=members&memName=BANK%20OF%20MAHARASHTRA
175,BANSAL SHARES AND SECURITIES PRIVATE LIMITED,INZ000326036,90435,3305,https://enit.nseindia.com/MemDirWeb/brokerDetailPage_Beta?memID=3305&h_MemType=members&memName=BANSAL%20SHARES%20AND%20SECURITIES%20PRIVATE%20LIMITED
176,BANYAN TREE FINANCIAL SOLUTIONS PRIVATE LIMITED,INB231498131/INF231498131/INE231498131,14981,2867,https://enit.nseindia.com/MemDirWeb/brokerDetailPage_Beta?memID=2867&h_MemType=members&memName=BANYAN%20TREE%20FINANCIAL%20SOLUTIONS%20PRIVATE%20LIMITED
177,BARCLAYS SECURITIES (INDIA) PRIVATE LIMITED,INZ000269539,12927,2155,https://enit.nseindia.com/MemDirWeb/brokerDetailPage_Beta?memID=2155&h_MemType=members&memName=BARCLAYS%20SECURITIES%20%28INDIA%29%20PRIVATE%20LIMITED
178,BASAN EQUITY BROKING LIMITED,INZ000197331,12964,2172,https://enit.nseindia.com/MemDirWeb/brokerDetailPage_Beta?memID=2172&h_MemType=members&memName=BASAN%20EQUITY%20BROKING%20LIMITED
179,BASANT SECURITIES PRIVATE LIMITED,INZ000165832,7693,434,https://enit.nseindia.com/MemDirWeb/brokerDetailPage_Beta?memID=434&h_MemType=members&memName=BASANT%20SECURITIES%20PRIVATE%20LIMITED
180,BATLIVALA & KARANI SECURITIES INDIA PVT. LTD.,INZ000284836,10405,1880,https://enit.nseindia.com/MemDirWeb/brokerDetailPage_Beta?memID=1880&h_MemType=members&memName=BATLIVALA%20%26%20KARANI%20SECURITIES%20INDIA%20PVT.%20LTD.
181,BCB BROKERAGE PRIVATE LIMITED,INZ000200633,11611,2209,https://enit.nseindia.com/MemDirWeb/brokerDetailPage_Beta?memID=2209&h_MemType=members&memName=BCB%20BROKERAGE%20PRIVATE%20LIMITED
182,BEARBULL SECURITIES PVT. LTD.,INB230637738,6377,35,https://enit.nseindia.com/MemDirWeb/brokerDetailPage_Beta?memID=35&h_MemType=members&memName=BEARBULL%20SECURITIES%20PVT.%20LTD.
183,BEELINE BROKING LTD,INZ000000638,90039,2913,https://enit.nseindia.com/MemDirWeb/brokerDetailPage_Beta?memID=2913&h_MemType=members&memName=BEELINE%20BROKING%20LTD
184,BENISON STOCK BROKING PVT LTD,INZ000280338,13268,2304,https://enit.nseindia.com/MemDirWeb/brokerDetailPage_Beta?memID=2304&h_MemType=members&memName=BENISON%20STOCK%20BROKING%20PVT%20LTD
185,BERKELEY SECURITIES LIMITED,INZ000315034,13554,2420,https://enit.nseindia.com/MemDirWeb/brokerDetailPage_Beta?memID=2420&h_MemType=members&memName=BERKELEY%20SECURITIES%20LIMITED
186,BESSEGGEN INFOTECH LLP,INZ000213450,90155,3030,https://enit.nseindia.com/MemDirWeb/brokerDetailPage_Beta?memID=3030&h_MemType=members&memName=BESSEGGEN%20INFOTECH%20LLP
187,BETALA STOCK BROKING LIMITED,INZ000258432,9099,899,https://enit.nseindia.com/MemDirWeb/brokerDetailPage_Beta?memID=899&h_MemType=members&memName=BETALA%20STOCK%20BROKING%20LIMITED
188,BEZEL STOCK BROKERS PRIVATE LIMITED,INZ000266237,14909,2218,https://enit.nseindia.com/MemDirWeb/brokerDetailPage_Beta?memID=2218&h_MemType=members&memName=BEZEL%20STOCK%20BROKERS%20PRIVATE%20LIMITED
189,BGSE FINANCIALS LIMITED,INZ000095638,10741,1373,https://enit.nseindia.com/MemDirWeb/brokerDetailPage_Beta?memID=1373&h_MemType=members&memName=BGSE%20FINANCIALS%20LIMITED
190,BHAGWANDAS GORDHANDAS FINANCIAL PVT. LTD.,INZ000169033,6429,36,https://enit.nseindia.com/MemDirWeb/brokerDetailPage_Beta?memID=36&h_MemType=members&memName=BHAGWANDAS%20GORDHANDAS%20FINANCIAL%20PVT.%20LTD.
191,BHAIJEE BROKING & INVESTMENTS PRIVATE LIMITED,INZ000089933,12999,2214,https://enit.nseindia.com/MemDirWeb/brokerDetailPage_Beta?memID=2214&h_MemType=members&memName=BHAIJEE%20BROKING%20%26%20INVESTMENTS%20PRIVATE%20LIMITED
192,BHANSALI VALUE CREATIONS PRIVATE LIMITED,INZ000245833,14461,2771,https://enit.nseindia.com/MemDirWeb/brokerDetailPage_Beta?memID=2771&h_MemType=members&memName=BHANSALI%20VALUE%20CREATIONS%20PRIVATE%20LIMITED
193,BHARAT BHUSHAN EQUITY TRADERS LTD.,INZ000204433,7724,735,https://enit.nseindia.com/MemDirWeb/brokerDetailPage_Beta?memID=735&h_MemType=members&memName=BHARAT%20BHUSHAN%20EQUITY%20TRADERS%20LTD.
194,BHARAT EQUITY SERVICES LIMITED,,,2294,https://enit.nseindia.com/MemDirWeb/brokerDetailPage_Beta?memID=2294&h_MemType=members&memName=BHARAT%20EQUITY%20SERVICES%20LIMITED
195,BHARAT RASAYAN FINANCE LTD,INB230814232/INF230814232,8142,652,https://enit.nseindia.com/MemDirWeb/brokerDetailPage_Beta?memID=652&h_MemType=members&memName=BHARAT%20RASAYAN%20FINANCE%20LTD
196,BHARATHI SHARE BROKING PRIVATE LIMITED,INZ000282730,13220,1125,https://enit.nseindia.com/MemDirWeb/brokerDetailPage_Beta?memID=1125&h_MemType=members&memName=BHARATHI%20SHARE%20BROKING%20PRIVATE%20LIMITED
197,BHARTI DHIREN THAKKAR,INB230996416,9964,37,https://enit.nseindia.com/MemDirWeb/brokerDetailPage_Beta?memID=37&h_MemType=members&memName=BHARTI%20DHIREN%20THAKKAR
198,BHARTIA STOCK BROKING PVT. LTD.,INZ000205630,11184,1697,https://enit.nseindia.com/MemDirWeb/brokerDetailPage_Beta?memID=1697&h_MemType=members&memName=BHARTIA%20STOCK%20BROKING%20PVT.%20LTD.
199,BHAVANA INVESTOR SERVICES LTD,INB230906533,9065,1078,https://enit.nseindia.com/MemDirWeb/brokerDetailPage_Beta?memID=1078&h_MemType=members&memName=BHAVANA%20INVESTOR%20SERVICES%20LTD
200,BHH SECURITIES PRIVATE LIMITED,INZ000262331,9982,2093,https://enit.nseindia.com/MemDirWeb/brokerDetailPage_Beta?memID=2093&h_MemType=members&memName=BHH%20SECURITIES%20PRIVATE%20LIMITED
201,BHOGILAL TRIKAMLAL SECURITIES PVT. LTD.,INZ000218139,90196,3073,https://enit.nseindia.com/MemDirWeb/brokerDetailPage_Beta?memID=3073&h_MemType=members&memName=BHOGILAL%20TRIKAMLAL%20SECURITIES%20PVT.%20LTD.
202,BHUMIKA CONSULTANCY (P) LTD,INZ000201830,10862,2471,https://enit.nseindia.com/MemDirWeb/brokerDetailPage_Beta?memID=2471&h_MemType=members&memName=BHUMIKA%20CONSULTANCY%20%28P%29%20LTD
203,BIGCAPITA SECURITIES PRIVATE LIMITED,INZ000321631,90212,3089,https://enit.nseindia.com/MemDirWeb/brokerDetailPage_Beta?memID=3089&h_MemType=members&memName=BIGCAPITA%20SECURITIES%20PRIVATE%20LIMITED
204,BLACK FOX FINANCIAL PRIVATE LIMITED,INZ000207033,90383,3255,https://enit.nseindia.com/MemDirWeb/brokerDetailPage_Beta?memID=3255&h_MemType=members&memName=BLACK%20FOX%20FINANCIAL%20PRIVATE%20LIMITED
205,BLB LIMITED,INZ000171635,6428,41,https://enit.nseindia.com/MemDirWeb/brokerDetailPage_Beta?memID=41&h_MemType=members&memName=BLB%20LIMITED
206,BLUE CHIP CORPORATION PRIVATE LIMITED,INB231446536/INF231446536,14465,2799,https://enit.nseindia.com/MemDirWeb/brokerDetailPage_Beta?memID=2799&h_MemType=members&memName=BLUE%20CHIP%20CORPORATION%20PRIVATE%20LIMITED
207,BMA WEALTH CREATORS LIMITED,INZ000184733,12331,1956,https://enit.nseindia.com/MemDirWeb/brokerDetailPage_Beta?memID=1956&h_MemType=members&memName=BMA%20WEALTH%20CREATORS%20LIMITED
208,BMD SECURITIES LIMITED,INZ000215236,13189,2176,https://enit.nseindia.com/MemDirWeb/brokerDetailPage_Beta?memID=2176&h_MemType=members&memName=BMD%20SECURITIES%20LIMITED
209,BNK SECURITIES PVT.LTD.,INZ000220037,6535,42,https://enit.nseindia.com/MemDirWeb/brokerDetailPage_Beta?memID=42&h_MemType=members&memName=BNK%20SECURITIES%20PVT.LTD.
210,BNP      PARIBAS,,,1851,https://enit.nseindia.com/MemDirWeb/brokerDetailPage_Beta?memID=1851&h_MemType=members&memName=BNP%20%20%20%20%20%20PARIBAS
211,BNP PARIBAS,INF231311130/INE231311130,13111,2333,https://enit.nseindia.com/MemDirWeb/brokerDetailPage_Beta?memID=2333&h_MemType=members&memName=BNP%20PARIBAS
212,BNP PARIBAS SECURITIES INDIA PRIVATE LIMITED,INZ000161834,14748,2844,https://enit.nseindia.com/MemDirWeb/brokerDetailPage_Beta?memID=2844&h_MemType=members&memName=BNP%20PARIBAS%20SECURITIES%20INDIA%20PRIVATE%20LIMITED
213,BOB CAPITAL MARKETS LIMITED,INZ000159332,13045,2244,https://enit.nseindia.com/MemDirWeb/brokerDetailPage_Beta?memID=2244&h_MemType=members&memName=BOB%20CAPITAL%20MARKETS%20LIMITED
214,BOFA SECURITIES INDIA LIMITED,INZ000217333,13481,335,https://enit.nseindia.com/MemDirWeb/brokerDetailPage_Beta?memID=335&h_MemType=members&memName=BOFA%20SECURITIES%20INDIA%20LIMITED
215,BONANZA PORTFOLIO LTD.,INZ000212137,6378,43,https://enit.nseindia.com/MemDirWeb/brokerDetailPage_Beta?memID=43&h_MemType=members&memName=BONANZA%20PORTFOLIO%20LTD.
216,BONDBAZAAR SECURITIES PRIVATE LIMITED,INZ000303236,90247,3123,https://enit.nseindia.com/MemDirWeb/brokerDetailPage_Beta?memID=3123&h_MemType=members&memName=BONDBAZAAR%20SECURITIES%20PRIVATE%20LIMITED
217,BONDNEST CAPITAL INDIA SECURITIES PRIVATE LIMITED,,90480,3346,https://enit.nseindia.com/MemDirWeb/brokerDetailPage_Beta?memID=3346&h_MemType=members&memName=BONDNEST%20CAPITAL%20INDIA%20SECURITIES%20PRIVATE%20LIMITED
218,BONDTREE GILTS PRIVATE LIMITED,,90431,3301,https://enit.nseindia.com/MemDirWeb/brokerDetailPage_Beta?memID=3301&h_MemType=members&memName=BONDTREE%20GILTS%20PRIVATE%20LIMITED
219,BP EQUITIES PRIVATE LIMITED,INZ000176539,11420,1741,https://enit.nseindia.com/MemDirWeb/brokerDetailPage_Beta?memID=1741&h_MemType=members&memName=BP%20EQUITIES%20PRIVATE%20LIMITED
220,BRAND EQUITY PVT LTD,,,2441,https://enit.nseindia.com/MemDirWeb/brokerDetailPage_Beta?memID=2441&h_MemType=members&memName=BRAND%20EQUITY%20PVT%20LTD
221,BRSB SECURITIES PRIVATE LIMITED,INZ000302136,90241,3118,https://enit.nseindia.com/MemDirWeb/brokerDetailPage_Beta?memID=3118&h_MemType=members&memName=BRSB%20SECURITIES%20PRIVATE%20LIMITED
222,BULL BROTHER FINANCE PVT LTD,INZ000282816,12993,2216,https://enit.nseindia.com/MemDirWeb/brokerDetailPage_Beta?memID=2216&h_MemType=members&memName=BULL%20BROTHER%20FINANCE%20PVT%20LTD
223,BULLMART SECURITIES PRIVATE LIMITED,INB231366437/INF231366437,13664,2457,https://enit.nseindia.com/MemDirWeb/brokerDetailPage_Beta?memID=2457&h_MemType=members&memName=BULLMART%20SECURITIES%20PRIVATE%20LIMITED
224,BULLPULSE MARKETEDGE PRIVATE LIMITED,INZ000323634,90417,3288,https://enit.nseindia.com/MemDirWeb/brokerDetailPage_Beta?memID=3288&h_MemType=members&memName=BULLPULSE%20MARKETEDGE%20PRIVATE%20LIMITED
225,BURGEON SECURITIES,INZ000195328,14376,2705,https://enit.nseindia.com/MemDirWeb/brokerDetailPage_Beta?memID=2705&h_MemType=members&memName=BURGEON%20SECURITIES
226,BUTTERFLY BROKING PRIVATE LIMITED,INZ000308735,90292,3159,https://enit.nseindia.com/MemDirWeb/brokerDetailPage_Beta?memID=3159&h_MemType=members&memName=BUTTERFLY%20BROKING%20PRIVATE%20LIMITED
227,C D INTEGRATED SERVICES LTD.,INZ000190932,10942,1660,https://enit.nseindia.com/MemDirWeb/brokerDetailPage_Beta?memID=1660&h_MemType=members&memName=C%20D%20INTEGRATED%20SERVICES%20LTD.
228,C K INVESTMENT CONSULTANT PRIVATE LIMITED,INB231324436/INF231324436,13244,2290,https://enit.nseindia.com/MemDirWeb/brokerDetailPage_Beta?memID=2290&h_MemType=members&memName=C%20K%20INVESTMENT%20CONSULTANT%20PRIVATE%20LIMITED
229,C. M. GOENKA STOCK BROKERS PVT. LTD.,INZ000251131,12550,1993,https://enit.nseindia.com/MemDirWeb/brokerDetailPage_Beta?memID=1993&h_MemType=members&memName=C.%20M.%20GOENKA%20STOCK%20BROKERS%20PVT.%20LTD.
230,C.D. COMMODITIES BROKING LIMITED,INZ000083930,90364,3236,https://enit.nseindia.com/MemDirWeb/brokerDetailPage_Beta?memID=3236&h_MemType=members&memName=C.D.%20COMMODITIES%20BROKING%20LIMITED
231,C.D. EQUISEARCH PVT. LTD,INZ000184438,7811,47,https://enit.nseindia.com/MemDirWeb/brokerDetailPage_Beta?memID=47&h_MemType=members&memName=C.D.%20EQUISEARCH%20PVT.%20LTD
232,C.R.KOTHARI & SONS STOCK BROKING PRIVATE LIMITED,INZ000279336,12867,511,https://enit.nseindia.com/MemDirWeb/brokerDetailPage_Beta?memID=511&h_MemType=members&memName=C.R.KOTHARI%20%26%20SONS%20STOCK%20BROKING%20PRIVATE%20LIMITED
233,CANARA BANK,INZ000320948,13082,2327,https://enit.nseindia.com/MemDirWeb/brokerDetailPage_Beta?memID=2327&h_MemType=members&memName=CANARA%20BANK
234,CANARA BANK SECURITIES LIMITED,INZ000279135,12802,2078,https://enit.nseindia.com/MemDirWeb/brokerDetailPage_Beta?memID=2078&h_MemType=members&memName=CANARA%20BANK%20SECURITIES%20LIMITED
235,CANNY SECURITIES PVT. LTD.,INB230886739/INF230886739,8867,1043,https://enit.nseindia.com/MemDirWeb/brokerDetailPage_Beta?memID=1043&h_MemType=members&memName=CANNY%20SECURITIES%20PVT.%20LTD.
236,CAPMATRIX COMMODITY AND EQUITY INVESTMENT,INZ000314927,90349,3220,https://enit.nseindia.com/MemDirWeb/brokerDetailPage_Beta?memID=3220&h_MemType=members&memName=CAPMATRIX%20COMMODITY%20AND%20EQUITY%20INVESTMENT
237,CAPS GOLD PRIVATE LTD,INZ000067680,90288,3155,https://enit.nseindia.com/MemDirWeb/brokerDetailPage_Beta?memID=3155&h_MemType=members&memName=CAPS%20GOLD%20PRIVATE%20LTD
238,CAPSTOCKS & SECURITIES (INDIA) PRIVATE LIMITED,INZ000165931,11674,1846,https://enit.nseindia.com/MemDirWeb/brokerDetailPage_Beta?memID=1846&h_MemType=members&memName=CAPSTOCKS%20%26%20SECURITIES%20%28INDIA%29%20PRIVATE%20LIMITED
239,CAREGROWTH BROKING PRIVATE LIMITED,INZ000168931,12891,2132,https://enit.nseindia.com/MemDirWeb/brokerDetailPage_Beta?memID=2132&h_MemType=members&memName=CAREGROWTH%20BROKING%20PRIVATE%20LIMITED
240,CEEKAY HOLDINGS PVT.LTD.,INB230803536,8035,438,https://enit.nseindia.com/MemDirWeb/brokerDetailPage_Beta?memID=438&h_MemType=members&memName=CEEKAY%20HOLDINGS%20PVT.LTD.
241,CELEBRUS CAPITAL LIMITED,INZ000165237,14682,2837,https://enit.nseindia.com/MemDirWeb/brokerDetailPage_Beta?memID=2837&h_MemType=members&memName=CELEBRUS%20CAPITAL%20LIMITED
242,CENTILLION CAPITAL PRIVATE LIMITED,INZ000168834,11456,1749,https://enit.nseindia.com/MemDirWeb/brokerDetailPage_Beta?memID=1749&h_MemType=members&memName=CENTILLION%20CAPITAL%20PRIVATE%20LIMITED
243,CENTILLION RESEARCH INDIA LLP,INZ000271355,90192,3069,https://enit.nseindia.com/MemDirWeb/brokerDetailPage_Beta?memID=3069&h_MemType=members&memName=CENTILLION%20RESEARCH%20INDIA%20LLP
244,CENTRAL BANK OF INDIA,INE231341335,13413,2401,https://enit.nseindia.com/MemDirWeb/brokerDetailPage_Beta?memID=2401&h_MemType=members&memName=CENTRAL%20BANK%20OF%20INDIA
245,CENTRICITY SECURITIES PRIVATE LIMITED,INZ000323234,90456,3323,https://enit.nseindia.com/MemDirWeb/brokerDetailPage_Beta?memID=3323&h_MemType=members&memName=CENTRICITY%20SECURITIES%20PRIVATE%20LIMITED
246,CENTRUM BROKING LIMITED,INZ000205331,14542,5,https://enit.nseindia.com/MemDirWeb/brokerDetailPage_Beta?memID=5&h_MemType=members&memName=CENTRUM%20BROKING%20LIMITED
247,CENTRUM FINVERSE LIMITED,INZ000317534,90380,3252,https://enit.nseindia.com/MemDirWeb/brokerDetailPage_Beta?memID=3252&h_MemType=members&memName=CENTRUM%20FINVERSE%20LIMITED
248,CENTURY FINVEST PVT. LTD.,INZ000284130,9304,1135,https://enit.nseindia.com/MemDirWeb/brokerDetailPage_Beta?memID=1135&h_MemType=members&memName=CENTURY%20FINVEST%20PVT.%20LTD.
249,CFS FINANCIAL SERVICES PVT. LTD,INZ000224536,7695,657,https://enit.nseindia.com/MemDirWeb/brokerDetailPage_Beta?memID=657&h_MemType=members&memName=CFS%20FINANCIAL%20SERVICES%20PVT.%20LTD
250,CHANAKYA STOCK BROKING SERVICES P. LTD.,INB230884937/INF230884937,8849,529,https://enit.nseindia.com/MemDirWeb/brokerDetailPage_Beta?memID=529&h_MemType=members&memName=CHANAKYA%20STOCK%20BROKING%20SERVICES%20P.%20LTD.
251,CHANDRAKALA BROKING SERVICES PRIVATE LIMITED,INZ000240039,90341,3213,https://enit.nseindia.com/MemDirWeb/brokerDetailPage_Beta?memID=3213&h_MemType=members&memName=CHANDRAKALA%20BROKING%20SERVICES%20PRIVATE%20LIMITED
252,CHIMANLAL MANEKLAL SECURITIES PVT. LTD.,INZ000224834,6530,53,https://enit.nseindia.com/MemDirWeb/brokerDetailPage_Beta?memID=53&h_MemType=members&memName=CHIMANLAL%20MANEKLAL%20SECURITIES%20PVT.%20LTD.
253,CHINTAMANI SHARES & BROKING LTD.,INB231477531/INF231477531/INE231477531,14775,461,https://enit.nseindia.com/MemDirWeb/brokerDetailPage_Beta?memID=461&h_MemType=members&memName=CHINTAMANI%20SHARES%20%26%20BROKING%20LTD.
254,CHOICE EQUITY BROKING PRIVATE LIMITED,INZ000160131,13773,2486,https://enit.nseindia.com/MemDirWeb/brokerDetailPage_Beta?memID=2486&h_MemType=members&memName=CHOICE%20EQUITY%20BROKING%20PRIVATE%20LIMITED
255,CHOLAMANDALAM SECURITIES LIMITED,INZ000168236,12881,902,https://enit.nseindia.com/MemDirWeb/brokerDetailPage_Beta?memID=902&h_MemType=members&memName=CHOLAMANDALAM%20SECURITIES%20LIMITED
256,CHUKNOO SECURITIES LIMITED,INZ000282237,13294,2220,https://enit.nseindia.com/MemDirWeb/brokerDetailPage_Beta?memID=2220&h_MemType=members&memName=CHUKNOO%20SECURITIES%20LIMITED
257,CHURIWALA SECURITIES PRIVATE LIMITED,INZ000216630,6487,52,https://enit.nseindia.com/MemDirWeb/brokerDetailPage_Beta?memID=52&h_MemType=members&memName=CHURIWALA%20SECURITIES%20PRIVATE%20LIMITED
258,CIL SECURITIES LTD.,INZ000169535,6430,55,https://enit.nseindia.com/MemDirWeb/brokerDetailPage_Beta?memID=55&h_MemType=members&memName=CIL%20SECURITIES%20LTD.
259,CITADEL SECURITIES INDIA MARKETS PRIVATE LIMITED,INZ000304235,90250,3126,https://enit.nseindia.com/MemDirWeb/brokerDetailPage_Beta?memID=3126&h_MemType=members&memName=CITADEL%20SECURITIES%20INDIA%20MARKETS%20PRIVATE%20LIMITED
260,CITIBANK N.A.,INZ000284247,13109,2330,https://enit.nseindia.com/MemDirWeb/brokerDetailPage_Beta?memID=2330&h_MemType=members&memName=CITIBANK%20N.A.
261,CITIGROUP GLOBAL MARKETS INDIA PVT. LTD.,INZ000263033,11413,1756,https://enit.nseindia.com/MemDirWeb/brokerDetailPage_Beta?memID=1756&h_MemType=members&memName=CITIGROUP%20GLOBAL%20MARKETS%20INDIA%20PVT.%20LTD.
262,CITY UNION BANK LIMITED,INZ000310149,90307,3177,https://enit.nseindia.com/MemDirWeb/brokerDetailPage_Beta?memID=3177&h_MemType=members&memName=CITY%20UNION%20BANK%20LIMITED
263,CLOPEN RESEARCH CAPITAL LLP,INZ000286953,90185,3062,https://enit.nseindia.com/MemDirWeb/brokerDetailPage_Beta?memID=3062&h_MemType=members&memName=CLOPEN%20RESEARCH%20CAPITAL%20LLP
264,CLSA INDIA PRIVATE LIMITED,INZ000001735,14991,58,https://enit.nseindia.com/MemDirWeb/brokerDetailPage_Beta?memID=58&h_MemType=members&memName=CLSA%20INDIA%20PRIVATE%20LIMITED
265,CNB FINWIZ PRIVATE LIMITED,INZ000204238,11893,1758,https://enit.nseindia.com/MemDirWeb/brokerDetailPage_Beta?memID=1758&h_MemType=members&memName=CNB%20FINWIZ%20PRIVATE%20LIMITED
266,COCHIN STOCK BROKERS LTD.,INZ000195533,10769,1777,https://enit.nseindia.com/MemDirWeb/brokerDetailPage_Beta?memID=1777&h_MemType=members&memName=COCHIN%20STOCK%20BROKERS%20LTD.
267,COIMBATORE CAPITAL LIMITED,INZ000195231,7529,615,https://enit.nseindia.com/MemDirWeb/brokerDetailPage_Beta?memID=615&h_MemType=members&memName=COIMBATORE%20CAPITAL%20LIMITED
268,COMFORT SECURITIES LIMITED,INZ000192537,12855,2104,https://enit.nseindia.com/MemDirWeb/brokerDetailPage_Beta?memID=2104&h_MemType=members&memName=COMFORT%20SECURITIES%20LIMITED
269,COMMODITY MANDI PRIVATE LIMITED,INZ000048532,90203,3080,https://enit.nseindia.com/MemDirWeb/brokerDetailPage_Beta?memID=3080&h_MemType=members&memName=COMMODITY%20MANDI%20PRIVATE%20LIMITED
270,COMPETENT FINMAN PVT. LTD.,INZ000221138,11300,1732,https://enit.nseindia.com/MemDirWeb/brokerDetailPage_Beta?memID=1732&h_MemType=members&memName=COMPETENT%20FINMAN%20PVT.%20LTD.
271,COMPOSITE INVESTMENTS PRIVATE LIMITED,INZ000279531,7520,480,https://enit.nseindia.com/MemDirWeb/brokerDetailPage_Beta?memID=480&h_MemType=members&memName=COMPOSITE%20INVESTMENTS%20PRIVATE%20LIMITED
272,COMPOSITE SECURITIES LTD.,INZ000278838,7754,663,https://enit.nseindia.com/MemDirWeb/brokerDetailPage_Beta?memID=663&h_MemType=members&memName=COMPOSITE%20SECURITIES%20LTD.
273,CONARD SECURITIES PRIVATE LIMITED,INZ000218639,90156,3032,https://enit.nseindia.com/MemDirWeb/brokerDetailPage_Beta?memID=3032&h_MemType=members&memName=CONARD%20SECURITIES%20PRIVATE%20LIMITED
274,CONSORTIUM CAPITAL PRIVATE LIMITED,INZ000274334,12150,1908,https://enit.nseindia.com/MemDirWeb/brokerDetailPage_Beta?memID=1908&h_MemType=members&memName=CONSORTIUM%20CAPITAL%20PRIVATE%20LIMITED
275,CONSORTIUM SECURITIES PRIVATE LTD.,INZ000183831,8772,664,https://enit.nseindia.com/MemDirWeb/brokerDetailPage_Beta?memID=664&h_MemType=members&memName=CONSORTIUM%20SECURITIES%20PRIVATE%20LTD.
276,CORUM SECURITIES PVT. LTD.,INZ000179435,14583,1872,https://enit.nseindia.com/MemDirWeb/brokerDetailPage_Beta?memID=1872&h_MemType=members&memName=CORUM%20SECURITIES%20PVT.%20LTD.
277,CPR CAPITAL SERVICES LTD.,INB230876935/INF230876935/INE230876935,8769,666,https://enit.nseindia.com/MemDirWeb/brokerDetailPage_Beta?memID=666&h_MemType=members&memName=CPR%20CAPITAL%20SERVICES%20LTD.
278,CRB DAEWOO SECURITIES LTD,INB230599530,5995,327,https://enit.nseindia.com/MemDirWeb/brokerDetailPage_Beta?memID=327&h_MemType=members&memName=CRB%20DAEWOO%20SECURITIES%20LTD
279,CREDENTIAL STOCK BROKERS LIMITED,INB230903331/INF230903331,9033,1045,https://enit.nseindia.com/MemDirWeb/brokerDetailPage_Beta?memID=1045&h_MemType=members&memName=CREDENTIAL%20STOCK%20BROKERS%20LIMITED
280,CREDIT SUISSE SECURITIES (INDIA) PRIVATE LIMITED,INZ000248233,9706,1265,https://enit.nseindia.com/MemDirWeb/brokerDetailPage_Beta?memID=1265&h_MemType=members&memName=CREDIT%20SUISSE%20SECURITIES%20%28INDIA%29%20PRIVATE%20LIMITED
281,CRESCO FUTURES LTD,INZ000005033,90049,2927,https://enit.nseindia.com/MemDirWeb/brokerDetailPage_Beta?memID=2927&h_MemType=members&memName=CRESCO%20FUTURES%20LTD
282,CREST FINSERV LIMITED,INB231054637/INF231054637,10546,1313,https://enit.nseindia.com/MemDirWeb/brokerDetailPage_Beta?memID=1313&h_MemType=members&memName=CREST%20FINSERV%20LIMITED
283,CRIZAC TECHNOLOGIES PRIVATE LIMITED,INZ000175032,90117,2992,https://enit.nseindia.com/MemDirWeb/brokerDetailPage_Beta?memID=2992&h_MemType=members&memName=CRIZAC%20TECHNOLOGIES%20PRIVATE%20LIMITED
284,CROSSEAS CAPITAL SERVICES PVT. LTD.,INZ000201133,12295,531,https://enit.nseindia.com/MemDirWeb/brokerDetailPage_Beta?memID=531&h_MemType=members&memName=CROSSEAS%20CAPITAL%20SERVICES%20PVT.%20LTD.
285,CROWN CONSULTANTS (P) LIMITED,INZ000198434,8076,948,https://enit.nseindia.com/MemDirWeb/brokerDetailPage_Beta?memID=948&h_MemType=members&memName=CROWN%20CONSULTANTS%20%28P%29%20LIMITED
286,CYNOSURE COMPANY PVT. LTD,INB230855632,8556,532,https://enit.nseindia.com/MemDirWeb/brokerDetailPage_Beta?memID=532&h_MemType=members&memName=CYNOSURE%20COMPANY%20PVT.%20LTD
287,D H SECURITIES PVT. LTD.,INZ000245638,11305,1690,https://enit.nseindia.com/MemDirWeb/brokerDetailPage_Beta?memID=1690&h_MemType=members&memName=D%20H%20SECURITIES%20PVT.%20LTD.
288,D R SHARE & STOCK BROKERS PVT. LTD.,INZ000216132,12767,2061,https://enit.nseindia.com/MemDirWeb/brokerDetailPage_Beta?memID=2061&h_MemType=members&memName=D%20R%20SHARE%20%26%20STOCK%20BROKERS%20PVT.%20LTD.
289,DAILY GONG FINANCIAL SERVICES LIMITED,INZ000157633,10777,1413,https://enit.nseindia.com/MemDirWeb/brokerDetailPage_Beta?memID=1413&h_MemType=members&memName=DAILY%20GONG%20FINANCIAL%20SERVICES%20LIMITED
290,DALAL & BROACHA STOCK BROKING PVT. LTD,INZ000210337,9806,61,https://enit.nseindia.com/MemDirWeb/brokerDetailPage_Beta?memID=61&h_MemType=members&memName=DALAL%20%26%20BROACHA%20STOCK%20BROKING%20PVT.%20LTD
291,DALMIA SECURITIES PVT. LTD.,INZ000181031,6453,63,https://enit.nseindia.com/MemDirWeb/brokerDetailPage_Beta?memID=63&h_MemType=members&memName=DALMIA%20SECURITIES%20PVT.%20LTD.
292,DAM CAPITAL ADVISORS LIMITED,INZ000207137,12914,398,https://enit.nseindia.com/MemDirWeb/brokerDetailPage_Beta?memID=398&h_MemType=members&memName=DAM%20CAPITAL%20ADVISORS%20LIMITED
293,DAMANI FINANCIAL SERVICES PRIVATE LIMITED,INZ000186736,14436,1716,https://enit.nseindia.com/MemDirWeb/brokerDetailPage_Beta?memID=1716&h_MemType=members&memName=DAMANI%20FINANCIAL%20SERVICES%20PRIVATE%20LIMITED
294,DARASHAW & COMPANY PVT. LTD.,INZ000231438,9922,1933,https://enit.nseindia.com/MemDirWeb/brokerDetailPage_Beta?memID=1933&h_MemType=members&memName=DARASHAW%20%26%20COMPANY%20PVT.%20LTD.
295,DARASHAW SECURITIES PVT.LTD.,INZ000242934,5332,330,https://enit.nseindia.com/MemDirWeb/brokerDetailPage_Beta?memID=330&h_MemType=members&memName=DARASHAW%20SECURITIES%20PVT.LTD.
296,DAULAT SECURITIES LTD.,INZ000261035,6433,64,https://enit.nseindia.com/MemDirWeb/brokerDetailPage_Beta?memID=64&h_MemType=members&memName=DAULAT%20SECURITIES%20LTD.
297,DAYCO SECURITIES PVT. LTD.,INZ000265037,7007,533,https://enit.nseindia.com/MemDirWeb/brokerDetailPage_Beta?memID=533&h_MemType=members&memName=DAYCO%20SECURITIES%20PVT.%20LTD.
298,DB (INTERNATIONAL) STOCK BROKERS LTD.,INZ000179035,6432,65,https://enit.nseindia.com/MemDirWeb/brokerDetailPage_Beta?memID=65&h_MemType=members&memName=DB%20%28INTERNATIONAL%29%20STOCK%20BROKERS%20LTD.
299,DBFS SECURITIES LIMITED,INZ000178534,13232,933,https://enit.nseindia.com/MemDirWeb/brokerDetailPage_Beta?memID=933&h_MemType=members&memName=DBFS%20SECURITIES%20LIMITED
300,DBS BANK INDIA LIMITED,INZ000295046,90206,3083,https://enit.nseindia.com/MemDirWeb/brokerDetailPage_Beta?memID=3083&h_MemType=members&memName=DBS%20BANK%20INDIA%20LIMITED
301,DBS BANK LIMITED,INE231441036,14410,2774,https://enit.nseindia.com/MemDirWeb/brokerDetailPage_Beta?memID=2774&h_MemType=members&memName=DBS%20BANK%20LIMITED
302,DBS CAPITAL MARKETS PVT. LTD.,INB230647738/INF230647738,6477,66,https://enit.nseindia.com/MemDirWeb/brokerDetailPage_Beta?memID=66&h_MemType=members&memName=DBS%20CAPITAL%20MARKETS%20PVT.%20LTD.
303,DEAL DEPOT BROKERAGE PVT LTD,INZ000257137,7096,221,https://enit.nseindia.com/MemDirWeb/brokerDetailPage_Beta?memID=221&h_MemType=members&memName=DEAL%20DEPOT%20BROKERAGE%20PVT%20LTD
304,DEALMONEY COMMODITIES PRIVATE LIMITED,INZ000102031,13482,1990,https://enit.nseindia.com/MemDirWeb/brokerDetailPage_Beta?memID=1990&h_MemType=members&memName=DEALMONEY%20COMMODITIES%20PRIVATE%20LIMITED
305,DEEP FINANCIAL CONSULTANTS PVT. LTD.,INZ000266039,11353,1709,https://enit.nseindia.com/MemDirWeb/brokerDetailPage_Beta?memID=1709&h_MemType=members&memName=DEEP%20FINANCIAL%20CONSULTANTS%20PVT.%20LTD.
306,DEEPAK GUPTA,INZ000297911,90222,3099,https://enit.nseindia.com/MemDirWeb/brokerDetailPage_Beta?memID=3099&h_MemType=members&memName=DEEPAK%20GUPTA
307,DEFINEDGE SECURITIES BROKING PRIVATE LIMITED,INZ000301132,90237,3114,https://enit.nseindia.com/MemDirWeb/brokerDetailPage_Beta?memID=3114&h_MemType=members&memName=DEFINEDGE%20SECURITIES%20BROKING%20PRIVATE%20LIMITED
308,DELSTOX STOCKS AND SHARES LIMITED,INZ000214431,11830,1875,https://enit.nseindia.com/MemDirWeb/brokerDetailPage_Beta?memID=1875&h_MemType=members&memName=DELSTOX%20STOCKS%20AND%20SHARES%20LIMITED
309,DELTA TECHINVEST PRIVATE LIMITED,INZ000294735,90205,3082,https://enit.nseindia.com/MemDirWeb/brokerDetailPage_Beta?memID=3082&h_MemType=members&memName=DELTA%20TECHINVEST%20PRIVATE%20LIMITED
310,DELTAMARK PARTNERS LLP,INZ000310451,90311,3181,https://enit.nseindia.com/MemDirWeb/brokerDetailPage_Beta?memID=3181&h_MemType=members&memName=DELTAMARK%20PARTNERS%20LLP
311,DEPANSU SECURITIES (INDIA) PVT LTD,INB231230732/INF231230732,12307,1943,https://enit.nseindia.com/MemDirWeb/brokerDetailPage_Beta?memID=1943&h_MemType=members&memName=DEPANSU%20SECURITIES%20%28INDIA%29%20PVT%20LTD
312,DERIVIUM TRADITION SECURITIES (INDIA) PRIVATE LIMITED,INZ000287035,13005,1879,https://enit.nseindia.com/MemDirWeb/brokerDetailPage_Beta?memID=1879&h_MemType=members&memName=DERIVIUM%20TRADITION%20SECURITIES%20%28INDIA%29%20PRIVATE%20LIMITED
313,DESTINY SECURITIES LTD.,INZ000206835,12418,1961,https://enit.nseindia.com/MemDirWeb/brokerDetailPage_Beta?memID=1961&h_MemType=members&memName=DESTINY%20SECURITIES%20LTD.
314,DEUTSCHE BANK AG,INB231340030 /INE231340030,13400,2158,https://enit.nseindia.com/MemDirWeb/brokerDetailPage_Beta?memID=2158&h_MemType=members&memName=DEUTSCHE%20BANK%20AG
315,DEUTSCHE EQUITIES INDIA PRIVATE LIMITED,INZ000252437,11968,1874,https://enit.nseindia.com/MemDirWeb/brokerDetailPage_Beta?memID=1874&h_MemType=members&memName=DEUTSCHE%20EQUITIES%20INDIA%20PRIVATE%20LIMITED
316,DEVANSHU INFIN PRIVATE LIMITED,INZ000235231,9353,1231,https://enit.nseindia.com/MemDirWeb/brokerDetailPage_Beta?memID=1231&h_MemType=members&memName=DEVANSHU%20INFIN%20PRIVATE%20LIMITED
317,DEVGIRI SECURITIES PRIVATE LIMITED,INZ000316136,90361,3233,https://enit.nseindia.com/MemDirWeb/brokerDetailPage_Beta?memID=3233&h_MemType=members&memName=DEVGIRI%20SECURITIES%20PRIVATE%20LIMITED
318,DHAN STOCK & SHARE BROKERS PVT. LTD.,INZ000218037,12427,2091,https://enit.nseindia.com/MemDirWeb/brokerDetailPage_Beta?memID=2091&h_MemType=members&memName=DHAN%20STOCK%20%26%20SHARE%20BROKERS%20PVT.%20LTD.
319,DHANKI SECURITIES PVT. LTD.,INZ000237338,9956,1534,https://enit.nseindia.com/MemDirWeb/brokerDetailPage_Beta?memID=1534&h_MemType=members&memName=DHANKI%20SECURITIES%20PVT.%20LTD.
320,DHARAMSHI SECURITIES PRIVATE LIMITED,INZ000202832,12786,125,https://enit.nseindia.com/MemDirWeb/brokerDetailPage_Beta?memID=125&h_MemType=members&memName=DHARAMSHI%20SECURITIES%20PRIVATE%20LIMITED
321,DHWAJA SHARES & SECURITIES PRIVATE LIMITED,INZ000219637,13729,2490,https://enit.nseindia.com/MemDirWeb/brokerDetailPage_Beta?memID=2490&h_MemType=members&memName=DHWAJA%20SHARES%20%26%20SECURITIES%20PRIVATE%20LIMITED
322,DIAMOND HANDS LLP,INZ000307157,90269,3143,https://enit.nseindia.com/MemDirWeb/brokerDetailPage_Beta?memID=3143&h_MemType=members&memName=DIAMOND%20HANDS%20LLP
323,DIMENSIONAL SECURITIES PVT. LTD,INZ000175837,5980,333,https://enit.nseindia.com/MemDirWeb/brokerDetailPage_Beta?memID=333&h_MemType=members&memName=DIMENSIONAL%20SECURITIES%20PVT.%20LTD
324,DINDAYAL BIYANI SECURITIES PRIVATE LIMITED,INZ000205734,13536,123,https://enit.nseindia.com/MemDirWeb/brokerDetailPage_Beta?memID=123&h_MemType=members&memName=DINDAYAL%20BIYANI%20SECURITIES%20PRIVATE%20LIMITED
325,DINESH JAIN,INZ000159115,90115,2990,https://enit.nseindia.com/MemDirWeb/brokerDetailPage_Beta?memID=2990&h_MemType=members&memName=DINESH%20JAIN
326,DIVYA CAPITAL ONE PRIVATE LIMITED,INZ000183738,12468,2141,https://enit.nseindia.com/MemDirWeb/brokerDetailPage_Beta?memID=2141&h_MemType=members&memName=DIVYA%20CAPITAL%20ONE%20PRIVATE%20LIMITED
327,DIVYA SECURITIES,INZ000167528,90132,3006,https://enit.nseindia.com/MemDirWeb/brokerDetailPage_Beta?memID=3006&h_MemType=members&memName=DIVYA%20SECURITIES
328,DJS STOCK AND SHARES LTD.,INZ000323934,6972,616,https://enit.nseindia.com/MemDirWeb/brokerDetailPage_Beta?memID=616&h_MemType=members&memName=DJS%20STOCK%20AND%20SHARES%20LTD.
329,DOLAT ALGOTECH LIMITED,INZ000285038,90183,3060,https://enit.nseindia.com/MemDirWeb/brokerDetailPage_Beta?memID=3060&h_MemType=members&memName=DOLAT%20ALGOTECH%20LIMITED
330,DOLAT CAPITAL MARKET PVT. LTD.,INZ000274132,7100,1168,https://enit.nseindia.com/MemDirWeb/brokerDetailPage_Beta?memID=1168&h_MemType=members&memName=DOLAT%20CAPITAL%20MARKET%20PVT.%20LTD.
331,DOOGAR & ASSOCIATES SECURITIES PVT. LTD.,INZ000251837,8761,700,https://enit.nseindia.com/MemDirWeb/brokerDetailPage_Beta?memID=700&h_MemType=members&memName=DOOGAR%20%26%20ASSOCIATES%20SECURITIES%20PVT.%20LTD.
332,DP TRADEKING PVT LTD,INZ000097030,90100,2973,https://enit.nseindia.com/MemDirWeb/brokerDetailPage_Beta?memID=2973&h_MemType=members&memName=DP%20TRADEKING%20PVT%20LTD
333,DRISHTI SHARES & INVESTMENTS PRIVATE LIMITED,INZ000068833,90032,2905,https://enit.nseindia.com/MemDirWeb/brokerDetailPage_Beta?memID=2905&h_MemType=members&memName=DRISHTI%20SHARES%20%26%20INVESTMENTS%20PRIVATE%20LIMITED
334,DYNA WEGMANS SECURITIES LIMITED,INZ000258234,8143,676,https://enit.nseindia.com/MemDirWeb/brokerDetailPage_Beta?memID=676&h_MemType=members&memName=DYNA%20WEGMANS%20SECURITIES%20LIMITED
335,DYNAMIC EQUITIES PRIVATE LIMITED,INZ000193533,10718,547,https://enit.nseindia.com/MemDirWeb/brokerDetailPage_Beta?memID=547&h_MemType=members&memName=DYNAMIC%20EQUITIES%20PRIVATE%20LIMITED
336,EAST INDIA SECURITIES LTD.,INZ000190836,8134,536,https://enit.nseindia.com/MemDirWeb/brokerDetailPage_Beta?memID=536&h_MemType=members&memName=EAST%20INDIA%20SECURITIES%20LTD.
337,EASTERN FINANCIERS LTD,INZ000193733,11993,1892,https://enit.nseindia.com/MemDirWeb/brokerDetailPage_Beta?memID=1892&h_MemType=members&memName=EASTERN%20FINANCIERS%20LTD
338,ECONO BROKING PRIVATE LIMITED,INZ000301331,13771,2474,https://enit.nseindia.com/MemDirWeb/brokerDetailPage_Beta?memID=2474&h_MemType=members&memName=ECONO%20BROKING%20PRIVATE%20LIMITED
339,EDEL INVESTMENTS LIMITED,INZ000173431,90168,3044,https://enit.nseindia.com/MemDirWeb/brokerDetailPage_Beta?memID=3044&h_MemType=members&memName=EDEL%20INVESTMENTS%20LIMITED
340,EDELCAP SECURITIES LIMITED,INZ000180734,90057,2934,https://enit.nseindia.com/MemDirWeb/brokerDetailPage_Beta?memID=2934&h_MemType=members&memName=EDELCAP%20SECURITIES%20LIMITED
341,ELARA SECURITIES (INDIA) PRIVATE LIMITED,INZ000238236,12898,2118,https://enit.nseindia.com/MemDirWeb/brokerDetailPage_Beta?memID=2118&h_MemType=members&memName=ELARA%20SECURITIES%20%28INDIA%29%20PRIVATE%20LIMITED
342,ELBEE SECURITIES PVT. LTD.,INZ000199535,7951,1672,https://enit.nseindia.com/MemDirWeb/brokerDetailPage_Beta?memID=1672&h_MemType=members&memName=ELBEE%20SECURITIES%20PVT.%20LTD.
343,ELIOS FINANCIAL SERVICES PRIVATE LIMITED,INZ000306737,90283,3152,https://enit.nseindia.com/MemDirWeb/brokerDetailPage_Beta?memID=3152&h_MemType=members&memName=ELIOS%20FINANCIAL%20SERVICES%20PRIVATE%20LIMITED
344,ELITE WEALTH LIMITED,INZ000186539,8051,677,https://enit.nseindia.com/MemDirWeb/brokerDetailPage_Beta?memID=677&h_MemType=members&memName=ELITE%20WEALTH%20LIMITED
345,ELIXIR EQUITIES PRIVATE LIMITED,INZ000017731,9856,1744,https://enit.nseindia.com/MemDirWeb/brokerDetailPage_Beta?memID=1744&h_MemType=members&memName=ELIXIR%20EQUITIES%20PRIVATE%20LIMITED
346,EMKAY GLOBAL FINANCIAL SERVICES LIMITED,INZ000203933,9018,946,https://enit.nseindia.com/MemDirWeb/brokerDetailPage_Beta?memID=946&h_MemType=members&memName=EMKAY%20GLOBAL%20FINANCIAL%20SERVICES%20LIMITED
347,EML MANAGEMENT PRIVATE LIMITED,,90423,3294,https://enit.nseindia.com/MemDirWeb/brokerDetailPage_Beta?memID=3294&h_MemType=members&memName=EML%20MANAGEMENT%20PRIVATE%20LIMITED
348,ENCASH SECURITIES LTD.,INB231340234/INF231340234/INE231340234,13402,2271,https://enit.nseindia.com/MemDirWeb/brokerDetailPage_Beta?memID=2271&h_MemType=members&memName=ENCASH%20SECURITIES%20LTD.
349,ENRICH FINANCIAL MARKET PRIVATE LIMITED,INZ000078632,90145,3021,https://enit.nseindia.com/MemDirWeb/brokerDetailPage_Beta?memID=3021&h_MemType=members&memName=ENRICH%20FINANCIAL%20MARKET%20PRIVATE%20LIMITED
350,EPP SECURITIES PRIVATE LIMITED,INZ000301733,90240,3115,https://enit.nseindia.com/MemDirWeb/brokerDetailPage_Beta?memID=3115&h_MemType=members&memName=EPP%20SECURITIES%20PRIVATE%20LIMITED
351,EQUIRIZE SECURITIES PRIVATE LIMITED,,90472,3338,https://enit.nseindia.com/MemDirWeb/brokerDetailPage_Beta?memID=3338&h_MemType=members&memName=EQUIRIZE%20SECURITIES%20PRIVATE%20LIMITED
352,EQUIRUS SECURITIES PRIVATE LIMITED,INZ000251536,13017,2213,https://enit.nseindia.com/MemDirWeb/brokerDetailPage_Beta?memID=2213&h_MemType=members&memName=EQUIRUS%20SECURITIES%20PRIVATE%20LIMITED
353,EQUIRUS WEALTH PRIVATE LIMITED,INZ000309137,90301,3171,https://enit.nseindia.com/MemDirWeb/brokerDetailPage_Beta?memID=3171&h_MemType=members&memName=EQUIRUS%20WEALTH%20PRIVATE%20LIMITED
354,EQUITYFIRST VENTURES LLP,INZ000316550,90359,3231,https://enit.nseindia.com/MemDirWeb/brokerDetailPage_Beta?memID=3231&h_MemType=members&memName=EQUITYFIRST%20VENTURES%20LLP
355,EQVILENT INDIA SECURITIES PRIVATE LIMITED,INZ000327636,90451,3318,https://enit.nseindia.com/MemDirWeb/brokerDetailPage_Beta?memID=3318&h_MemType=members&memName=EQVILENT%20INDIA%20SECURITIES%20PRIVATE%20LIMITED
356,ESPRESSO FINANCIAL SERVICES PRIVATE LIMITED.,INZ000041331,90194,3072,https://enit.nseindia.com/MemDirWeb/brokerDetailPage_Beta?memID=3072&h_MemType=members&memName=ESPRESSO%20FINANCIAL%20SERVICES%20PRIVATE%20LIMITED.
357,ESTEE ADVISORS PVT LTD,INZ000300737,13362,2380,https://enit.nseindia.com/MemDirWeb/brokerDetailPage_Beta?memID=2380&h_MemType=members&memName=ESTEE%20ADVISORS%20PVT%20LTD
358,ESTELLE SECURITIES PRIVATE LIMITED,INZ000297338,90239,3117,https://enit.nseindia.com/MemDirWeb/brokerDetailPage_Beta?memID=3117&h_MemType=members&memName=ESTELLE%20SECURITIES%20PRIVATE%20LIMITED
359,ETS SECURITIES PRIVATE LIMITED,INZ000006239,90051,2929,https://enit.nseindia.com/MemDirWeb/brokerDetailPage_Beta?memID=2929&h_MemType=members&memName=ETS%20SECURITIES%20PRIVATE%20LIMITED
360,EUREKA STOCK & SHARE BROKING SERVICES LIMITED,INZ000169839,684,540,https://enit.nseindia.com/MemDirWeb/brokerDetailPage_Beta?memID=540&h_MemType=members&memName=EUREKA%20STOCK%20%26%20SHARE%20BROKING%20SERVICES%20LIMITED
361,EVERMORE SHARE BROKING PRIVATE LIMITED,INZ000022431,7936,772,https://enit.nseindia.com/MemDirWeb/brokerDetailPage_Beta?memID=772&h_MemType=members&memName=EVERMORE%20SHARE%20BROKING%20PRIVATE%20LIMITED
362,EVOL TRADING LLP,INZ000322157,90413,3284,https://enit.nseindia.com/MemDirWeb/brokerDetailPage_Beta?memID=3284&h_MemType=members&memName=EVOL%20TRADING%20LLP
363,EXATRADE TECHNOLOGIES,INZ000309029,90295,3162,https://enit.nseindia.com/MemDirWeb/brokerDetailPage_Beta?memID=3162&h_MemType=members&memName=EXATRADE%20TECHNOLOGIES
364,EXCEL FINCAP LTD.,INZ000272237,8047,855,https://enit.nseindia.com/MemDirWeb/brokerDetailPage_Beta?memID=855&h_MemType=members&memName=EXCEL%20FINCAP%20LTD.
365,EXCEL STOCK BROKING PRIVATE LIMITED,INZ000196232,13034,2204,https://enit.nseindia.com/MemDirWeb/brokerDetailPage_Beta?memID=2204&h_MemType=members&memName=EXCEL%20STOCK%20BROKING%20PRIVATE%20LIMITED
366,EXCLUSIVE SECURITIES LTD.,INZ000177234,7775,883,https://enit.nseindia.com/MemDirWeb/brokerDetailPage_Beta?memID=883&h_MemType=members&memName=EXCLUSIVE%20SECURITIES%20LTD.
367,EXPONENTIAL FINANCIAL SERVICES PRIVATE LIMITED,INB230853536/INF230853536/INE230853536,8535,680,https://enit.nseindia.com/MemDirWeb/brokerDetailPage_Beta?memID=680&h_MemType=members&memName=EXPONENTIAL%20FINANCIAL%20SERVICES%20PRIVATE%20LIMITED
368,F6 FINSERVE PRIVATE LIMITED,INB231467334/INF231467334/INE231484739,14673,2841,https://enit.nseindia.com/MemDirWeb/brokerDetailPage_Beta?memID=2841&h_MemType=members&memName=F6%20FINSERVE%20PRIVATE%20LIMITED
369,FACTS SHARE & STOCK BROKING PVT. LTD.,INB230934330/INF230934330,9343,1202,https://enit.nseindia.com/MemDirWeb/brokerDetailPage_Beta?memID=1202&h_MemType=members&memName=FACTS%20SHARE%20%26%20STOCK%20BROKING%20PVT.%20LTD.
370,FAIR INTERMEDIATE INVESTMENT PVT. LTD.,INZ000185032,12098,1897,https://enit.nseindia.com/MemDirWeb/brokerDetailPage_Beta?memID=1897&h_MemType=members&memName=FAIR%20INTERMEDIATE%20INVESTMENT%20PVT.%20LTD.
371,FAIRWEALTH SECURITIES LIMITED,INZ000186238,12723,2019,https://enit.nseindia.com/MemDirWeb/brokerDetailPage_Beta?memID=2019&h_MemType=members&memName=FAIRWEALTH%20SECURITIES%20LIMITED
372,FARSIGHT SECURITIES LTD.,INZ000169935,8537,682,https://enit.nseindia.com/MemDirWeb/brokerDetailPage_Beta?memID=682&h_MemType=members&memName=FARSIGHT%20SECURITIES%20LTD.
373,FAST CAPITAL MARKETS LTD.,INZ000212231,12947,537,https://enit.nseindia.com/MemDirWeb/brokerDetailPage_Beta?memID=537&h_MemType=members&memName=FAST%20CAPITAL%20MARKETS%20LTD.
374,FE SECURITIES PVT. LTD.,INZ000240438,7596,684,https://enit.nseindia.com/MemDirWeb/brokerDetailPage_Beta?memID=684&h_MemType=members&memName=FE%20SECURITIES%20PVT.%20LTD.
375,FICUS SECURITIES PRIVATE LIMITED,INB231298630/INF231298630/INE231298630,12986,2140,https://enit.nseindia.com/MemDirWeb/brokerDetailPage_Beta?memID=2140&h_MemType=members&memName=FICUS%20SECURITIES%20PRIVATE%20LIMITED
376,FINANCE MONITOR INDIA PRIVATE LIMITED,INZ000250337,7129,498,https://enit.nseindia.com/MemDirWeb/brokerDetailPage_Beta?memID=498&h_MemType=members&memName=FINANCE%20MONITOR%20INDIA%20PRIVATE%20LIMITED
377,FINCAP GLOBAL SECURITIES LIMITED,INZ000289238,8765,1021,https://enit.nseindia.com/MemDirWeb/brokerDetailPage_Beta?memID=1021&h_MemType=members&memName=FINCAP%20GLOBAL%20SECURITIES%20LIMITED
378,FINDOC INVESTMART PVT. LTD.,INZ000164436,14697,2843,https://enit.nseindia.com/MemDirWeb/brokerDetailPage_Beta?memID=2843&h_MemType=members&memName=FINDOC%20INVESTMART%20PVT.%20LTD.
379,FINGEEK DIGITAL PRIVATE LIMITED,,90385,3257,https://enit.nseindia.com/MemDirWeb/brokerDetailPage_Beta?memID=3257&h_MemType=members&memName=FINGEEK%20DIGITAL%20PRIVATE%20LIMITED
380,FINQUEST SECURITIES PVT. LTD.,INZ000268435,12365,1968,https://enit.nseindia.com/MemDirWeb/brokerDetailPage_Beta?memID=1968&h_MemType=members&memName=FINQUEST%20SECURITIES%20PVT.%20LTD.
381,FINSOL SECURITIES PRIVATE LIMITED,INZ000328134,90458,3325,https://enit.nseindia.com/MemDirWeb/brokerDetailPage_Beta?memID=3325&h_MemType=members&memName=FINSOL%20SECURITIES%20PRIVATE%20LIMITED
382,FINSTREAM PRIVATE LIMITED,INZ000326336,90440,3309,https://enit.nseindia.com/MemDirWeb/brokerDetailPage_Beta?memID=3309&h_MemType=members&memName=FINSTREAM%20PRIVATE%20LIMITED
383,FINVASIA SECURITIES PRIVATE LIMITED,INZ000176037,14846,2854,https://enit.nseindia.com/MemDirWeb/brokerDetailPage_Beta?memID=2854&h_MemType=members&memName=FINVASIA%20SECURITIES%20PRIVATE%20LIMITED
384,FINVERSE PLATFORM PRIVATE LIMITED,INZ000330930,90483,3349,https://enit.nseindia.com/MemDirWeb/brokerDetailPage_Beta?memID=3349&h_MemType=members&memName=FINVERSE%20PLATFORM%20PRIVATE%20LIMITED
385,FINWIZARD TECHNOLOGY PRIVATE LIMITED,INZ000209036,90228,3105,https://enit.nseindia.com/MemDirWeb/brokerDetailPage_Beta?memID=3105&h_MemType=members&memName=FINWIZARD%20TECHNOLOGY%20PRIVATE%20LIMITED
386,FIRST FUTURES AND STOCKS PRIVATE LIMITED,INZ000197530,12921,2119,https://enit.nseindia.com/MemDirWeb/brokerDetailPage_Beta?memID=2119&h_MemType=members&memName=FIRST%20FUTURES%20AND%20STOCKS%20PRIVATE%20LIMITED
387,FIRST GLOBAL STOCKBROKING PVT.LTD.,INZ000210739,7221,85,https://enit.nseindia.com/MemDirWeb/brokerDetailPage_Beta?memID=85&h_MemType=members&memName=FIRST%20GLOBAL%20STOCKBROKING%20PVT.LTD.
388,FIRST INDIA SECURITIES PRIVATE LIMITED,INZ000224338,12386,2288,https://enit.nseindia.com/MemDirWeb/brokerDetailPage_Beta?memID=2288&h_MemType=members&memName=FIRST%20INDIA%20SECURITIES%20PRIVATE%20LIMITED
389,FIRSTOCK BROKING PRIVATE LIMITED,INZ000260334,90047,2926,https://enit.nseindia.com/MemDirWeb/brokerDetailPage_Beta?memID=2926&h_MemType=members&memName=FIRSTOCK%20BROKING%20PRIVATE%20LIMITED
390,FLOURISH FINCAP PVT LTD,INZ000191536,13030,2252,https://enit.nseindia.com/MemDirWeb/brokerDetailPage_Beta?memID=2252&h_MemType=members&memName=FLOURISH%20FINCAP%20PVT%20LTD
391,FLUX CAPITAL PRIVATE LIMITED,INZ000297535,90217,3094,https://enit.nseindia.com/MemDirWeb/brokerDetailPage_Beta?memID=3094&h_MemType=members&memName=FLUX%20CAPITAL%20PRIVATE%20LIMITED
392,FOCUS SHARES & SECURITIES PRIVATE LIMITED,INZ000185331,12963,2157,https://enit.nseindia.com/MemDirWeb/brokerDetailPage_Beta?memID=2157&h_MemType=members&memName=FOCUS%20SHARES%20%26%20SECURITIES%20PRIVATE%20LIMITED
393,FOCUS STOCK BROKERS LTD.,INZ000288836,9203,741,https://enit.nseindia.com/MemDirWeb/brokerDetailPage_Beta?memID=741&h_MemType=members&memName=FOCUS%20STOCK%20BROKERS%20LTD.
394,FORT SHARE BROKING PRIVATE LIMITED,INZ000236431,12724,2027,https://enit.nseindia.com/MemDirWeb/brokerDetailPage_Beta?memID=2027&h_MemType=members&memName=FORT%20SHARE%20BROKING%20PRIVATE%20LIMITED
395,FORTUFUSION STOCK BROKING SERVICES LLP,INZ000327155,90462,3329,https://enit.nseindia.com/MemDirWeb/brokerDetailPage_Beta?memID=3329&h_MemType=members&memName=FORTUFUSION%20STOCK%20BROKING%20SERVICES%20LLP
396,FORTUNE CAPITAL MARKET,INZ000278225,13000,2225,https://enit.nseindia.com/MemDirWeb/brokerDetailPage_Beta?memID=2225&h_MemType=members&memName=FORTUNE%20CAPITAL%20MARKET
397,FORTUNE CAPITAL SERVICES PRIVATE LIMITED,INZ000201438,14572,2821,https://enit.nseindia.com/MemDirWeb/brokerDetailPage_Beta?memID=2821&h_MemType=members&memName=FORTUNE%20CAPITAL%20SERVICES%20PRIVATE%20LIMITED
398,FORTUNE FISCAL LTD,INZ000247236,8236,499,https://enit.nseindia.com/MemDirWeb/brokerDetailPage_Beta?memID=499&h_MemType=members&memName=FORTUNE%20FISCAL%20LTD
399,FORTUNE INTERFINANCE LTD,INZ000178035,12432,1978,https://enit.nseindia.com/MemDirWeb/brokerDetailPage_Beta?memID=1978&h_MemType=members&memName=FORTUNE%20INTERFINANCE%20LTD
400,FORTUNE WEALTH MANAGEMENT COMPANY INDIA (P) LTD.,INZ000190535,12038,1889,https://enit.nseindia.com/MemDirWeb/brokerDetailPage_Beta?memID=1889&h_MemType=members&memName=FORTUNE%20WEALTH%20MANAGEMENT%20COMPANY%20INDIA%20%28P%29%20LTD.
401,FOUR DIMENSIONS SECURITIES (INDIA) LTD.,INZ000005637,6467,87,https://enit.nseindia.com/MemDirWeb/brokerDetailPage_Beta?memID=87&h_MemType=members&memName=FOUR%20DIMENSIONS%20SECURITIES%20%28INDIA%29%20LTD.
402,FOURDEGREEWATER SERVICES PRIVATE LIMITED,INZ000313632,90328,3198,https://enit.nseindia.com/MemDirWeb/brokerDetailPage_Beta?memID=3198&h_MemType=members&memName=FOURDEGREEWATER%20SERVICES%20PRIVATE%20LIMITED
403,FREE INDIA BROKING SERVICES PRIVATE LIMITED,INE231376133,13761,2464,https://enit.nseindia.com/MemDirWeb/brokerDetailPage_Beta?memID=2464&h_MemType=members&memName=FREE%20INDIA%20BROKING%20SERVICES%20PRIVATE%20LIMITED
404,FRONTLINE STOCK BROKERS PRIVATE LIMITED,INZ000179633,7924,686,https://enit.nseindia.com/MemDirWeb/brokerDetailPage_Beta?memID=686&h_MemType=members&memName=FRONTLINE%20STOCK%20BROKERS%20PRIVATE%20LIMITED
405,FRR SHARES AND SECURITIES LIMITED,INZ000279232,13972,2527,https://enit.nseindia.com/MemDirWeb/brokerDetailPage_Beta?memID=2527&h_MemType=members&memName=FRR%20SHARES%20AND%20SECURITIES%20LIMITED
406,FYERS SECURITIES PRIVATE LIMITED,INZ000008524,90061,2935,https://enit.nseindia.com/MemDirWeb/brokerDetailPage_Beta?memID=2935&h_MemType=members&memName=FYERS%20SECURITIES%20PRIVATE%20LIMITED
407,G DAS CAPITAL MARKETS PRIVATE LIMITED,INZ000282138,11266,1712,https://enit.nseindia.com/MemDirWeb/brokerDetailPage_Beta?memID=1712&h_MemType=members&memName=G%20DAS%20CAPITAL%20MARKETS%20PRIVATE%20LIMITED
408,G. N. G INVESTMENT LTD,INZ000222336,7942,442,https://enit.nseindia.com/MemDirWeb/brokerDetailPage_Beta?memID=442&h_MemType=members&memName=G.%20N.%20G%20INVESTMENT%20LTD
409,GAINN FINTECH PRIVATE LIMITED,INZ000305534,90261,3137,https://enit.nseindia.com/MemDirWeb/brokerDetailPage_Beta?memID=3137&h_MemType=members&memName=GAINN%20FINTECH%20PRIVATE%20LIMITED
410,GAMMA INVESTMENTS,INZ000277625,8269,694,https://enit.nseindia.com/MemDirWeb/brokerDetailPage_Beta?memID=694&h_MemType=members&memName=GAMMA%20INVESTMENTS
411,GANDHI SECURITIES & INVESTMENT PVT. LTD.,INZ000248031,8955,920,https://enit.nseindia.com/MemDirWeb/brokerDetailPage_Beta?memID=920&h_MemType=members&memName=GANDHI%20SECURITIES%20%26%20INVESTMENT%20PVT.%20LTD.
412,GANESH STOCKINVEST (P) LIMITED,INZ000191431,7922,815,https://enit.nseindia.com/MemDirWeb/brokerDetailPage_Beta?memID=815&h_MemType=members&memName=GANESH%20STOCKINVEST%20%28P%29%20LIMITED
413,GANESHAM SECURITIES PRIVATE LIMITED,INZ000231835,12011,1881,https://enit.nseindia.com/MemDirWeb/brokerDetailPage_Beta?memID=1881&h_MemType=members&memName=GANESHAM%20SECURITIES%20PRIVATE%20LIMITED
414,GANGANAGAR COMMODITY LIMITED,INZ000016737,90046,2924,https://enit.nseindia.com/MemDirWeb/brokerDetailPage_Beta?memID=2924&h_MemType=members&memName=GANGANAGAR%20COMMODITY%20LIMITED
415,GANGOUR INVESTMENTS LTD.,INZ000253432,8141,688,https://enit.nseindia.com/MemDirWeb/brokerDetailPage_Beta?memID=688&h_MemType=members&memName=GANGOUR%20INVESTMENTS%20LTD.
416,GANPATI FINSEC PVT. LTD.,INZ000304538,13456,2400,https://enit.nseindia.com/MemDirWeb/brokerDetailPage_Beta?memID=2400&h_MemType=members&memName=GANPATI%20FINSEC%20PVT.%20LTD.
417,GARG SECURITIES PVT. LTD.,INZ000251333,12515,1953,https://enit.nseindia.com/MemDirWeb/brokerDetailPage_Beta?memID=1953&h_MemType=members&memName=GARG%20SECURITIES%20PVT.%20LTD.
418,GATEWAY FINANCIAL SERVICES LIMITED,INZ000247937,9344,1161,https://enit.nseindia.com/MemDirWeb/brokerDetailPage_Beta?memID=1161&h_MemType=members&memName=GATEWAY%20FINANCIAL%20SERVICES%20LIMITED
419,GCM SECURITIES LTD.,INZ000255131,7934,543,https://enit.nseindia.com/MemDirWeb/brokerDetailPage_Beta?memID=543&h_MemType=members&memName=GCM%20SECURITIES%20LTD.
420,GDB SHARE & STOCK BROKING SERVICES LIMITED,INZ000193238,7788,545,https://enit.nseindia.com/MemDirWeb/brokerDetailPage_Beta?memID=545&h_MemType=members&memName=GDB%20SHARE%20%26%20STOCK%20BROKING%20SERVICES%20LIMITED
421,GEE BEE SECURITIES PVT. LTD.,INZ000204633,12194,1920,https://enit.nseindia.com/MemDirWeb/brokerDetailPage_Beta?memID=1920&h_MemType=members&memName=GEE%20BEE%20SECURITIES%20PVT.%20LTD.
422,GENUINE STOCK BROKERS PVT LTD,INZ000243831,10477,2086,https://enit.nseindia.com/MemDirWeb/brokerDetailPage_Beta?memID=2086&h_MemType=members&memName=GENUINE%20STOCK%20BROKERS%20PVT%20LTD
423,GEOJIT INVESTMENTS LIMITED,INZ000318938,13372,608,https://enit.nseindia.com/MemDirWeb/brokerDetailPage_Beta?memID=608&h_MemType=members&memName=GEOJIT%20INVESTMENTS%20LIMITED
424,GEPL CAPITAL PRIVATE LIMITED,INZ000168137,9939,1730,https://enit.nseindia.com/MemDirWeb/brokerDetailPage_Beta?memID=1730&h_MemType=members&memName=GEPL%20CAPITAL%20PRIVATE%20LIMITED
425,GET PROSPER CAPITAL PRIVATE LIMITED,INZ000301435,90231,3108,https://enit.nseindia.com/MemDirWeb/brokerDetailPage_Beta?memID=3108&h_MemType=members&memName=GET%20PROSPER%20CAPITAL%20PRIVATE%20LIMITED
426,GHALLA BHANSALI STOCK BROKERS PRIVATE LIMITED,INZ000236038,9570,73,https://enit.nseindia.com/MemDirWeb/brokerDetailPage_Beta?memID=73&h_MemType=members&memName=GHALLA%20BHANSALI%20STOCK%20BROKERS%20PRIVATE%20LIMITED
427,GHANSHYAM SHARES & STOCK BROKERS PVT LTD,INZ000245133,8552,544,https://enit.nseindia.com/MemDirWeb/brokerDetailPage_Beta?memID=544&h_MemType=members&memName=GHANSHYAM%20SHARES%20%26%20STOCK%20BROKERS%20PVT%20LTD
428,GILL BROKING PRIVATE LIMITED,INZ000168338,90213,3090,https://enit.nseindia.com/MemDirWeb/brokerDetailPage_Beta?memID=3090&h_MemType=members&memName=GILL%20BROKING%20PRIVATE%20LIMITED
429,GILTEDGE CREDIT CAPITAL LTD.,INB230886436/INF230886436,8864,950,https://enit.nseindia.com/MemDirWeb/brokerDetailPage_Beta?memID=950&h_MemType=members&memName=GILTEDGE%20CREDIT%20CAPITAL%20LTD.
430,GIRDHAR SECURITIES,INZ000327425,90477,3343,https://enit.nseindia.com/MemDirWeb/brokerDetailPage_Beta?memID=3343&h_MemType=members&memName=GIRDHAR%20SECURITIES
431,GIRIRAJ SHARES PRIVATE LIMITED,INB231333833/INF231333833/INE231333833,13338,2364,https://enit.nseindia.com/MemDirWeb/brokerDetailPage_Beta?memID=2364&h_MemType=members&memName=GIRIRAJ%20SHARES%20PRIVATE%20LIMITED
432,GIRIRAJ STOCK BROKING PRIVATE LIMITED,INZ000212638,90318,3185,https://enit.nseindia.com/MemDirWeb/brokerDetailPage_Beta?memID=3185&h_MemType=members&memName=GIRIRAJ%20STOCK%20BROKING%20PRIVATE%20LIMITED
433,GKN SECURITIES,INZ000190027,13385,2189,https://enit.nseindia.com/MemDirWeb/brokerDetailPage_Beta?memID=2189&h_MemType=members&memName=GKN%20SECURITIES
434,GLOBAL VISION SECURITIES PRIVATE LIMITED,INZ000204136,7697,546,https://enit.nseindia.com/MemDirWeb/brokerDetailPage_Beta?memID=546&h_MemType=members&memName=GLOBAL%20VISION%20SECURITIES%20PRIVATE%20LIMITED
435,GLOBALWORTH SECURITIES LIMITED,INZ000189732,13994,2525,https://enit.nseindia.com/MemDirWeb/brokerDetailPage_Beta?memID=2525&h_MemType=members&memName=GLOBALWORTH%20SECURITIES%20LIMITED
436,GLOBE CAPITAL MARKET LIMITED,INZ000177137,6637,91,https://enit.nseindia.com/MemDirWeb/brokerDetailPage_Beta?memID=91&h_MemType=members&memName=GLOBE%20CAPITAL%20MARKET%20LIMITED
437,GLOBE DERIVATIVES AND SECURITIES LIMITED,INZ000312637,90338,3209,https://enit.nseindia.com/MemDirWeb/brokerDetailPage_Beta?memID=3209&h_MemType=members&memName=GLOBE%20DERIVATIVES%20AND%20SECURITIES%20LIMITED
438,GNG STOCK HOLDINGS PVT. LTD.,INZ000266439,12248,1939,https://enit.nseindia.com/MemDirWeb/brokerDetailPage_Beta?memID=1939&h_MemType=members&memName=GNG%20STOCK%20HOLDINGS%20PVT.%20LTD.
439,GOENKA CAPITAL MARKET SERVICES,INZ000007039,6486,6,https://enit.nseindia.com/MemDirWeb/brokerDetailPage_Beta?memID=6&h_MemType=members&memName=GOENKA%20CAPITAL%20MARKET%20SERVICES
440,GOENKA SECURITIES PVT. LTD.,INZ000265139,8088,1698,https://enit.nseindia.com/MemDirWeb/brokerDetailPage_Beta?memID=1698&h_MemType=members&memName=GOENKA%20SECURITIES%20PVT.%20LTD.
441,GOENKA SHARE BROKING PRIVATE LIMITED,INZ000205032,12962,2173,https://enit.nseindia.com/MemDirWeb/brokerDetailPage_Beta?memID=2173&h_MemType=members&memName=GOENKA%20SHARE%20BROKING%20PRIVATE%20LIMITED
442,GOGIA CAPITAL SERVICES LIMITED,INZ000202733,7929,691,https://enit.nseindia.com/MemDirWeb/brokerDetailPage_Beta?memID=691&h_MemType=members&memName=GOGIA%20CAPITAL%20SERVICES%20LIMITED
443,GOLD LINE BROKING PRIVATE LIMITED,INZ000274233,14918,2842,https://enit.nseindia.com/MemDirWeb/brokerDetailPage_Beta?memID=2842&h_MemType=members&memName=GOLD%20LINE%20BROKING%20PRIVATE%20LIMITED
444,GOLDENPI SECURITIES PRIVATE LIMITED,,90331,3201,https://enit.nseindia.com/MemDirWeb/brokerDetailPage_Beta?memID=3201&h_MemType=members&memName=GOLDENPI%20SECURITIES%20PRIVATE%20LIMITED
445,GOLDMAN SACHS (INDIA) SECURITIES PRIVATE LIMITED,INZ000277034,12778,2070,https://enit.nseindia.com/MemDirWeb/brokerDetailPage_Beta?memID=2070&h_MemType=members&memName=GOLDMAN%20SACHS%20%28INDIA%29%20SECURITIES%20PRIVATE%20LIMITED
446,GOLDMINE STOCKS PRIVATE LIMITED,INZ000182938,8846,443,https://enit.nseindia.com/MemDirWeb/brokerDetailPage_Beta?memID=443&h_MemType=members&memName=GOLDMINE%20STOCKS%20PRIVATE%20LIMITED
447,GOLDSTREET SECURITIES LIMITED,INZ000311236,8127,762,https://enit.nseindia.com/MemDirWeb/brokerDetailPage_Beta?memID=762&h_MemType=members&memName=GOLDSTREET%20SECURITIES%20LIMITED
448,GOODFLOW SECURITIES PRIVATE LIMITED,INZ000303634,90255,3131,https://enit.nseindia.com/MemDirWeb/brokerDetailPage_Beta?memID=3131&h_MemType=members&memName=GOODFLOW%20SECURITIES%20PRIVATE%20LIMITED
449,GOODWILL WEALTH MANAGEMENT PVT LTD,INZ000177036,90097,2976,https://enit.nseindia.com/MemDirWeb/brokerDetailPage_Beta?memID=2976&h_MemType=members&memName=GOODWILL%20WEALTH%20MANAGEMENT%20PVT%20LTD
450,GOPALJI BROKING PRIVATE LIMITED,INZ000298037,90388,3260,https://enit.nseindia.com/MemDirWeb/brokerDetailPage_Beta?memID=3260&h_MemType=members&memName=GOPALJI%20BROKING%20PRIVATE%20LIMITED
451,GOPANI SECURITIES AND INVESTMENTS PVT. LTD,INZ000248439,12296,1963,https://enit.nseindia.com/MemDirWeb/brokerDetailPage_Beta?memID=1963&h_MemType=members&memName=GOPANI%20SECURITIES%20AND%20INVESTMENTS%20PVT.%20LTD
452,GOVIND PARIKH SECURITIES (P) LTD.,INZ000261234,11220,1717,https://enit.nseindia.com/MemDirWeb/brokerDetailPage_Beta?memID=1717&h_MemType=members&memName=GOVIND%20PARIKH%20SECURITIES%20%28P%29%20LTD.
453,GOYAL SECURITIES,INZ000000828,14975,2866,https://enit.nseindia.com/MemDirWeb/brokerDetailPage_Beta?memID=2866&h_MemType=members&memName=GOYAL%20SECURITIES
454,GOYAL STOCK TRADING PRIVATE LIMITED,INZ000256132,11203,1687,https://enit.nseindia.com/MemDirWeb/brokerDetailPage_Beta?memID=1687&h_MemType=members&memName=GOYAL%20STOCK%20TRADING%20PRIVATE%20LIMITED
455,GPSK CAPITAL PRIVATE LIMITED,INZ000219831,8065,560,https://enit.nseindia.com/MemDirWeb/brokerDetailPage_Beta?memID=560&h_MemType=members&memName=GPSK%20CAPITAL%20PRIVATE%20LIMITED
456,GRATIAS VENTURES PRIVATE LIMITED,INZ000316433,90357,3229,https://enit.nseindia.com/MemDirWeb/brokerDetailPage_Beta?memID=3229&h_MemType=members&memName=GRATIAS%20VENTURES%20PRIVATE%20LIMITED
457,GRAVITON RESEARCH CAPITAL LLP,INZ000002261,90041,2918,https://enit.nseindia.com/MemDirWeb/brokerDetailPage_Beta?memID=2918&h_MemType=members&memName=GRAVITON%20RESEARCH%20CAPITAL%20LLP
458,GRD SECURITIES LIMITED,INZ000193937,11866,1865,https://enit.nseindia.com/MemDirWeb/brokerDetailPage_Beta?memID=1865&h_MemType=members&memName=GRD%20SECURITIES%20LIMITED
459,GREAT INDIAN SECURITIES COMPANY LIMITED,INZ000283434,8548,910,https://enit.nseindia.com/MemDirWeb/brokerDetailPage_Beta?memID=910&h_MemType=members&memName=GREAT%20INDIAN%20SECURITIES%20COMPANY%20LIMITED
460,GREAT VENTURES,INZ000286216,90029,2902,https://enit.nseindia.com/MemDirWeb/brokerDetailPage_Beta?memID=2902&h_MemType=members&memName=GREAT%20VENTURES
461,GREENBUCKS SECURITIES PRIVATE LIMITED,INZ000291131,13797,2493,https://enit.nseindia.com/MemDirWeb/brokerDetailPage_Beta?memID=2493&h_MemType=members&memName=GREENBUCKS%20SECURITIES%20PRIVATE%20LIMITED
462,GRESHMA SHARES & STOCKS LIMITED,INZ000190130,13526,2446,https://enit.nseindia.com/MemDirWeb/brokerDetailPage_Beta?memID=2446&h_MemType=members&memName=GRESHMA%20SHARES%20%26%20STOCKS%20LIMITED
463,GRETEX SHARE BROKING LIMITED,INZ000166934,90287,3154,https://enit.nseindia.com/MemDirWeb/brokerDetailPage_Beta?memID=3154&h_MemType=members&memName=GRETEX%20SHARE%20BROKING%20LIMITED
464,GRIFFIN STOCK BROKING PRIVATE LIMITED,INZ000314438,90336,3206,https://enit.nseindia.com/MemDirWeb/brokerDetailPage_Beta?memID=3206&h_MemType=members&memName=GRIFFIN%20STOCK%20BROKING%20PRIVATE%20LIMITED
465,GRIP BROKING PRIVATE LIMITED,INZ000312836,90319,3189,https://enit.nseindia.com/MemDirWeb/brokerDetailPage_Beta?memID=3189&h_MemType=members&memName=GRIP%20BROKING%20PRIVATE%20LIMITED
466,GRM SECURITIES PRIVATE LIMITED,INZ000195031,13600,2456,https://enit.nseindia.com/MemDirWeb/brokerDetailPage_Beta?memID=2456&h_MemType=members&memName=GRM%20SECURITIES%20PRIVATE%20LIMITED
467,GROVALUE SECURITIES PVT LTD,INZ000000430,90038,2911,https://enit.nseindia.com/MemDirWeb/brokerDetailPage_Beta?memID=2911&h_MemType=members&memName=GROVALUE%20SECURITIES%20PVT%20LTD
468,GROWTH AVENUES LTD,INB230778130/INF230778130,7781,444,https://enit.nseindia.com/MemDirWeb/brokerDetailPage_Beta?memID=444&h_MemType=members&memName=GROWTH%20AVENUES%20LTD
469,GROWW INVEST TECH PRIVATE LIMITED,INZ000301838,90187,3064,https://enit.nseindia.com/MemDirWeb/brokerDetailPage_Beta?memID=3064&h_MemType=members&memName=GROWW%20INVEST%20TECH%20PRIVATE%20LIMITED
470,GSB SECURITIES PVT LTD,INZ000245032,9025,548,https://enit.nseindia.com/MemDirWeb/brokerDetailPage_Beta?memID=548&h_MemType=members&memName=GSB%20SECURITIES%20PVT%20LTD
471,GUINESS SECURITIES LIMITED,INZ000167037,11460,1759,https://enit.nseindia.com/MemDirWeb/brokerDetailPage_Beta?memID=1759&h_MemType=members&memName=GUINESS%20SECURITIES%20LIMITED
472,GULITA SECURITIES LTD,INZ000208530,10757,198,https://enit.nseindia.com/MemDirWeb/brokerDetailPage_Beta?memID=198&h_MemType=members&memName=GULITA%20SECURITIES%20LTD
473,GURUSTOX LIMITED,INZ000255037,8052,697,https://enit.nseindia.com/MemDirWeb/brokerDetailPage_Beta?memID=697&h_MemType=members&memName=GURUSTOX%20LIMITED
474,GYANDEEP STOCKS PRIVATE LIMITED,INZ000001230,13016,2193,https://enit.nseindia.com/MemDirWeb/brokerDetailPage_Beta?memID=2193&h_MemType=members&memName=GYANDEEP%20STOCKS%20PRIVATE%20LIMITED
475,H K FINANCE & CAPITALS LTD,INB230681235/INF230681235,6812,95,https://enit.nseindia.com/MemDirWeb/brokerDetailPage_Beta?memID=95&h_MemType=members&memName=H%20K%20FINANCE%20%26%20CAPITALS%20LTD
476,H K SINGHANIA & CO,INZ000197211,420,2147,https://enit.nseindia.com/MemDirWeb/brokerDetailPage_Beta?memID=2147&h_MemType=members&memName=H%20K%20SINGHANIA%20%26%20CO
477,H. J. SECURITIES PRIVATE LIMITED,INZ000240935,10670,236,https://enit.nseindia.com/MemDirWeb/brokerDetailPage_Beta?memID=236&h_MemType=members&memName=H.%20J.%20SECURITIES%20PRIVATE%20LIMITED
478,HAITONG SECURITIES INDIA PRIVATE LIMITED,INZ000026435,14518,2814,https://enit.nseindia.com/MemDirWeb/brokerDetailPage_Beta?memID=2814&h_MemType=members&memName=HAITONG%20SECURITIES%20INDIA%20PRIVATE%20LIMITED
479,HARDIK FIN TRADE PRIVATE LIMITED,INZ000203537,90384,3256,https://enit.nseindia.com/MemDirWeb/brokerDetailPage_Beta?memID=3256&h_MemType=members&memName=HARDIK%20FIN%20TRADE%20PRIVATE%20LIMITED
480,HARENDRA D. MEHTA SHARE & STOCK BROKER PRIVATE LIMITED,INZ000163932,90152,3027,https://enit.nseindia.com/MemDirWeb/brokerDetailPage_Beta?memID=3027&h_MemType=members&memName=HARENDRA%20D.%20MEHTA%20SHARE%20%26%20STOCK%20BROKER%20PRIVATE%20LIMITED
481,HARIHAR SECURITIES PRIVATE LIMITED,INZ000187633,13641,2303,https://enit.nseindia.com/MemDirWeb/brokerDetailPage_Beta?memID=2303&h_MemType=members&memName=HARIHAR%20SECURITIES%20PRIVATE%20LIMITED
482,HARJIVANDAS NEMIDAS SECURITIES PRIVATE LIMITED,INZ000256637,11859,2343,https://enit.nseindia.com/MemDirWeb/brokerDetailPage_Beta?memID=2343&h_MemType=members&memName=HARJIVANDAS%20NEMIDAS%20SECURITIES%20PRIVATE%20LIMITED
483,HARSH FUTURES COMMODITIES PRIVATE LIMITED,INZ000063536,90422,3293,https://enit.nseindia.com/MemDirWeb/brokerDetailPage_Beta?memID=3293&h_MemType=members&memName=HARSH%20FUTURES%20COMMODITIES%20PRIVATE%20LIMITED
484,HB SECURITIES LIMITED,INZ000246038,6073,343,https://enit.nseindia.com/MemDirWeb/brokerDetailPage_Beta?memID=343&h_MemType=members&memName=HB%20SECURITIES%20LIMITED
485,HCG STOCK & SHARE BROKERS LTD.,INB230958434,9584,96,https://enit.nseindia.com/MemDirWeb/brokerDetailPage_Beta?memID=96&h_MemType=members&memName=HCG%20STOCK%20%26%20SHARE%20BROKERS%20LTD.
486,HDFC BANK LTD.,INB231133531/INF231133531/INE231307831,11335,1670,https://enit.nseindia.com/MemDirWeb/brokerDetailPage_Beta?memID=1670&h_MemType=members&memName=HDFC%20BANK%20LTD.
487,HDFC SECURITIES LTD.,INZ000186937,11094,1708,https://enit.nseindia.com/MemDirWeb/brokerDetailPage_Beta?memID=1708&h_MemType=members&memName=HDFC%20SECURITIES%20LTD.
488,HEM FINLEASE PVT. LTD.,INZ000167734,11100,1681,https://enit.nseindia.com/MemDirWeb/brokerDetailPage_Beta?memID=1681&h_MemType=members&memName=HEM%20FINLEASE%20PVT.%20LTD.
489,HENSEX SECURITIES PRIVATE LIMITED,INZ000209725,14345,2625,https://enit.nseindia.com/MemDirWeb/brokerDetailPage_Beta?memID=2625&h_MemType=members&memName=HENSEX%20SECURITIES%20PRIVATE%20LIMITED
490,HERITAGE SECURITIES PRIVATE LIMITED,INB231340432/INF231340432/INE231340432,13404,2098,https://enit.nseindia.com/MemDirWeb/brokerDetailPage_Beta?memID=2098&h_MemType=members&memName=HERITAGE%20SECURITIES%20PRIVATE%20LIMITED
491,HERMOINE SECURITIES PVT LTD,INZ000010835,90067,2930,https://enit.nseindia.com/MemDirWeb/brokerDetailPage_Beta?memID=2930&h_MemType=members&memName=HERMOINE%20SECURITIES%20PVT%20LTD
492,HINDUSTAN TECHNOSOL PRIVATE LIMITED,INZ000092238,90339,3210,https://enit.nseindia.com/MemDirWeb/brokerDetailPage_Beta?memID=3210&h_MemType=members&memName=HINDUSTAN%20TECHNOSOL%20PRIVATE%20LIMITED
493,HINDUSTAN TRADECOM PRIVATE LIMITED,INZ000156539,12783,2051,https://enit.nseindia.com/MemDirWeb/brokerDetailPage_Beta?memID=2051&h_MemType=members&memName=HINDUSTAN%20TRADECOM%20PRIVATE%20LIMITED
494,HKKR FINSERV PRIVATE LIMITED,INZ000312436,90360,3232,https://enit.nseindia.com/MemDirWeb/brokerDetailPage_Beta?memID=3232&h_MemType=members&memName=HKKR%20FINSERV%20PRIVATE%20LIMITED
495,HOLANI CONSULTANTS PRIVATE LIMITED,INZ000299835,90225,3102,https://enit.nseindia.com/MemDirWeb/brokerDetailPage_Beta?memID=3102&h_MemType=members&memName=HOLANI%20CONSULTANTS%20PRIVATE%20LIMITED
496,HORIZON FINANCIAL CONSULTANTS PVT. LTD.,INZ000171033,14491,2795,https://enit.nseindia.com/MemDirWeb/brokerDetailPage_Beta?memID=2795&h_MemType=members&memName=HORIZON%20FINANCIAL%20CONSULTANTS%20PVT.%20LTD.
497,HORNIC INVESTMENT PVT. LTD.,INZ000220935,8148,445,https://enit.nseindia.com/MemDirWeb/brokerDetailPage_Beta?memID=445&h_MemType=members&memName=HORNIC%20INVESTMENT%20PVT.%20LTD.
498,HOTLINE CAPITAL SERVICES PRIVATE LIMITED,INZ000288933,11576,1763,https://enit.nseindia.com/MemDirWeb/brokerDetailPage_Beta?memID=1763&h_MemType=members&memName=HOTLINE%20CAPITAL%20SERVICES%20PRIVATE%20LIMITED
499,HPMG SHARES & SECURITIES PRIVATE LIMITED,INZ000187530,13002,2232,https://enit.nseindia.com/MemDirWeb/brokerDetailPage_Beta?memID=2232&h_MemType=members&memName=HPMG%20SHARES%20%26%20SECURITIES%20PRIVATE%20LIMITED
500,HR FINANCE & INVESTMENTS,INZ000249526,12985,2187,https://enit.nseindia.com/MemDirWeb/brokerDetailPage_Beta?memID=2187&h_MemType=members&memName=HR%20FINANCE%20%26%20INVESTMENTS
501,HRIM FINANCE AND SECURITIES PRIVATE LIMITED,INB231111635/INF231111635/INE231111635,11116,1678,https://enit.nseindia.com/MemDirWeb/brokerDetailPage_Beta?memID=1678&h_MemType=members&memName=HRIM%20FINANCE%20AND%20SECURITIES%20PRIVATE%20LIMITED
502,HRJ STOCK BROKERS LLP,INZ000327759,90457,3324,https://enit.nseindia.com/MemDirWeb/brokerDetailPage_Beta?memID=3324&h_MemType=members&memName=HRJ%20STOCK%20BROKERS%20LLP
503,HRTI PRIVATE LIMITED,INZ000281336,90178,3055,https://enit.nseindia.com/MemDirWeb/brokerDetailPage_Beta?memID=3055&h_MemType=members&memName=HRTI%20PRIVATE%20LIMITED
504,HSB SECURITIES & EQUITIES LIMITED,INZ000179235,11030,1661,https://enit.nseindia.com/MemDirWeb/brokerDetailPage_Beta?memID=1661&h_MemType=members&memName=HSB%20SECURITIES%20%26%20EQUITIES%20LIMITED
505,HSBC INVESTDIRECT SECURITIES (INDIA) LIMITED,INB231324238/INF231324238,13242,1270,https://enit.nseindia.com/MemDirWeb/brokerDetailPage_Beta?memID=1270&h_MemType=members&memName=HSBC%20INVESTDIRECT%20SECURITIES%20%28INDIA%29%20LIMITED
506,HSBC SECURITIES & CAPITAL MARKETS (INDIA) PVT. LTD.,INZ000234533,7917,318,https://enit.nseindia.com/MemDirWeb/brokerDetailPage_Beta?memID=318&h_MemType=members&memName=HSBC%20SECURITIES%20%26%20CAPITAL%20MARKETS%20%28INDIA%29%20PVT.%20LTD.
507,I KAY HOLDING CO. P . LTD,INZ000278033,7698,698,https://enit.nseindia.com/MemDirWeb/brokerDetailPage_Beta?memID=698&h_MemType=members&memName=I%20KAY%20HOLDING%20CO.%20P%20.%20LTD
508,ICAP IL INDIA PRIVATE LIMITED,INZ000039339,11403,382,https://enit.nseindia.com/MemDirWeb/brokerDetailPage_Beta?memID=382&h_MemType=members&memName=ICAP%20IL%20INDIA%20PRIVATE%20LIMITED
509,ICICI BANK LTD.,INZ000197438,13086,1720,https://enit.nseindia.com/MemDirWeb/brokerDetailPage_Beta?memID=1720&h_MemType=members&memName=ICICI%20BANK%20LTD.
510,ICICI SECURITIES LIMITED,INZ000183631,7730,346,https://enit.nseindia.com/MemDirWeb/brokerDetailPage_Beta?memID=346&h_MemType=members&memName=ICICI%20SECURITIES%20LIMITED
511,ICICI SECURITIES PRIMARY DEALERSHIP LIMITED,INZ000016832,90008,2888,https://enit.nseindia.com/MemDirWeb/brokerDetailPage_Beta?memID=2888&h_MemType=members&memName=ICICI%20SECURITIES%20PRIMARY%20DEALERSHIP%20LIMITED
512,IDBI BANK LIMITED,INZ000286649,13308,1849,https://enit.nseindia.com/MemDirWeb/brokerDetailPage_Beta?memID=1849&h_MemType=members&memName=IDBI%20BANK%20LIMITED
513,IDBI CAPITAL MARKETS & SECURITIES LTD.,INZ000007237,7066,347,https://enit.nseindia.com/MemDirWeb/brokerDetailPage_Beta?memID=347&h_MemType=members&memName=IDBI%20CAPITAL%20MARKETS%20%26%20SECURITIES%20LTD.
514,IFCI FINANCIAL SERVICES LIMITED,INZ000254231,11086,353,https://enit.nseindia.com/MemDirWeb/brokerDetailPage_Beta?memID=353&h_MemType=members&memName=IFCI%20FINANCIAL%20SERVICES%20LIMITED
515,IIFL CAPITAL SERVICES LIMITED,INZ000164132,10975,1493,https://enit.nseindia.com/MemDirWeb/brokerDetailPage_Beta?memID=1493&h_MemType=members&memName=IIFL%20CAPITAL%20SERVICES%20LIMITED
516,IIT CORPORATE SERVICES LTD.,INF231133135,11331,1765,https://enit.nseindia.com/MemDirWeb/brokerDetailPage_Beta?memID=1765&h_MemType=members&memName=IIT%20CORPORATE%20SERVICES%20LTD.
517,IKM INVESTORS PRIVATE LIMITED,INZ000172937,7944,699,https://enit.nseindia.com/MemDirWeb/brokerDetailPage_Beta?memID=699&h_MemType=members&memName=IKM%20INVESTORS%20PRIVATE%20LIMITED
518,IL&FS SECURITIES SERVICES LIMITED,INZ000163538,11336,1671,https://enit.nseindia.com/MemDirWeb/brokerDetailPage_Beta?memID=1671&h_MemType=members&memName=IL%26FS%20SECURITIES%20SERVICES%20LIMITED
519,ILLUMINATI TRADING PRIVATE LIMITED,INZ000307836,90407,3278,https://enit.nseindia.com/MemDirWeb/brokerDetailPage_Beta?memID=3278&h_MemType=members&memName=ILLUMINATI%20TRADING%20PRIVATE%20LIMITED
520,IMC INDIA SECURITIES PRIVATE LIMITED,INZ000301034,90232,3109,https://enit.nseindia.com/MemDirWeb/brokerDetailPage_Beta?memID=3109&h_MemType=members&memName=IMC%20INDIA%20SECURITIES%20PRIVATE%20LIMITED
521,INA STOCK BROKING COMPANY PRIVATE LIMITED,INZ000234636,9955,2627,https://enit.nseindia.com/MemDirWeb/brokerDetailPage_Beta?memID=2627&h_MemType=members&memName=INA%20STOCK%20BROKING%20COMPANY%20PRIVATE%20LIMITED
522,INANI SECURITIES LIMITED,INZ000264734,8571,858,https://enit.nseindia.com/MemDirWeb/brokerDetailPage_Beta?memID=858&h_MemType=members&memName=INANI%20SECURITIES%20LIMITED
523,INARAA FINANCIAL SERVICES PRIVATE LIMITED,INZ000323030,90414,3285,https://enit.nseindia.com/MemDirWeb/brokerDetailPage_Beta?memID=3285&h_MemType=members&memName=INARAA%20FINANCIAL%20SERVICES%20PRIVATE%20LIMITED
524,INCRED CAPITAL WEALTH PORTFOLIO MANAGERS PRIVATE LIMITED,INZ000294632,90211,3088,https://enit.nseindia.com/MemDirWeb/brokerDetailPage_Beta?memID=3088&h_MemType=members&memName=INCRED%20CAPITAL%20WEALTH%20PORTFOLIO%20MANAGERS%20PRIVATE%20LIMITED
525,INDBANK MERCHANT BANKING SERVICES LTD.,INZ000207939,5968,350,https://enit.nseindia.com/MemDirWeb/brokerDetailPage_Beta?memID=350&h_MemType=members&memName=INDBANK%20MERCHANT%20BANKING%20SERVICES%20LTD.
526,INDIA ADVANTAGE SECURITIES PRIVATE LIMITED,INZ000005736,12280,156,https://enit.nseindia.com/MemDirWeb/brokerDetailPage_Beta?memID=156&h_MemType=members&memName=INDIA%20ADVANTAGE%20SECURITIES%20PRIVATE%20LIMITED
527,INDIA BOND PRIVATE LIMITED,,90316,3187,https://enit.nseindia.com/MemDirWeb/brokerDetailPage_Beta?memID=3187&h_MemType=members&memName=INDIA%20BOND%20PRIVATE%20LIMITED
528,INDIA CEMENTS INVESTMENT SERVICES LIMITED,INZ000205530,11634,895,https://enit.nseindia.com/MemDirWeb/brokerDetailPage_Beta?memID=895&h_MemType=members&memName=INDIA%20CEMENTS%20INVESTMENT%20SERVICES%20LIMITED
529,INDIA PACIFIC SECURITIES & FINANCIAL SERVICES LTD,INZ000281430,9058,702,https://enit.nseindia.com/MemDirWeb/brokerDetailPage_Beta?memID=702&h_MemType=members&memName=INDIA%20PACIFIC%20SECURITIES%20%26%20FINANCIAL%20SERVICES%20LTD
530,INDIA SECURITIES BROKING PRIVATE LIMITED,INZ000218834,12933,1917,https://enit.nseindia.com/MemDirWeb/brokerDetailPage_Beta?memID=1917&h_MemType=members&memName=INDIA%20SECURITIES%20BROKING%20PRIVATE%20LIMITED
531,INDIABULLS SECURITIES LIMITED,INZ000036136,8756,995,https://enit.nseindia.com/MemDirWeb/brokerDetailPage_Beta?memID=995&h_MemType=members&memName=INDIABULLS%20SECURITIES%20LIMITED
532,INDIAN BANK,INE231321436,13214,2369,https://enit.nseindia.com/MemDirWeb/brokerDetailPage_Beta?memID=2369&h_MemType=members&memName=INDIAN%20BANK
533,INDIAN FINANCE GUARANTY LTD.,INZ000101139,8806,703,https://enit.nseindia.com/MemDirWeb/brokerDetailPage_Beta?memID=703&h_MemType=members&memName=INDIAN%20FINANCE%20GUARANTY%20LTD.
534,INDIAN OVERSEAS BANK,INE231319737,13197,2346,https://enit.nseindia.com/MemDirWeb/brokerDetailPage_Beta?memID=2346&h_MemType=members&memName=INDIAN%20OVERSEAS%20BANK
535,INDIANIVESH SHARES AND SECURITIES PRIVATE LIMITED,INZ000010132,12566,2037,https://enit.nseindia.com/MemDirWeb/brokerDetailPage_Beta?memID=2037&h_MemType=members&memName=INDIANIVESH%20SHARES%20AND%20SECURITIES%20PRIVATE%20LIMITED
536,INDIRA SECURITIES PRIVATE LIMITED,INZ000188930,12866,884,https://enit.nseindia.com/MemDirWeb/brokerDetailPage_Beta?memID=884&h_MemType=members&memName=INDIRA%20SECURITIES%20PRIVATE%20LIMITED
537,INDISTOCK SECURITIES LTD.,INZ000237431,6003,411,https://enit.nseindia.com/MemDirWeb/brokerDetailPage_Beta?memID=411&h_MemType=members&memName=INDISTOCK%20SECURITIES%20LTD.
538,INDO MONEY SECURITIES PRIVATE LIMITED,INZ000291930,14495,2063,https://enit.nseindia.com/MemDirWeb/brokerDetailPage_Beta?memID=2063&h_MemType=members&memName=INDO%20MONEY%20SECURITIES%20PRIVATE%20LIMITED
539,INDO THAI SECURITIES LTD.,INZ000194938,7767,885,https://enit.nseindia.com/MemDirWeb/brokerDetailPage_Beta?memID=885&h_MemType=members&memName=INDO%20THAI%20SECURITIES%20LTD.
540,INDSEC SECURITIES AND FINANCE LIMITED,INZ000236731,6010,352,https://enit.nseindia.com/MemDirWeb/brokerDetailPage_Beta?memID=352&h_MemType=members&memName=INDSEC%20SECURITIES%20AND%20FINANCE%20LIMITED
541,INDSTOCKS PRIVATE LIMITED,INZ000305337,90267,3141,https://enit.nseindia.com/MemDirWeb/brokerDetailPage_Beta?memID=3141&h_MemType=members&memName=INDSTOCKS%20PRIVATE%20LIMITED
542,INDUS SHARESHREE PRIVATE LIMITED,INZ000170031,7762,704,https://enit.nseindia.com/MemDirWeb/brokerDetailPage_Beta?memID=704&h_MemType=members&memName=INDUS%20SHARESHREE%20PRIVATE%20LIMITED
543,INDUSIND BANK LIMITED,INZ000188738,13088,1669,https://enit.nseindia.com/MemDirWeb/brokerDetailPage_Beta?memID=1669&h_MemType=members&memName=INDUSIND%20BANK%20LIMITED
544,INFINITE BROKING PRIVATE LIMITED,INZ000321535,90391,3264,https://enit.nseindia.com/MemDirWeb/brokerDetailPage_Beta?memID=3264&h_MemType=members&memName=INFINITE%20BROKING%20PRIVATE%20LIMITED
545,INFINITY.COM FINANCIAL SECURITIES LIMITED,INZ000232136,11850,314,https://enit.nseindia.com/MemDirWeb/brokerDetailPage_Beta?memID=314&h_MemType=members&memName=INFINITY.COM%20FINANCIAL%20SECURITIES%20LIMITED
546,INFINITY.COM FINANCIAL SECURITIES LIMITED,INZ000232136,11850,314,https://enit.nseindia.com/MemDirWeb/brokerDetailPage_Beta?memID=314&h_MemType=members&memName=INFINITY.COM%20FINANCIAL%20SECURITIES%20LIMITED
547,INMACS LTD.,INZ000257837,5664,705,https://enit.nseindia.com/MemDirWeb/brokerDetailPage_Beta?memID=705&h_MemType=members&memName=INMACS%20LTD.
548,INNOVATE SECURITIES PVT. LTD.,INZ000224735,7002,447,https://enit.nseindia.com/MemDirWeb/brokerDetailPage_Beta?memID=447&h_MemType=members&memName=INNOVATE%20SECURITIES%20PVT.%20LTD.
549,INNOVATIVE CONSULTANTS,INZ000293911,13493,2409,https://enit.nseindia.com/MemDirWeb/brokerDetailPage_Beta?memID=2409&h_MemType=members&memName=INNOVATIVE%20CONSULTANTS
550,INTEGRA SECURITIES PRIVATE LIMITED,INZ000292233,8746,707,https://enit.nseindia.com/MemDirWeb/brokerDetailPage_Beta?memID=707&h_MemType=members&memName=INTEGRA%20SECURITIES%20PRIVATE%20LIMITED
551,INTEGRATED ENTERPRISES (INDIA) PRIVATE LIMITED,INZ000095737,12718,2008,https://enit.nseindia.com/MemDirWeb/brokerDetailPage_Beta?memID=2008&h_MemType=members&memName=INTEGRATED%20ENTERPRISES%20%28INDIA%29%20PRIVATE%20LIMITED
552,INTEGRATED MASTER SECURITIES PVT. LTD.,INZ000175931,8383,709,https://enit.nseindia.com/MemDirWeb/brokerDetailPage_Beta?memID=709&h_MemType=members&memName=INTEGRATED%20MASTER%20SECURITIES%20PVT.%20LTD.
553,INTEGRATED STOCK BROKING SERVICES PVT.LTD.,INB230781235,7812,354,https://enit.nseindia.com/MemDirWeb/brokerDetailPage_Beta?memID=354&h_MemType=members&memName=INTEGRATED%20STOCK%20BROKING%20SERVICES%20PVT.LTD.
554,INTELLECT STOCK BROKING LIMITED,INZ000191632,12965,2167,https://enit.nseindia.com/MemDirWeb/brokerDetailPage_Beta?memID=2167&h_MemType=members&memName=INTELLECT%20STOCK%20BROKING%20LIMITED
555,INTERACTIVE BROKERS (INDIA) PRIVATE LIMITED,INZ000217730,12880,2108,https://enit.nseindia.com/MemDirWeb/brokerDetailPage_Beta?memID=2108&h_MemType=members&memName=INTERACTIVE%20BROKERS%20%28INDIA%29%20PRIVATE%20LIMITED
556,INTERFACE BROKERAGE & RESEARCH LTD.,INB230677033/INF230677033,6770,106,https://enit.nseindia.com/MemDirWeb/brokerDetailPage_Beta?memID=106&h_MemType=members&memName=INTERFACE%20BROKERAGE%20%26%20RESEARCH%20LTD.
557,INVENTURE GROWTH & SECURITIES LIMITED,INZ000221934,9017,1675,https://enit.nseindia.com/MemDirWeb/brokerDetailPage_Beta?memID=1675&h_MemType=members&memName=INVENTURE%20GROWTH%20%26%20SECURITIES%20LIMITED
558,INVESTEC CAPITAL SERVICES(INDIA) PRIVATE LIMITED,INZ000007138,90054,2925,https://enit.nseindia.com/MemDirWeb/brokerDetailPage_Beta?memID=2925&h_MemType=members&memName=INVESTEC%20CAPITAL%20SERVICES%28INDIA%29%20PRIVATE%20LIMITED
559,INVESTERIA FINANCIAL SERVICES PRIVATE LIMITED,INZ000225432,14452,2788,https://enit.nseindia.com/MemDirWeb/brokerDetailPage_Beta?memID=2788&h_MemType=members&memName=INVESTERIA%20FINANCIAL%20SERVICES%20PRIVATE%20LIMITED
560,INVESTMENTOR SECURITIES LTD.,INZ000260036,7825,448,https://enit.nseindia.com/MemDirWeb/brokerDetailPage_Beta?memID=448&h_MemType=members&memName=INVESTMENTOR%20SECURITIES%20LTD.
561,INVESTSMART STOCK BROKERS PVT. LTD.,INZ000265936,13790,2481,https://enit.nseindia.com/MemDirWeb/brokerDetailPage_Beta?memID=2481&h_MemType=members&memName=INVESTSMART%20STOCK%20BROKERS%20PVT.%20LTD.
562,IRAGE BROKING SERVICES LLP,INZ000011262,90068,2946,https://enit.nseindia.com/MemDirWeb/brokerDetailPage_Beta?memID=2946&h_MemType=members&memName=IRAGE%20BROKING%20SERVICES%20LLP
563,ISF SECURITIES LTD.,INZ000211738,8763,710,https://enit.nseindia.com/MemDirWeb/brokerDetailPage_Beta?memID=710&h_MemType=members&memName=ISF%20SECURITIES%20LTD.
564,ISHAN STOCK BROKING PRIVATE LIMITED,INZ000322231,90411,3282,https://enit.nseindia.com/MemDirWeb/brokerDetailPage_Beta?memID=3282&h_MemType=members&memName=ISHAN%20STOCK%20BROKING%20PRIVATE%20LIMITED
565,ISHANIKA SECURITIES PVT. LTD.,INZ000008136,10493,1742,https://enit.nseindia.com/MemDirWeb/brokerDetailPage_Beta?memID=1742&h_MemType=members&memName=ISHANIKA%20SECURITIES%20PVT.%20LTD.
566,ISHTA SECURITIES,INZ000102129,90109,2983,https://enit.nseindia.com/MemDirWeb/brokerDetailPage_Beta?memID=2983&h_MemType=members&memName=ISHTA%20SECURITIES
567,ISK EQUITIES PRIVATE LIMITED,INZ000324434,90425,3296,https://enit.nseindia.com/MemDirWeb/brokerDetailPage_Beta?memID=3296&h_MemType=members&memName=ISK%20EQUITIES%20PRIVATE%20LIMITED
568,ISSL SETTLEMENT & TRANSACTION SERVICES LIMITED,,90157,3033,https://enit.nseindia.com/MemDirWeb/brokerDetailPage_Beta?memID=3033&h_MemType=members&memName=ISSL%20SETTLEMENT%20%26%20TRANSACTION%20SERVICES%20LIMITED
569,ISTAA FINSERV PRIVATE LIMITED,INZ000220334,13452,2390,https://enit.nseindia.com/MemDirWeb/brokerDetailPage_Beta?memID=2390&h_MemType=members&memName=ISTAA%20FINSERV%20PRIVATE%20LIMITED
570,ITI SECURITIES BROKING LIMITED,INZ000005835,6538,93,https://enit.nseindia.com/MemDirWeb/brokerDetailPage_Beta?memID=93&h_MemType=members&memName=ITI%20SECURITIES%20BROKING%20LIMITED
571,J .P. MORGAN INDIA PRIVATE LIMITED,INZ000239730,6752,116,https://enit.nseindia.com/MemDirWeb/brokerDetailPage_Beta?memID=116&h_MemType=members&memName=J%20.P.%20MORGAN%20INDIA%20PRIVATE%20LIMITED
572,J EKLERA SECURITIES PRIVATE LIMITED,INZ000310233,90304,3174,https://enit.nseindia.com/MemDirWeb/brokerDetailPage_Beta?memID=3174&h_MemType=members&memName=J%20EKLERA%20SECURITIES%20PRIVATE%20LIMITED
573,J G SHAH FINANCIAL CONSULTANTS PVT. LTD.,INZ000209538,9815,1940,https://enit.nseindia.com/MemDirWeb/brokerDetailPage_Beta?memID=1940&h_MemType=members&memName=J%20G%20SHAH%20FINANCIAL%20CONSULTANTS%20PVT.%20LTD.
574,J L SHAH SECURITIES PRIVATE LIMITED,INZ000199739,9777,2047,https://enit.nseindia.com/MemDirWeb/brokerDetailPage_Beta?memID=2047&h_MemType=members&memName=J%20L%20SHAH%20SECURITIES%20PRIVATE%20LIMITED
575,J M GLOBAL EQUITIES PRIVATE LIMITED,INZ000203636,13620,2439,https://enit.nseindia.com/MemDirWeb/brokerDetailPage_Beta?memID=2439&h_MemType=members&memName=J%20M%20GLOBAL%20EQUITIES%20PRIVATE%20LIMITED
576,J. V. S. SECURITIES PVT. LTD.,INZ000281635,7524,551,https://enit.nseindia.com/MemDirWeb/brokerDetailPage_Beta?memID=551&h_MemType=members&memName=J.%20V.%20S.%20SECURITIES%20PVT.%20LTD.
577,J.G.A. SHAH SHARE BROKERS PRIVATE LIMITED,INZ000163333,9952,2113,https://enit.nseindia.com/MemDirWeb/brokerDetailPage_Beta?memID=2113&h_MemType=members&memName=J.G.A.%20SHAH%20SHARE%20BROKERS%20PRIVATE%20LIMITED
578,J.V.EQUITIES PVT LTD,INZ000100131,90104,2968,https://enit.nseindia.com/MemDirWeb/brokerDetailPage_Beta?memID=2968&h_MemType=members&memName=J.V.EQUITIES%20PVT%20LTD
579,JADE SECURITIES PVT. LTD.,INZ000272139,8564,1013,https://enit.nseindia.com/MemDirWeb/brokerDetailPage_Beta?memID=1013&h_MemType=members&memName=JADE%20SECURITIES%20PVT.%20LTD.
580,JAINAM BROKING LIMITED,INZ000198735,12169,1910,https://enit.nseindia.com/MemDirWeb/brokerDetailPage_Beta?memID=1910&h_MemType=members&memName=JAINAM%20BROKING%20LIMITED
581,JALAN & CO,INZ000260714,431,2150,https://enit.nseindia.com/MemDirWeb/brokerDetailPage_Beta?memID=2150&h_MemType=members&memName=JALAN%20%26%20CO
582,JAMBUWALA COMMODITIES PRIVATE LIMITED,INZ000056036,13934,2429,https://enit.nseindia.com/MemDirWeb/brokerDetailPage_Beta?memID=2429&h_MemType=members&memName=JAMBUWALA%20COMMODITIES%20PRIVATE%20LIMITED
583,JAMNADAS MORARJEE SECURITIES LIMITED,INZ000230932,90315,3186,https://enit.nseindia.com/MemDirWeb/brokerDetailPage_Beta?memID=3186&h_MemType=members&memName=JAMNADAS%20MORARJEE%20SECURITIES%20LIMITED
584,JAMNADAS VIRJI SHARES & STOCK BROKERS PRIVATE LIMITED,INZ000247838,11837,115,https://enit.nseindia.com/MemDirWeb/brokerDetailPage_Beta?memID=115&h_MemType=members&memName=JAMNADAS%20VIRJI%20SHARES%20%26%20STOCK%20BROKERS%20PRIVATE%20LIMITED
585,JASH SECURITIES PRIVATE LIMITED,INZ000270134,9822,2339,https://enit.nseindia.com/MemDirWeb/brokerDetailPage_Beta?memID=2339&h_MemType=members&memName=JASH%20SECURITIES%20PRIVATE%20LIMITED
586,JAS-ONE SECURITIES PVT.LTD.,INB230643536 /INE230643536,6435,117,https://enit.nseindia.com/MemDirWeb/brokerDetailPage_Beta?memID=117&h_MemType=members&memName=JAS-ONE%20SECURITIES%20PVT.LTD.
587,JAVERI FISCAL SERVICES LTD.,INZ000186638,9974,212,https://enit.nseindia.com/MemDirWeb/brokerDetailPage_Beta?memID=212&h_MemType=members&memName=JAVERI%20FISCAL%20SERVICES%20LTD.
588,JAYPEE CAPITAL LIMITED,INZ000179731,8139,716,https://enit.nseindia.com/MemDirWeb/brokerDetailPage_Beta?memID=716&h_MemType=members&memName=JAYPEE%20CAPITAL%20LIMITED
589,JAYSHREE FINVEST LTD.,INZ000254938,7699,975,https://enit.nseindia.com/MemDirWeb/brokerDetailPage_Beta?memID=975&h_MemType=members&memName=JAYSHREE%20FINVEST%20LTD.
590,JBS SECURITIES PRIVATE LIMITED,INZ000191134,7840,449,https://enit.nseindia.com/MemDirWeb/brokerDetailPage_Beta?memID=449&h_MemType=members&memName=JBS%20SECURITIES%20PRIVATE%20LIMITED
591,JBV SHARE BROKER AND FINTECH PRIVATE LIMITED,INZ000319830,90409,3280,https://enit.nseindia.com/MemDirWeb/brokerDetailPage_Beta?memID=3280&h_MemType=members&memName=JBV%20SHARE%20BROKER%20AND%20FINTECH%20PRIVATE%20LIMITED
592,JEFFERIES INDIA PRIVATE LIMITED,INZ000243033,14910,2766,https://enit.nseindia.com/MemDirWeb/brokerDetailPage_Beta?memID=2766&h_MemType=members&memName=JEFFERIES%20INDIA%20PRIVATE%20LIMITED
593,JEVIN STOCK BROKER PRIVATE LIMITED,INZ000317139,90372,3245,https://enit.nseindia.com/MemDirWeb/brokerDetailPage_Beta?memID=3245&h_MemType=members&memName=JEVIN%20STOCK%20BROKER%20PRIVATE%20LIMITED
594,JHAVERI SECURITIES LIMITED,INZ000199232,8232,504,https://enit.nseindia.com/MemDirWeb/brokerDetailPage_Beta?memID=504&h_MemType=members&memName=JHAVERI%20SECURITIES%20LIMITED
595,JHP SECURITIES PRIVATE LIMITED,INZ000250836,9900,1947,https://enit.nseindia.com/MemDirWeb/brokerDetailPage_Beta?memID=1947&h_MemType=members&memName=JHP%20SECURITIES%20PRIVATE%20LIMITED
596,JIAUM BROKING LLP,INZ000321452,90399,3271,https://enit.nseindia.com/MemDirWeb/brokerDetailPage_Beta?memID=3271&h_MemType=members&memName=JIAUM%20BROKING%20LLP
597,JINDAL FUTURES PVT LTD,INZ000010637,90066,2945,https://enit.nseindia.com/MemDirWeb/brokerDetailPage_Beta?memID=2945&h_MemType=members&memName=JINDAL%20FUTURES%20PVT%20LTD
598,JIO BLACKROCK BROKING PRIVATE LIMITED,INZ000327333,90452,3319,https://enit.nseindia.com/MemDirWeb/brokerDetailPage_Beta?memID=3319&h_MemType=members&memName=JIO%20BLACKROCK%20BROKING%20PRIVATE%20LIMITED
599,JIRAAF PLATFORM PRIVATE LIMITED,,90355,3226,https://enit.nseindia.com/MemDirWeb/brokerDetailPage_Beta?memID=3226&h_MemType=members&memName=JIRAAF%20PLATFORM%20PRIVATE%20LIMITED
600,JITENDRA PUKHRAJ JAIN,INZ000207615,6968,120,https://enit.nseindia.com/MemDirWeb/brokerDetailPage_Beta?memID=120&h_MemType=members&memName=JITENDRA%20PUKHRAJ%20JAIN
601,JK SECURITIES PVT. LTD.,INZ000174537,8239,513,https://enit.nseindia.com/MemDirWeb/brokerDetailPage_Beta?memID=513&h_MemType=members&memName=JK%20SECURITIES%20PVT.%20LTD.
602,JKB FINANCIAL SERVICES LIMITED,INZ000243934,14411,2775,https://enit.nseindia.com/MemDirWeb/brokerDetailPage_Beta?memID=2775&h_MemType=members&memName=JKB%20FINANCIAL%20SERVICES%20LIMITED
603,JM FINANCIAL INSTITUTIONAL SECURITIES LIMITED,INZ000163434,12966,317,https://enit.nseindia.com/MemDirWeb/brokerDetailPage_Beta?memID=317&h_MemType=members&memName=JM%20FINANCIAL%20INSTITUTIONAL%20SECURITIES%20LIMITED
604,JM FINANCIAL SERVICES LIMITED,INZ000195834,10548,359,https://enit.nseindia.com/MemDirWeb/brokerDetailPage_Beta?memID=359&h_MemType=members&memName=JM%20FINANCIAL%20SERVICES%20LIMITED
605,JMP SECURITIES PVT LTD,INZ000262133,11482,2161,https://enit.nseindia.com/MemDirWeb/brokerDetailPage_Beta?memID=2161&h_MemType=members&memName=JMP%20SECURITIES%20PVT%20LTD
606,JOINDRE CAPITAL SERVICES LTD,INZ000174034,7667,505,https://enit.nseindia.com/MemDirWeb/brokerDetailPage_Beta?memID=505&h_MemType=members&memName=JOINDRE%20CAPITAL%20SERVICES%20LTD
607,JPT SHARE SERVICES PRIVATE LIMITED,INZ000187834,90140,3016,https://enit.nseindia.com/MemDirWeb/brokerDetailPage_Beta?memID=3016&h_MemType=members&memName=JPT%20SHARE%20SERVICES%20PRIVATE%20LIMITED
608,JRK STOCK BROKING PRIVATE LIMITED,INZ000194836,12932,2142,https://enit.nseindia.com/MemDirWeb/brokerDetailPage_Beta?memID=2142&h_MemType=members&memName=JRK%20STOCK%20BROKING%20PRIVATE%20LIMITED
609,JSI INVESTMENTS PRIVATE LIMITED,INZ000300335,90354,3225,https://enit.nseindia.com/MemDirWeb/brokerDetailPage_Beta?memID=3225&h_MemType=members&memName=JSI%20INVESTMENTS%20PRIVATE%20LIMITED
610,JSK SECURITIES AND SERVICES PRIVATE LIMITED,INZ000319333,90424,3295,https://enit.nseindia.com/MemDirWeb/brokerDetailPage_Beta?memID=3295&h_MemType=members&memName=JSK%20SECURITIES%20AND%20SERVICES%20PRIVATE%20LIMITED
611,JULIUS BAER WEALTH ADVISORS (INDIA) PRIVATE LIMITED,INZ000008631,90034,2908,https://enit.nseindia.com/MemDirWeb/brokerDetailPage_Beta?memID=2908&h_MemType=members&memName=JULIUS%20BAER%20WEALTH%20ADVISORS%20%28INDIA%29%20PRIVATE%20LIMITED
612,JUMP TRADING FINANCIAL INDIA PRIVATE LIMITED,INZ000293234,90200,3077,https://enit.nseindia.com/MemDirWeb/brokerDetailPage_Beta?memID=3077&h_MemType=members&memName=JUMP%20TRADING%20FINANCIAL%20INDIA%20PRIVATE%20LIMITED
613,JUNJHARJI INVESTMENT PVT . LTD.,INZ000291231,7841,552,https://enit.nseindia.com/MemDirWeb/brokerDetailPage_Beta?memID=552&h_MemType=members&memName=JUNJHARJI%20INVESTMENT%20PVT%20.%20LTD.
614,JUNOMONETA FINSOL PRIVATE LIMITED,INZ000294230,90207,3084,https://enit.nseindia.com/MemDirWeb/brokerDetailPage_Beta?memID=3084&h_MemType=members&memName=JUNOMONETA%20FINSOL%20PRIVATE%20LIMITED
615,JUPITER STOCK BROKERS LTD.,INZ000250436,10250,275,https://enit.nseindia.com/MemDirWeb/brokerDetailPage_Beta?memID=275&h_MemType=members&memName=JUPITER%20STOCK%20BROKERS%20LTD.
616,JYOTI BROKING PRIVATE LIMITED,INZ000017939,7827,718,https://enit.nseindia.com/MemDirWeb/brokerDetailPage_Beta?memID=718&h_MemType=members&memName=JYOTI%20BROKING%20PRIVATE%20LIMITED
617,K DAMANI SECURITIES PRIVATE LIMITED,INZ000287337,11096,1719,https://enit.nseindia.com/MemDirWeb/brokerDetailPage_Beta?memID=1719&h_MemType=members&memName=K%20DAMANI%20SECURITIES%20PRIVATE%20LIMITED
618,K K SECURITIES LTD.,INZ000155732,7700,720,https://enit.nseindia.com/MemDirWeb/brokerDetailPage_Beta?memID=720&h_MemType=members&memName=K%20K%20SECURITIES%20LTD.
619,K K STOCK MANAGEMENT PVT. LTD.,INZ000239135,9607,2062,https://enit.nseindia.com/MemDirWeb/brokerDetailPage_Beta?memID=2062&h_MemType=members&memName=K%20K%20STOCK%20MANAGEMENT%20PVT.%20LTD.
620,K M JAIN STOCK BROKERS PRIVATE LIMITED,INZ000223637,9902,1949,https://enit.nseindia.com/MemDirWeb/brokerDetailPage_Beta?memID=1949&h_MemType=members&memName=K%20M%20JAIN%20STOCK%20BROKERS%20PRIVATE%20LIMITED
621,K2J STOCK BROKING SERVICES PRIVATE LIMITED,INZ000325733,90459,3326,https://enit.nseindia.com/MemDirWeb/brokerDetailPage_Beta?memID=3326&h_MemType=members&memName=K2J%20STOCK%20BROKING%20SERVICES%20PRIVATE%20LIMITED
622,KAI SECURITIES PRIVATE LIMITED,INZ000232632,11271,1861,https://enit.nseindia.com/MemDirWeb/brokerDetailPage_Beta?memID=1861&h_MemType=members&memName=KAI%20SECURITIES%20PRIVATE%20LIMITED
623,KALASH SHARES & SECURITIES PRIVATE LIMITED,INZ000274438,13290,2374,https://enit.nseindia.com/MemDirWeb/brokerDetailPage_Beta?memID=2374&h_MemType=members&memName=KALASH%20SHARES%20%26%20SECURITIES%20PRIVATE%20LIMITED
624,KALPALABDHI FINANCIALS PRIVATE LIMITED,INZ000171733,90149,3026,https://enit.nseindia.com/MemDirWeb/brokerDetailPage_Beta?memID=3026&h_MemType=members&memName=KALPALABDHI%20FINANCIALS%20PRIVATE%20LIMITED
625,KALPATARU MULTIPLIER LTD.,INZ000259437,11152,2114,https://enit.nseindia.com/MemDirWeb/brokerDetailPage_Beta?memID=2114&h_MemType=members&memName=KALPATARU%20MULTIPLIER%20LTD.
626,KALYNDA FINANCIAL ADVISORY PRIVATE LIMITED,INB231468530/INF231468530/INE231468530,14685,2813,https://enit.nseindia.com/MemDirWeb/brokerDetailPage_Beta?memID=2813&h_MemType=members&memName=KALYNDA%20FINANCIAL%20ADVISORY%20PRIVATE%20LIMITED
627,KANCO STOCK & SECURITIES PRIVATE LIMITED,INZ000317930,90371,3244,https://enit.nseindia.com/MemDirWeb/brokerDetailPage_Beta?memID=3244&h_MemType=members&memName=KANCO%20STOCK%20%26%20SECURITIES%20PRIVATE%20LIMITED
628,KANJALOCHANA FINSERVE PRIVATE LIMITED,INZ000303035,90246,3121,https://enit.nseindia.com/MemDirWeb/brokerDetailPage_Beta?memID=3121&h_MemType=members&memName=KANJALOCHANA%20FINSERVE%20PRIVATE%20LIMITED
629,KANTILAL CHHAGANLAL SECURITIES PRIVATE LIMITED,INZ000216538,9301,118,https://enit.nseindia.com/MemDirWeb/brokerDetailPage_Beta?memID=118&h_MemType=members&memName=KANTILAL%20CHHAGANLAL%20SECURITIES%20PRIVATE%20LIMITED
630,KAPILA SECURITIES PRIVATE LIMITED,INZ000181731,7826,722,https://enit.nseindia.com/MemDirWeb/brokerDetailPage_Beta?memID=722&h_MemType=members&memName=KAPILA%20SECURITIES%20PRIVATE%20LIMITED
631,KARAMAZOV QUANTS LLP,INZ000315955,90352,3223,https://enit.nseindia.com/MemDirWeb/brokerDetailPage_Beta?memID=3223&h_MemType=members&memName=KARAMAZOV%20QUANTS%20LLP
632,KARMA STOCK TRADE LIMITED,INB231382939/INF231382939/INE231382939,13829,2506,https://enit.nseindia.com/MemDirWeb/brokerDetailPage_Beta?memID=2506&h_MemType=members&memName=KARMA%20STOCK%20TRADE%20LIMITED
633,KARNA STOCK BROKING LLP,INZ000315657,90365,3237,https://enit.nseindia.com/MemDirWeb/brokerDetailPage_Beta?memID=3237&h_MemType=members&memName=KARNA%20STOCK%20BROKING%20LLP
634,KARUNA FINANCIAL SERVICES PVT. LTD,INZ000197038,12048,1894,https://enit.nseindia.com/MemDirWeb/brokerDetailPage_Beta?memID=1894&h_MemType=members&memName=KARUNA%20FINANCIAL%20SERVICES%20PVT.%20LTD
635,KARVY STOCK BROKING LTD.,INZ000172733,7701,860,https://enit.nseindia.com/MemDirWeb/brokerDetailPage_Beta?memID=860&h_MemType=members&memName=KARVY%20STOCK%20BROKING%20LTD.
636,KASAT SECURITIES PRIVATE LIMITED,INZ000275939,7546,953,https://enit.nseindia.com/MemDirWeb/brokerDetailPage_Beta?memID=953&h_MemType=members&memName=KASAT%20SECURITIES%20PRIVATE%20LIMITED
637,KAUSHIK SHAH SHARES & SECURITIES PVT LTD,INZ000256332,9397,1948,https://enit.nseindia.com/MemDirWeb/brokerDetailPage_Beta?memID=1948&h_MemType=members&memName=KAUSHIK%20SHAH%20SHARES%20%26%20SECURITIES%20PVT%20LTD
638,KAVIRAJ SECURITIES PRIVATE LIMITED,INZ000202035,11553,2090,https://enit.nseindia.com/MemDirWeb/brokerDetailPage_Beta?memID=2090&h_MemType=members&memName=KAVIRAJ%20SECURITIES%20PRIVATE%20LIMITED
639,KAYESS FOREX LLP,INZ000162356,13793,2817,https://enit.nseindia.com/MemDirWeb/brokerDetailPage_Beta?memID=2817&h_MemType=members&memName=KAYESS%20FOREX%20LLP
640,KAYNET FINANCE LIMITED,INB231276339/INF231276339/INE231276339,12763,954,https://enit.nseindia.com/MemDirWeb/brokerDetailPage_Beta?memID=954&h_MemType=members&memName=KAYNET%20FINANCE%20LIMITED
641,KB CAPITAL MARKETS PRIVATE LIMITED,INZ000250232,7765,553,https://enit.nseindia.com/MemDirWeb/brokerDetailPage_Beta?memID=553&h_MemType=members&memName=KB%20CAPITAL%20MARKETS%20PRIVATE%20LIMITED
642,KBS INDIA LIMITED,INZ000253131,9135,126,https://enit.nseindia.com/MemDirWeb/brokerDetailPage_Beta?memID=126&h_MemType=members&memName=KBS%20INDIA%20LIMITED
643,KEDAR BORGAONKAR SECURITIES PRIVATE LIMITED,INZ000306837,90270,3144,https://enit.nseindia.com/MemDirWeb/brokerDetailPage_Beta?memID=3144&h_MemType=members&memName=KEDAR%20BORGAONKAR%20SECURITIES%20PRIVATE%20LIMITED
644,KEDIA CAPITAL SERVICES PRIVATE LIMITED,INZ000042238,90136,3012,https://enit.nseindia.com/MemDirWeb/brokerDetailPage_Beta?memID=3012&h_MemType=members&memName=KEDIA%20CAPITAL%20SERVICES%20PRIVATE%20LIMITED
645,KEDIA SHARES & STOCKS BROKERS LIMITED,INZ000229638,11088,1664,https://enit.nseindia.com/MemDirWeb/brokerDetailPage_Beta?memID=1664&h_MemType=members&memName=KEDIA%20SHARES%20%26%20STOCKS%20BROKERS%20LIMITED
646,KELLTON SECURITIES PRIVATE LIMITED,INZ000254336,13361,986,https://enit.nseindia.com/MemDirWeb/brokerDetailPage_Beta?memID=986&h_MemType=members&memName=KELLTON%20SECURITIES%20PRIVATE%20LIMITED
647,KETAN V THAKKAR,INZ000097618,90101,2977,https://enit.nseindia.com/MemDirWeb/brokerDetailPage_Beta?memID=2977&h_MemType=members&memName=KETAN%20V%20THAKKAR
648,KEYNOTE CAPITALS LTD.,INZ000241530,9305,1137,https://enit.nseindia.com/MemDirWeb/brokerDetailPage_Beta?memID=1137&h_MemType=members&memName=KEYNOTE%20CAPITALS%20LTD.
649,KHAJANCHI & GANDHI STOCK BROKING PRIVATE LIMITED,INZ000275738,12107,1901,https://enit.nseindia.com/MemDirWeb/brokerDetailPage_Beta?memID=1901&h_MemType=members&memName=KHAJANCHI%20%26%20GANDHI%20STOCK%20BROKING%20PRIVATE%20LIMITED
650,KHAMBATTA SECURITIES LTD.,INZ000261131,9775,1743,https://enit.nseindia.com/MemDirWeb/brokerDetailPage_Beta?memID=1743&h_MemType=members&memName=KHAMBATTA%20SECURITIES%20LTD.
651,KHANDWALA SECURITIES LTD.,INZ000176837,6000,363,https://enit.nseindia.com/MemDirWeb/brokerDetailPage_Beta?memID=363&h_MemType=members&memName=KHANDWALA%20SECURITIES%20LTD.
652,KHOSLA TRADEWISE PRIVATE LIMITED,INZ000305931,90260,3136,https://enit.nseindia.com/MemDirWeb/brokerDetailPage_Beta?memID=3136&h_MemType=members&memName=KHOSLA%20TRADEWISE%20PRIVATE%20LIMITED
653,KIFS BROKING PRIVATE LIMITED,INZ000244957,90171,3048,https://enit.nseindia.com/MemDirWeb/brokerDetailPage_Beta?memID=3048&h_MemType=members&memName=KIFS%20BROKING%20PRIVATE%20LIMITED
654,KIFS STOCK BROKERS PRIVATE LIMITED,INZ000305638,90259,3135,https://enit.nseindia.com/MemDirWeb/brokerDetailPage_Beta?memID=3135&h_MemType=members&memName=KIFS%20STOCK%20BROKERS%20PRIVATE%20LIMITED
655,KIFS TRADE CAPITAL PRIVATE LIMITED,INZ000004234,7760,450,https://enit.nseindia.com/MemDirWeb/brokerDetailPage_Beta?memID=450&h_MemType=members&memName=KIFS%20TRADE%20CAPITAL%20PRIVATE%20LIMITED
656,KIMAYA SECURITIES & FINANCIAL SERVICES PVT. LTD.,INZ000201234,13514,2432,https://enit.nseindia.com/MemDirWeb/brokerDetailPage_Beta?memID=2432&h_MemType=members&memName=KIMAYA%20SECURITIES%20%26%20FINANCIAL%20SERVICES%20PVT.%20LTD.
657,KISHOR GHEVARCHAND JAIN,,,2350,https://enit.nseindia.com/MemDirWeb/brokerDetailPage_Beta?memID=2350&h_MemType=members&memName=KISHOR%20GHEVARCHAND%20JAIN
658,KIVI SECURITIES,INZ000157224,90114,2989,https://enit.nseindia.com/MemDirWeb/brokerDetailPage_Beta?memID=2989&h_MemType=members&memName=KIVI%20SECURITIES
659,KJMC CAPITAL MARKET SERVICES LIMITED,INZ000221631,7199,364,https://enit.nseindia.com/MemDirWeb/brokerDetailPage_Beta?memID=364&h_MemType=members&memName=KJMC%20CAPITAL%20MARKET%20SERVICES%20LIMITED
660,KLAY SECURITIES PRIVATE LIMITED,INZ000177934,90181,3058,https://enit.nseindia.com/MemDirWeb/brokerDetailPage_Beta?memID=3058&h_MemType=members&memName=KLAY%20SECURITIES%20PRIVATE%20LIMITED
661,KNA SHARE BROKERS PRIVATE LIMITED,INZ000198538,14193,554,https://enit.nseindia.com/MemDirWeb/brokerDetailPage_Beta?memID=554&h_MemType=members&memName=KNA%20SHARE%20BROKERS%20PRIVATE%20LIMITED
662,KOTAK MAHINDRA BANK LTD.,INZ000276847,13085,1884,https://enit.nseindia.com/MemDirWeb/brokerDetailPage_Beta?memID=1884&h_MemType=members&memName=KOTAK%20MAHINDRA%20BANK%20LTD.
663,KOTAK SECURITIES LTD.,INZ000200137,8081,291,https://enit.nseindia.com/MemDirWeb/brokerDetailPage_Beta?memID=291&h_MemType=members&memName=KOTAK%20SECURITIES%20LTD.
664,KRANT NARAIN AGNANI,INZ000267312,6562,133,https://enit.nseindia.com/MemDirWeb/brokerDetailPage_Beta?memID=133&h_MemType=members&memName=KRANT%20NARAIN%20AGNANI
665,KRCHOKSEY SHARES AND SECURITIES PRIVATE LIMITED,INZ000181135,9758,132,https://enit.nseindia.com/MemDirWeb/brokerDetailPage_Beta?memID=132&h_MemType=members&memName=KRCHOKSEY%20SHARES%20AND%20SECURITIES%20PRIVATE%20LIMITED
666,KREDENT TRADING LLP,INZ000014332,90071,2949,https://enit.nseindia.com/MemDirWeb/brokerDetailPage_Beta?memID=2949&h_MemType=members&memName=KREDENT%20TRADING%20LLP
667,KRIPA SECURITIES PRIVATE LIMITED,INZ000179335,11206,1699,https://enit.nseindia.com/MemDirWeb/brokerDetailPage_Beta?memID=1699&h_MemType=members&memName=KRIPA%20SECURITIES%20PRIVATE%20LIMITED
668,KRISHA INCAP SERVICES PVT.LTD.,INZ000014530,8235,507,https://enit.nseindia.com/MemDirWeb/brokerDetailPage_Beta?memID=507&h_MemType=members&memName=KRISHA%20INCAP%20SERVICES%20PVT.LTD.
669,KSBL SECURITIES LIMITED,INZ000104638,14365,727,https://enit.nseindia.com/MemDirWeb/brokerDetailPage_Beta?memID=727&h_MemType=members&memName=KSBL%20SECURITIES%20LIMITED
670,KSN CREDENCE COMMODITIES TRADING PRIVATE LIMITED,INZ000178736,90358,3230,https://enit.nseindia.com/MemDirWeb/brokerDetailPage_Beta?memID=3230&h_MemType=members&memName=KSN%20CREDENCE%20COMMODITIES%20TRADING%20PRIVATE%20LIMITED
671,KUMAR V JAHGIRDAR,INB230174615/INF230174615,1746,485,https://enit.nseindia.com/MemDirWeb/brokerDetailPage_Beta?memID=485&h_MemType=members&memName=KUMAR%20V%20JAHGIRDAR
672,KUNVARJI FINSTOCK PVT. LTD.,INZ000180436,10195,1944,https://enit.nseindia.com/MemDirWeb/brokerDetailPage_Beta?memID=1944&h_MemType=members&memName=KUNVARJI%20FINSTOCK%20PVT.%20LTD.
673,L.D.K. SHARES & SECURITIES PRIVATE LIMITED,INZ000269834,11603,1810,https://enit.nseindia.com/MemDirWeb/brokerDetailPage_Beta?memID=1810&h_MemType=members&memName=L.D.K.%20SHARES%20%26%20SECURITIES%20PRIVATE%20LIMITED
674,L.F.C. SECURITIES PRIVATE LIMITED,INZ000170736,9228,1005,https://enit.nseindia.com/MemDirWeb/brokerDetailPage_Beta?memID=1005&h_MemType=members&memName=L.F.C.%20SECURITIES%20PRIVATE%20LIMITED
675,LAKSHMISHREE INVESTMENT AND SECURITIES LTD,INZ000170330,12817,2060,https://enit.nseindia.com/MemDirWeb/brokerDetailPage_Beta?memID=2060&h_MemType=members&memName=LAKSHMISHREE%20INVESTMENT%20AND%20SECURITIES%20LTD
676,LALKAR SECURITIES PRIVATE LIMITED,INZ000269434,9911,1979,https://enit.nseindia.com/MemDirWeb/brokerDetailPage_Beta?memID=1979&h_MemType=members&memName=LALKAR%20SECURITIES%20PRIVATE%20LIMITED
677,LARES ALGOTECH INDIA PRIVATE LIMITED,INZ000316732,90367,3239,https://enit.nseindia.com/MemDirWeb/brokerDetailPage_Beta?memID=3239&h_MemType=members&memName=LARES%20ALGOTECH%20INDIA%20PRIVATE%20LIMITED
678,LARK CONSULTANCY PRIVATE LIMITED,INZ000212036,90317,3188,https://enit.nseindia.com/MemDirWeb/brokerDetailPage_Beta?memID=3188&h_MemType=members&memName=LARK%20CONSULTANCY%20PRIVATE%20LIMITED
679,LATIN MANHARLAL SECURITIES PVT. LTD.,INZ000208631,10720,1686,https://enit.nseindia.com/MemDirWeb/brokerDetailPage_Beta?memID=1686&h_MemType=members&memName=LATIN%20MANHARLAL%20SECURITIES%20PVT.%20LTD.
680,LAUNCHPAD FINTECH PRIVATE LIMITED,,90329,3199,https://enit.nseindia.com/MemDirWeb/brokerDetailPage_Beta?memID=3199&h_MemType=members&memName=LAUNCHPAD%20FINTECH%20PRIVATE%20LIMITED
681,LAUREL SECURITIES PVT. LTD,INZ000216837,8858,558,https://enit.nseindia.com/MemDirWeb/brokerDetailPage_Beta?memID=558&h_MemType=members&memName=LAUREL%20SECURITIES%20PVT.%20LTD
682,LAVANAYA SECURITIES & TECHNOLOGIES PRIVATE LIMITED,INZ000311338,90313,3183,https://enit.nseindia.com/MemDirWeb/brokerDetailPage_Beta?memID=3183&h_MemType=members&memName=LAVANAYA%20SECURITIES%20%26%20TECHNOLOGIES%20PRIVATE%20LIMITED
683,LEO FINANCIAL SERVICES LTD.,INZ000276734,8534,731,https://enit.nseindia.com/MemDirWeb/brokerDetailPage_Beta?memID=731&h_MemType=members&memName=LEO%20FINANCIAL%20SERVICES%20LTD.
684,LGT CAPITAL MARKETS PRIVATE LIMITED,INZ000319637,90395,3268,https://enit.nseindia.com/MemDirWeb/brokerDetailPage_Beta?memID=3268&h_MemType=members&memName=LGT%20CAPITAL%20MARKETS%20PRIVATE%20LIMITED
685,LIBORD BROKERAGE PVT. LTD.,INZ000006536,90125,2996,https://enit.nseindia.com/MemDirWeb/brokerDetailPage_Beta?memID=2996&h_MemType=members&memName=LIBORD%20BROKERAGE%20PVT.%20LTD.
686,LIBRA HOLDINGS PVT. LTD,INZ000203432,9972,294,https://enit.nseindia.com/MemDirWeb/brokerDetailPage_Beta?memID=294&h_MemType=members&memName=LIBRA%20HOLDINGS%20PVT.%20LTD
687,LIQUIBONDS INDIA PVT LTD,,90453,3320,https://enit.nseindia.com/MemDirWeb/brokerDetailPage_Beta?memID=3320&h_MemType=members&memName=LIQUIBONDS%20INDIA%20PVT%20LTD
688,LKP SECURITIES LTD.,INZ000216033,7200,367,https://enit.nseindia.com/MemDirWeb/brokerDetailPage_Beta?memID=367&h_MemType=members&memName=LKP%20SECURITIES%20LTD.
689,LOHIA SECURITIES LTD.,INZ000202639,7778,559,https://enit.nseindia.com/MemDirWeb/brokerDetailPage_Beta?memID=559&h_MemType=members&memName=LOHIA%20SECURITIES%20LTD.
690,LOKNATH SARAF SECURITIES PVT. LTD.,INZ000292736,10180,1696,https://enit.nseindia.com/MemDirWeb/brokerDetailPage_Beta?memID=1696&h_MemType=members&memName=LOKNATH%20SARAF%20SECURITIES%20PVT.%20LTD.
691,LOTUS  CAPITAL,INZ000291411,90193,3070,https://enit.nseindia.com/MemDirWeb/brokerDetailPage_Beta?memID=3070&h_MemType=members&memName=LOTUS%20%20CAPITAL
692,LOTUS GLOBAL EQUITIES PRIVATE LIMITED,INZ000261833,12984,139,https://enit.nseindia.com/MemDirWeb/brokerDetailPage_Beta?memID=139&h_MemType=members&memName=LOTUS%20GLOBAL%20EQUITIES%20PRIVATE%20LIMITED
693,LOTUSDEW SECURITIES PRIVATE LTD,INZ000306935,90272,3146,https://enit.nseindia.com/MemDirWeb/brokerDetailPage_Beta?memID=3146&h_MemType=members&memName=LOTUSDEW%20SECURITIES%20PRIVATE%20LTD
694,LPC SECURITIES PVT LTD,INZ000008938,9583,136,https://enit.nseindia.com/MemDirWeb/brokerDetailPage_Beta?memID=136&h_MemType=members&memName=LPC%20SECURITIES%20PVT%20LTD
695,LSC SECURITIES LIMITED,INZ000081836,10870,1473,https://enit.nseindia.com/MemDirWeb/brokerDetailPage_Beta?memID=1473&h_MemType=members&memName=LSC%20SECURITIES%20LIMITED
696,LYONS RANGE SHARE BROKING PVT.  LTD.,INZ000210132,90146,3023,https://enit.nseindia.com/MemDirWeb/brokerDetailPage_Beta?memID=3023&h_MemType=members&memName=LYONS%20RANGE%20SHARE%20BROKING%20PVT.%20%20LTD.
697,M ASHOK MOOTHA,INB230138915,1389,994,https://enit.nseindia.com/MemDirWeb/brokerDetailPage_Beta?memID=994&h_MemType=members&memName=M%20ASHOK%20MOOTHA
698,M G CAPITAL SERVICES LTD.,INB230701235/INF230701235,7012,736,https://enit.nseindia.com/MemDirWeb/brokerDetailPage_Beta?memID=736&h_MemType=members&memName=M%20G%20CAPITAL%20SERVICES%20LTD.
699,M J PATEL SHARE & STOCK BROKERS LIMITED,INZ000218338,9892,2124,https://enit.nseindia.com/MemDirWeb/brokerDetailPage_Beta?memID=2124&h_MemType=members&memName=M%20J%20PATEL%20SHARE%20%26%20STOCK%20BROKERS%20LIMITED
700,M. PRASAD & CO LIMITED,INZ000232436,90091,2967,https://enit.nseindia.com/MemDirWeb/brokerDetailPage_Beta?memID=2967&h_MemType=members&memName=M.%20PRASAD%20%26%20CO%20LIMITED
701,M.D. OVERSEAS PRIVATE LIMITED,INZ000054933,90170,3046,https://enit.nseindia.com/MemDirWeb/brokerDetailPage_Beta?memID=3046&h_MemType=members&memName=M.D.%20OVERSEAS%20PRIVATE%20LIMITED
702,MACONOCHIE & CO.,INZ000206024,4532,2562,https://enit.nseindia.com/MemDirWeb/brokerDetailPage_Beta?memID=2562&h_MemType=members&memName=MACONOCHIE%20%26%20CO.
703,MACQUARIE CAPITAL SECURITIES (INDIA) PVT. LTD.,INZ000243533,12467,985,https://enit.nseindia.com/MemDirWeb/brokerDetailPage_Beta?memID=985&h_MemType=members&memName=MACQUARIE%20CAPITAL%20SECURITIES%20%28INDIA%29%20PVT.%20LTD.
704,MACY SHARES & STOCK BROKERS PRIVATE LIMITED,INZ000271830,7140,102,https://enit.nseindia.com/MemDirWeb/brokerDetailPage_Beta?memID=102&h_MemType=members&memName=MACY%20SHARES%20%26%20STOCK%20BROKERS%20PRIVATE%20LIMITED
705,MADHAV STOCK VISION (P) LTD.,INZ000278135,10977,1494,https://enit.nseindia.com/MemDirWeb/brokerDetailPage_Beta?memID=1494&h_MemType=members&memName=MADHAV%20STOCK%20VISION%20%28P%29%20LTD.
706,MADHUVAN SECURITIES PRIVATE LIMITED,INZ000261738,8233,453,https://enit.nseindia.com/MemDirWeb/brokerDetailPage_Beta?memID=453&h_MemType=members&memName=MADHUVAN%20SECURITIES%20PRIVATE%20LIMITED
707,MAGNUM EQUITY BROKING LIMITED,INZ000172031,6529,149,https://enit.nseindia.com/MemDirWeb/brokerDetailPage_Beta?memID=149&h_MemType=members&memName=MAGNUM%20EQUITY%20BROKING%20LIMITED
708,MAGNUM EQUITY SERVICES LTD.,INZ000207336,9652,141,https://enit.nseindia.com/MemDirWeb/brokerDetailPage_Beta?memID=141&h_MemType=members&memName=MAGNUM%20EQUITY%20SERVICES%20LTD.
709,MAHARATNA SECURITIES PRIVATE LIMITED,INZ000303733,90254,3130,https://enit.nseindia.com/MemDirWeb/brokerDetailPage_Beta?memID=3130&h_MemType=members&memName=MAHARATNA%20SECURITIES%20PRIVATE%20LIMITED
710,MAHESHWARI EQUITY SERVICES (P) LIMITED,INZ000211236,11835,2302,https://enit.nseindia.com/MemDirWeb/brokerDetailPage_Beta?memID=2302&h_MemType=members&memName=MAHESHWARI%20EQUITY%20SERVICES%20%28P%29%20LIMITED
711,MAITRA COMMODITIES PVT LTD,INZ000074139,90175,3052,https://enit.nseindia.com/MemDirWeb/brokerDetailPage_Beta?memID=3052&h_MemType=members&memName=MAITRA%20COMMODITIES%20PVT%20LTD
712,MAJORTREND CAPITAL PRIVATE LIMITED,INZ000158634,12895,2109,https://enit.nseindia.com/MemDirWeb/brokerDetailPage_Beta?memID=2109&h_MemType=members&memName=MAJORTREND%20CAPITAL%20PRIVATE%20LIMITED
713,MALIK AND JAIN SECURITIES PVT LTD,INZ000318637,90415,3286,https://enit.nseindia.com/MemDirWeb/brokerDetailPage_Beta?memID=3286&h_MemType=members&memName=MALIK%20AND%20JAIN%20SECURITIES%20PVT%20LTD
714,MALIRAM MAKHARIA FINSTOCK PVT. LTD,INZ000295634,10756,609,https://enit.nseindia.com/MemDirWeb/brokerDetailPage_Beta?memID=609&h_MemType=members&memName=MALIRAM%20MAKHARIA%20FINSTOCK%20PVT.%20LTD
715,MALOO EQUITRADE,INZ000204036,12945,2151,https://enit.nseindia.com/MemDirWeb/brokerDetailPage_Beta?memID=2151&h_MemType=members&memName=MALOO%20EQUITRADE
716,MANALI TRADING & HOLDINGS PRIVATE LIMITED,INZ000283837,8859,146,https://enit.nseindia.com/MemDirWeb/brokerDetailPage_Beta?memID=146&h_MemType=members&memName=MANALI%20TRADING%20%26%20HOLDINGS%20PRIVATE%20LIMITED
717,MANASHVI SECURITIES LIMITED,INZ000225733,9820,2028,https://enit.nseindia.com/MemDirWeb/brokerDetailPage_Beta?memID=2028&h_MemType=members&memName=MANASHVI%20SECURITIES%20LIMITED
718,MANDHANI INVESTMENTS,,,3161,https://enit.nseindia.com/MemDirWeb/brokerDetailPage_Beta?memID=3161&h_MemType=members&memName=MANDHANI%20INVESTMENTS
719,MANDOT SECURITIES PRIVATE LIMITED,INZ000007435,90055,2928,https://enit.nseindia.com/MemDirWeb/brokerDetailPage_Beta?memID=2928&h_MemType=members&memName=MANDOT%20SECURITIES%20PRIVATE%20LIMITED
720,MANGAL KESHAV FINANCIAL SERVICES LLP,INZ000166334,9774,940,https://enit.nseindia.com/MemDirWeb/brokerDetailPage_Beta?memID=940&h_MemType=members&memName=MANGAL%20KESHAV%20FINANCIAL%20SERVICES%20LLP
721,MANIPAL STOCK & SHARE BROKERS LTD.,INZ000188032,8567,487,https://enit.nseindia.com/MemDirWeb/brokerDetailPage_Beta?memID=487&h_MemType=members&memName=MANIPAL%20STOCK%20%26%20SHARE%20BROKERS%20LTD.
722,MANOG SECURITIES PRIVATE LIMITED,INZ000278434,7932,739,https://enit.nseindia.com/MemDirWeb/brokerDetailPage_Beta?memID=739&h_MemType=members&memName=MANOG%20SECURITIES%20PRIVATE%20LIMITED
723,MANSATA SECURITIES PRIVATE LIMITED,INB231447831/INF231447831/INE231447831,14478,2804,https://enit.nseindia.com/MemDirWeb/brokerDetailPage_Beta?memID=2804&h_MemType=members&memName=MANSATA%20SECURITIES%20PRIVATE%20LIMITED
724,MANSI SHARE & STOCK BROKING PRIVATE LIMITED,INZ000247433,12972,2131,https://enit.nseindia.com/MemDirWeb/brokerDetailPage_Beta?memID=2131&h_MemType=members&memName=MANSI%20SHARE%20%26%20STOCK%20BROKING%20PRIVATE%20LIMITED
725,MANSUKH SECURITIES & FINANCE LIMITED,INZ000164537,7814,740,https://enit.nseindia.com/MemDirWeb/brokerDetailPage_Beta?memID=740&h_MemType=members&memName=MANSUKH%20SECURITIES%20%26%20FINANCE%20LIMITED
726,MANU STOCK BROKING PRIVATE LIMITED,INZ000201738,12699,2016,https://enit.nseindia.com/MemDirWeb/brokerDetailPage_Beta?memID=2016&h_MemType=members&memName=MANU%20STOCK%20BROKING%20PRIVATE%20LIMITED
727,MANUBHAI MANGALDAS SECURITIES PVT. LTD.,INZ000194236,9837,1573,https://enit.nseindia.com/MemDirWeb/brokerDetailPage_Beta?memID=1573&h_MemType=members&memName=MANUBHAI%20MANGALDAS%20SECURITIES%20PVT.%20LTD.
728,MANYOG SECURITIES PRIVATE LIMITED,INZ000284039,13339,2289,https://enit.nseindia.com/MemDirWeb/brokerDetailPage_Beta?memID=2289&h_MemType=members&memName=MANYOG%20SECURITIES%20PRIVATE%20LIMITED
729,MARCK SECURITIES PVT. LTD.,INZ000217638,11071,1633,https://enit.nseindia.com/MemDirWeb/brokerDetailPage_Beta?memID=1633&h_MemType=members&memName=MARCK%20SECURITIES%20PVT.%20LTD.
730,MARFATIA STOCK BROKING PRIVATE LIMITED,INZ000215330,11925,1924,https://enit.nseindia.com/MemDirWeb/brokerDetailPage_Beta?memID=1924&h_MemType=members&memName=MARFATIA%20STOCK%20BROKING%20PRIVATE%20LIMITED
731,MARKET CREATORS LIMITED,INZ000206338,6962,152,https://enit.nseindia.com/MemDirWeb/brokerDetailPage_Beta?memID=152&h_MemType=members&memName=MARKET%20CREATORS%20LIMITED
732,MARKET PULSE SECURITIES PRIVATE LIMITED,INZ000300936,90253,3129,https://enit.nseindia.com/MemDirWeb/brokerDetailPage_Beta?memID=3129&h_MemType=members&memName=MARKET%20PULSE%20SECURITIES%20PRIVATE%20LIMITED
733,MARKET-HUB STOCK BROKING PRIVATE LIMITED,INZ000211837,13727,2455,https://enit.nseindia.com/MemDirWeb/brokerDetailPage_Beta?memID=2455&h_MemType=members&memName=MARKET-HUB%20STOCK%20BROKING%20PRIVATE%20LIMITED
734,MARKETWOLF SECURITIES PRIVATE LIMITED,INZ000228534,90166,3042,https://enit.nseindia.com/MemDirWeb/brokerDetailPage_Beta?memID=3042&h_MemType=members&memName=MARKETWOLF%20SECURITIES%20PRIVATE%20LIMITED
735,MARWADI CHANDARANA INTERMEDIARIES BROKERS PRIVATE LIMITED,INZ000250531,90197,3074,https://enit.nseindia.com/MemDirWeb/brokerDetailPage_Beta?memID=3074&h_MemType=members&memName=MARWADI%20CHANDARANA%20INTERMEDIARIES%20BROKERS%20PRIVATE%20LIMITED
736,MARWADI SHARES AND FINANCE LIMITED,INZ000174730,8760,980,https://enit.nseindia.com/MemDirWeb/brokerDetailPage_Beta?memID=980&h_MemType=members&memName=MARWADI%20SHARES%20AND%20FINANCE%20LIMITED
737,MASTER CAPITAL SERVICES LIMITED,INZ000210539,6436,153,https://enit.nseindia.com/MemDirWeb/brokerDetailPage_Beta?memID=153&h_MemType=members&memName=MASTER%20CAPITAL%20SERVICES%20LIMITED
738,MASTER PORTFOLIO SERVICES LIMITED,INZ000328234,90466,3332,https://enit.nseindia.com/MemDirWeb/brokerDetailPage_Beta?memID=3332&h_MemType=members&memName=MASTER%20PORTFOLIO%20SERVICES%20LIMITED
739,MASTER PORTFOLIO SERVICES LTD,,,3204,https://enit.nseindia.com/MemDirWeb/brokerDetailPage_Beta?memID=3204&h_MemType=members&memName=MASTER%20PORTFOLIO%20SERVICES%20LTD
740,MATA SECURITIES INDIA PVT. LTD.,INZ000264636,6071,371,https://enit.nseindia.com/MemDirWeb/brokerDetailPage_Beta?memID=371&h_MemType=members&memName=MATA%20SECURITIES%20INDIA%20PVT.%20LTD.
741,MATALIA STOCK BROKING PVT. LTD.,INZ000184932,12086,2088,https://enit.nseindia.com/MemDirWeb/brokerDetailPage_Beta?memID=2088&h_MemType=members&memName=MATALIA%20STOCK%20BROKING%20PVT.%20LTD.
742,MATHISYS QUANTCAP LLP,INZ000176759,90137,3010,https://enit.nseindia.com/MemDirWeb/brokerDetailPage_Beta?memID=3010&h_MemType=members&memName=MATHISYS%20QUANTCAP%20LLP
743,MATHRAN SECURITIES PRIVATE LIMITED,INZ000205835,7079,562,https://enit.nseindia.com/MemDirWeb/brokerDetailPage_Beta?memID=562&h_MemType=members&memName=MATHRAN%20SECURITIES%20PRIVATE%20LIMITED
744,MATRIX EQUITRADE PRIVATE LIMITED,INZ000264236,11828,1855,https://enit.nseindia.com/MemDirWeb/brokerDetailPage_Beta?memID=1855&h_MemType=members&memName=MATRIX%20EQUITRADE%20PRIVATE%20LIMITED
745,MATTERHORN BROKING SERVICES PRIVATE LIMITED,INZ000324733,90426,3297,https://enit.nseindia.com/MemDirWeb/brokerDetailPage_Beta?memID=3297&h_MemType=members&memName=MATTERHORN%20BROKING%20SERVICES%20PRIVATE%20LIMITED
746,MAUZAMPURIA SECURITIES,INZ000272623,14146,2533,https://enit.nseindia.com/MemDirWeb/brokerDetailPage_Beta?memID=2533&h_MemType=members&memName=MAUZAMPURIA%20SECURITIES
747,MAVERICK SHARE BROKERS  PRIVATE LIMITED,INZ000103531,11604,1836,https://enit.nseindia.com/MemDirWeb/brokerDetailPage_Beta?memID=1836&h_MemType=members&memName=MAVERICK%20SHARE%20BROKERS%20%20PRIVATE%20LIMITED
748,MAX PLANWEALTH SECURITIES LIMITED,INB231439135/INF231439135/INE231439135,14391,2777,https://enit.nseindia.com/MemDirWeb/brokerDetailPage_Beta?memID=2777&h_MemType=members&memName=MAX%20PLANWEALTH%20SECURITIES%20LIMITED
749,MAX STOCK BROKING PRIVATE LIMITED,INZ000280532,13010,2184,https://enit.nseindia.com/MemDirWeb/brokerDetailPage_Beta?memID=2184&h_MemType=members&memName=MAX%20STOCK%20BROKING%20PRIVATE%20LIMITED
750,MAXIMUS SECURITIES LIMITED,INZ000243136,5988,369,https://enit.nseindia.com/MemDirWeb/brokerDetailPage_Beta?memID=369&h_MemType=members&memName=MAXIMUS%20SECURITIES%20LIMITED
751,MAXIZO TRADING LLP,INZ000180555,90130,3004,https://enit.nseindia.com/MemDirWeb/brokerDetailPage_Beta?memID=3004&h_MemType=members&memName=MAXIZO%20TRADING%20LLP
752,MAYUR SHARE BROKING PVT. LTD.,INB231379133/INF231379133/INE231379133,13791,2495,https://enit.nseindia.com/MemDirWeb/brokerDetailPage_Beta?memID=2495&h_MemType=members&memName=MAYUR%20SHARE%20BROKING%20PVT.%20LTD.
753,MBL & COMPANY LTD.,INZ000289536,10047,1887,https://enit.nseindia.com/MemDirWeb/brokerDetailPage_Beta?memID=1887&h_MemType=members&memName=MBL%20%26%20COMPANY%20LTD.
754,MEFCOM SECURITIES LTD.,INZ000252932,9032,154,https://enit.nseindia.com/MemDirWeb/brokerDetailPage_Beta?memID=154&h_MemType=members&memName=MEFCOM%20SECURITIES%20LTD.
755,MEGHVARSHA SECURITIES PVT. LTD.,INB230876837/INF230876837,8768,979,https://enit.nseindia.com/MemDirWeb/brokerDetailPage_Beta?memID=979&h_MemType=members&memName=MEGHVARSHA%20SECURITIES%20PVT.%20LTD.
756,MEHTA EQUITIES LIMITED,INZ000175334,13512,243,https://enit.nseindia.com/MemDirWeb/brokerDetailPage_Beta?memID=243&h_MemType=members&memName=MEHTA%20EQUITIES%20LIMITED
757,MEHTA SECURITIES LTD.,INZ000212535,6759,157,https://enit.nseindia.com/MemDirWeb/brokerDetailPage_Beta?memID=157&h_MemType=members&memName=MEHTA%20SECURITIES%20LTD.
758,MEHTA VAKIL & CO.PVT. LTD.,INZ000233031,9796,1914,https://enit.nseindia.com/MemDirWeb/brokerDetailPage_Beta?memID=1914&h_MemType=members&memName=MEHTA%20VAKIL%20%26%20CO.PVT.%20LTD.
759,MESH STOCK BROKERS PRIVATE LIMITED,INZ000222733,12692,2024,https://enit.nseindia.com/MemDirWeb/brokerDetailPage_Beta?memID=2024&h_MemType=members&memName=MESH%20STOCK%20BROKERS%20PRIVATE%20LIMITED
760,MI STOCK BROKING PRIVATE LIMITED,INZ000263437,14062,2534,https://enit.nseindia.com/MemDirWeb/brokerDetailPage_Beta?memID=2534&h_MemType=members&memName=MI%20STOCK%20BROKING%20PRIVATE%20LIMITED
761,MIB SECURITIES INDIA PRIVATE LIMITED,INZ000010538,12893,2111,https://enit.nseindia.com/MemDirWeb/brokerDetailPage_Beta?memID=2111&h_MemType=members&memName=MIB%20SECURITIES%20INDIA%20PRIVATE%20LIMITED
762,MICROCURVES TRADING PRIVATE LIMITED,INZ000298936,90224,3101,https://enit.nseindia.com/MemDirWeb/brokerDetailPage_Beta?memID=3101&h_MemType=members&memName=MICROCURVES%20TRADING%20PRIVATE%20LIMITED
763,MIDAS GLOBAL SECURITIES LTD.,INZ000290531,8382,802,https://enit.nseindia.com/MemDirWeb/brokerDetailPage_Beta?memID=802&h_MemType=members&memName=MIDAS%20GLOBAL%20SECURITIES%20LTD.
764,MIDEAST INVESTMENTS PVT. LTD.,INB230852733,8527,864,https://enit.nseindia.com/MemDirWeb/brokerDetailPage_Beta?memID=864&h_MemType=members&memName=MIDEAST%20INVESTMENTS%20PVT.%20LTD.
765,MILAN MAHENDRA SECURITIES PVT. LTD.,INB230994833,9948,160,https://enit.nseindia.com/MemDirWeb/brokerDetailPage_Beta?memID=160&h_MemType=members&memName=MILAN%20MAHENDRA%20SECURITIES%20PVT.%20LTD.
766,MILI CONSULTANTS & INVESTMENT PRIVATE LIMITED,INZ000252637,6548,161,https://enit.nseindia.com/MemDirWeb/brokerDetailPage_Beta?memID=161&h_MemType=members&memName=MILI%20CONSULTANTS%20%26%20INVESTMENT%20PRIVATE%20LIMITED
767,MILLENNIUM STOCK BROKING PVT. LTD.,INZ000182435,11298,1723,https://enit.nseindia.com/MemDirWeb/brokerDetailPage_Beta?memID=1723&h_MemType=members&memName=MILLENNIUM%20STOCK%20BROKING%20PVT.%20LTD.
768,MINDEX CAPITAL MARKET PRIVATE LIMITED,INZ000181235,90027,2904,https://enit.nseindia.com/MemDirWeb/brokerDetailPage_Beta?memID=2904&h_MemType=members&memName=MINDEX%20CAPITAL%20MARKET%20PRIVATE%20LIMITED
769,MINIX FINTECH PRIVATE LIMITED,INZ000326734,90442,3311,https://enit.nseindia.com/MemDirWeb/brokerDetailPage_Beta?memID=3311&h_MemType=members&memName=MINIX%20FINTECH%20PRIVATE%20LIMITED
770,MINTCAP BROKERS PRIVATE LIMITED,INZ000322732,90430,3299,https://enit.nseindia.com/MemDirWeb/brokerDetailPage_Beta?memID=3299&h_MemType=members&memName=MINTCAP%20BROKERS%20PRIVATE%20LIMITED
771,MIRACLES FIN-TECH PRIVATE LIMITED,INZ000313434,90323,3193,https://enit.nseindia.com/MemDirWeb/brokerDetailPage_Beta?memID=3193&h_MemType=members&memName=MIRACLES%20FIN-TECH%20PRIVATE%20LIMITED
772,MIRAE ASSET CAPITAL MARKETS ( INDIA ) PRIVATE LIMITED,INZ000163138,90144,3022,https://enit.nseindia.com/MemDirWeb/brokerDetailPage_Beta?memID=3022&h_MemType=members&memName=MIRAE%20ASSET%20CAPITAL%20MARKETS%20%28%20INDIA%20%29%20PRIVATE%20LIMITED
773,MITHUN SECURITIES PVT. LTD.,INZ000188632,7709,747,https://enit.nseindia.com/MemDirWeb/brokerDetailPage_Beta?memID=747&h_MemType=members&memName=MITHUN%20SECURITIES%20PVT.%20LTD.
774,MITTAL SECURITIES PVT LTD,INZ000288039,6531,162,https://enit.nseindia.com/MemDirWeb/brokerDetailPage_Beta?memID=162&h_MemType=members&memName=MITTAL%20SECURITIES%20PVT%20LTD
775,MK CHANDAN BROKING LIMITED,INZ000177733,13200,2266,https://enit.nseindia.com/MemDirWeb/brokerDetailPage_Beta?memID=2266&h_MemType=members&memName=MK%20CHANDAN%20BROKING%20LIMITED
776,MLB CAPITAL PRIVATE LIMITED,INZ000280737,14451,761,https://enit.nseindia.com/MemDirWeb/brokerDetailPage_Beta?memID=761&h_MemType=members&memName=MLB%20CAPITAL%20PRIVATE%20LIMITED
777,MLB SECURITIES LTD.,INZ000283735,7786,565,https://enit.nseindia.com/MemDirWeb/brokerDetailPage_Beta?memID=565&h_MemType=members&memName=MLB%20SECURITIES%20LTD.
778,MLB STOCK BROKING PRIVATE LIMITED,INZ000305131,90252,3128,https://enit.nseindia.com/MemDirWeb/brokerDetailPage_Beta?memID=3128&h_MemType=members&memName=MLB%20STOCK%20BROKING%20PRIVATE%20LIMITED
779,MMJ CLASSIC SECURITIES,INB230662323,6623,163,https://enit.nseindia.com/MemDirWeb/brokerDetailPage_Beta?memID=163&h_MemType=members&memName=MMJ%20CLASSIC%20SECURITIES
780,MNM STOCK BROKING  PVT LTD,INZ000001933,90080,2957,https://enit.nseindia.com/MemDirWeb/brokerDetailPage_Beta?memID=2957&h_MemType=members&memName=MNM%20STOCK%20BROKING%20%20PVT%20LTD
781,MOAT FINANCIAL SERVICES PVT LTD,INZ000014431,90086,2964,https://enit.nseindia.com/MemDirWeb/brokerDetailPage_Beta?memID=2964&h_MemType=members&memName=MOAT%20FINANCIAL%20SERVICES%20PVT%20LTD
782,MOBIKWIK SECURITIES BROKING PRIVATE LIMITED,INZ000327535,90455,3322,https://enit.nseindia.com/MemDirWeb/brokerDetailPage_Beta?memID=3322&h_MemType=members&memName=MOBIKWIK%20SECURITIES%20BROKING%20PRIVATE%20LIMITED
783,MODERN HOLDINGS (P) LTD,INB230713830,7138,164,https://enit.nseindia.com/MemDirWeb/brokerDetailPage_Beta?memID=164&h_MemType=members&memName=MODERN%20HOLDINGS%20%28P%29%20LTD
784,MODERN SHARES & STOCK BROKERS LTD,INZ000235036,6811,165,https://enit.nseindia.com/MemDirWeb/brokerDetailPage_Beta?memID=165&h_MemType=members&memName=MODERN%20SHARES%20%26%20STOCK%20BROKERS%20LTD
785,MODEX INTERNATIONAL SECURITIES LTD.,INZ000211434,8775,748,https://enit.nseindia.com/MemDirWeb/brokerDetailPage_Beta?memID=748&h_MemType=members&memName=MODEX%20INTERNATIONAL%20SECURITIES%20LTD.
786,MONARCH NETWORTH CAPITAL LIMITED,INZ000008037,6386,187,https://enit.nseindia.com/MemDirWeb/brokerDetailPage_Beta?memID=187&h_MemType=members&memName=MONARCH%20NETWORTH%20CAPITAL%20LIMITED
787,MONEY KRISHNA FINANCIAL SERVICES,INZ000294819,90204,3081,https://enit.nseindia.com/MemDirWeb/brokerDetailPage_Beta?memID=3081&h_MemType=members&memName=MONEY%20KRISHNA%20FINANCIAL%20SERVICES
788,MONEY LOGIX SECURITIES PRIVATE LIMITED,INZ000235531,12971,2162,https://enit.nseindia.com/MemDirWeb/brokerDetailPage_Beta?memID=2162&h_MemType=members&memName=MONEY%20LOGIX%20SECURITIES%20PRIVATE%20LIMITED
789,MONEYBEE SECURITIES PRIVATE LIMITED,INZ000227335,12364,1987,https://enit.nseindia.com/MemDirWeb/brokerDetailPage_Beta?memID=1987&h_MemType=members&memName=MONEYBEE%20SECURITIES%20PRIVATE%20LIMITED
790,MONEYCARE SECURITIES & FINANCIAL SERVICES LTD.,INZ000266935,6471,168,https://enit.nseindia.com/MemDirWeb/brokerDetailPage_Beta?memID=168&h_MemType=members&memName=MONEYCARE%20SECURITIES%20%26%20FINANCIAL%20SERVICES%20LTD.
791,MONEYPALM BROKERS PRIVATE LIMITED,INZ000238435,14610,2833,https://enit.nseindia.com/MemDirWeb/brokerDetailPage_Beta?memID=2833&h_MemType=members&memName=MONEYPALM%20BROKERS%20PRIVATE%20LIMITED
792,MONEYPLEX SECURITIES PRIVATE LIMITED,INZ000262430,14595,2828,https://enit.nseindia.com/MemDirWeb/brokerDetailPage_Beta?memID=2828&h_MemType=members&memName=MONEYPLEX%20SECURITIES%20PRIVATE%20LIMITED
793,MONEYWISE FINVEST LIMITED,INZ000196835,90161,3037,https://enit.nseindia.com/MemDirWeb/brokerDetailPage_Beta?memID=3037&h_MemType=members&memName=MONEYWISE%20FINVEST%20LIMITED
794,MORGAN STANLEY INDIA COMPANY PRIVATE LIMITED,INZ000244438,10542,982,https://enit.nseindia.com/MemDirWeb/brokerDetailPage_Beta?memID=982&h_MemType=members&memName=MORGAN%20STANLEY%20INDIA%20COMPANY%20PRIVATE%20LIMITED
795,MOTILAL OSWAL FINANCIAL SERVICES LIMITED,INZ000158836,10412,297,https://enit.nseindia.com/MemDirWeb/brokerDetailPage_Beta?memID=297&h_MemType=members&memName=MOTILAL%20OSWAL%20FINANCIAL%20SERVICES%20LIMITED
796,MOTISONS SHARES PRIVATE LIMITED,INZ000191336,12981,2174,https://enit.nseindia.com/MemDirWeb/brokerDetailPage_Beta?memID=2174&h_MemType=members&memName=MOTISONS%20SHARES%20PRIVATE%20LIMITED
797,MPC SECURITIES LTD.,INZ000276236,11178,1684,https://enit.nseindia.com/MemDirWeb/brokerDetailPage_Beta?memID=1684&h_MemType=members&memName=MPC%20SECURITIES%20LTD.
798,MRC CONSULTANCY PVT. LTD.,INE231380937,13809,2482,https://enit.nseindia.com/MemDirWeb/brokerDetailPage_Beta?memID=2482&h_MemType=members&memName=MRC%20CONSULTANCY%20PVT.%20LTD.
799,MSB E-TRADE SECURITIES LIMITED,INZ000184638,12788,2046,https://enit.nseindia.com/MemDirWeb/brokerDetailPage_Beta?memID=2046&h_MemType=members&memName=MSB%20E-TRADE%20SECURITIES%20LIMITED
800,MSE FINANCIAL SERVICES LTD.,INZ000297436,11169,1964,https://enit.nseindia.com/MemDirWeb/brokerDetailPage_Beta?memID=1964&h_MemType=members&memName=MSE%20FINANCIAL%20SERVICES%20LTD.
801,MSN SECURITIES PVT. LTD.,INZ000230036,12771,2053,https://enit.nseindia.com/MemDirWeb/brokerDetailPage_Beta?memID=2053&h_MemType=members&memName=MSN%20SECURITIES%20PVT.%20LTD.
802,MUDRA OM SECURITIES (PVT) LTD.,INZ000208738,12143,1966,https://enit.nseindia.com/MemDirWeb/brokerDetailPage_Beta?memID=1966&h_MemType=members&memName=MUDRA%20OM%20SECURITIES%20%28PVT%29%20LTD.
803,MUKESH BABU SECURITIES LTD,INB230598238/INF230598238,5982,374,https://enit.nseindia.com/MemDirWeb/brokerDetailPage_Beta?memID=374&h_MemType=members&memName=MUKESH%20BABU%20SECURITIES%20LTD
804,MUKESH BROKERAGE & FINANCIAL (INDIA) LTD.,INZ000268232,11613,173,https://enit.nseindia.com/MemDirWeb/brokerDetailPage_Beta?memID=173&h_MemType=members&memName=MUKESH%20BROKERAGE%20%26%20FINANCIAL%20%28INDIA%29%20LTD.
805,MULTIGAIN SECURITIES SERVICES PVT. LTD.,INZ000192837,13766,2461,https://enit.nseindia.com/MemDirWeb/brokerDetailPage_Beta?memID=2461&h_MemType=members&memName=MULTIGAIN%20SECURITIES%20SERVICES%20PVT.%20LTD.
806,MULTIPLEX CAPITAL LTD.,INZ000005439,7837,752,https://enit.nseindia.com/MemDirWeb/brokerDetailPage_Beta?memID=752&h_MemType=members&memName=MULTIPLEX%20CAPITAL%20LTD.
807,MUNI BROKING HOUSE LIMITED,INZ000316338,90353,3224,https://enit.nseindia.com/MemDirWeb/brokerDetailPage_Beta?memID=3224&h_MemType=members&memName=MUNI%20BROKING%20HOUSE%20LIMITED
808,MUNOTH CAPITAL MARKET LTD,INZ000302337,12480,1954,https://enit.nseindia.com/MemDirWeb/brokerDetailPage_Beta?memID=1954&h_MemType=members&memName=MUNOTH%20CAPITAL%20MARKET%20LTD
809,MUNOTH FINANCIAL SERVICES LTD.,INZ000283035,8036,921,https://enit.nseindia.com/MemDirWeb/brokerDetailPage_Beta?memID=921&h_MemType=members&memName=MUNOTH%20FINANCIAL%20SERVICES%20LTD.
810,MURARI SECURITIES LTD.,INZ000280233,7772,566,https://enit.nseindia.com/MemDirWeb/brokerDetailPage_Beta?memID=566&h_MemType=members&memName=MURARI%20SECURITIES%20LTD.
811,MURARILAL SARAF,INZ000258113,6500,176,https://enit.nseindia.com/MemDirWeb/brokerDetailPage_Beta?memID=176&h_MemType=members&memName=MURARILAL%20SARAF
812,MUTHOOT SECURITIES LTD.,INZ000185238,12943,2202,https://enit.nseindia.com/MemDirWeb/brokerDetailPage_Beta?memID=2202&h_MemType=members&memName=MUTHOOT%20SECURITIES%20LTD.
813,MVM SECURITIES PRIVATE LIMITED,INZ000212735,13777,2452,https://enit.nseindia.com/MemDirWeb/brokerDetailPage_Beta?memID=2452&h_MemType=members&memName=MVM%20SECURITIES%20PRIVATE%20LIMITED
814,MY MONEY SECURITIES LTD.,INZ000239239,8847,754,https://enit.nseindia.com/MemDirWeb/brokerDetailPage_Beta?memID=754&h_MemType=members&memName=MY%20MONEY%20SECURITIES%20LTD.
815,NAASAA SECURITIES LLP,INZ000306350,90258,3134,https://enit.nseindia.com/MemDirWeb/brokerDetailPage_Beta?memID=3134&h_MemType=members&memName=NAASAA%20SECURITIES%20LLP
816,NAKAMICHI SECURITIES LTD,INZ000197136,8565,567,https://enit.nseindia.com/MemDirWeb/brokerDetailPage_Beta?memID=567&h_MemType=members&memName=NAKAMICHI%20SECURITIES%20LTD
817,NALANDA SECURITIES PVT. LTD.,INZ000259139,11223,1688,https://enit.nseindia.com/MemDirWeb/brokerDetailPage_Beta?memID=1688&h_MemType=members&memName=NALANDA%20SECURITIES%20PVT.%20LTD.
818,NAM SECURITIES LTD.,INZ000260637,7710,755,https://enit.nseindia.com/MemDirWeb/brokerDetailPage_Beta?memID=755&h_MemType=members&memName=NAM%20SECURITIES%20LTD.
819,NAMAH CAPITAL RESOURCES LTD.,INZ000237836,11254,1707,https://enit.nseindia.com/MemDirWeb/brokerDetailPage_Beta?memID=1707&h_MemType=members&memName=NAMAH%20CAPITAL%20RESOURCES%20LTD.
820,NANGALIA STOCK BROKING PVT LTD,INZ000230337,90079,2956,https://enit.nseindia.com/MemDirWeb/brokerDetailPage_Beta?memID=2956&h_MemType=members&memName=NANGALIA%20STOCK%20BROKING%20PVT%20LTD
821,NARAYAN CAPITAL PRIVATE LIMITED,INZ000207233,90016,2887,https://enit.nseindia.com/MemDirWeb/brokerDetailPage_Beta?memID=2887&h_MemType=members&memName=NARAYAN%20CAPITAL%20PRIVATE%20LIMITED
822,NARAYAN SECURITIES LIMITED,INZ000176139,9354,1165,https://enit.nseindia.com/MemDirWeb/brokerDetailPage_Beta?memID=1165&h_MemType=members&memName=NARAYAN%20SECURITIES%20LIMITED
823,NARIMAN FINVEST PRIVATE LIMITED,INZ000229936,8854,988,https://enit.nseindia.com/MemDirWeb/brokerDetailPage_Beta?memID=988&h_MemType=members&memName=NARIMAN%20FINVEST%20PRIVATE%20LIMITED
824,NARIMAN POINT FINANCE LIMITED,INZ000247133,10361,2488,https://enit.nseindia.com/MemDirWeb/brokerDetailPage_Beta?memID=2488&h_MemType=members&memName=NARIMAN%20POINT%20FINANCE%20LIMITED
825,NATVERLAL & SONS STOCKBROKERS PRIVATE LIMITED,INZ000243336,13435,180,https://enit.nseindia.com/MemDirWeb/brokerDetailPage_Beta?memID=180&h_MemType=members&memName=NATVERLAL%20%26%20SONS%20STOCKBROKERS%20PRIVATE%20LIMITED
826,NAVI SECURITIES PRIVATE LIMITED,INZ000295134,90201,3078,https://enit.nseindia.com/MemDirWeb/brokerDetailPage_Beta?memID=3078&h_MemType=members&memName=NAVI%20SECURITIES%20PRIVATE%20LIMITED
827,NAVIA MARKETS LTD.,INZ000095034,7708,918,https://enit.nseindia.com/MemDirWeb/brokerDetailPage_Beta?memID=918&h_MemType=members&memName=NAVIA%20MARKETS%20LTD.
828,NAVJEEVAN EQUITY BROKING PRIVATE LIMITED,INZ000192035,14609,2041,https://enit.nseindia.com/MemDirWeb/brokerDetailPage_Beta?memID=2041&h_MemType=members&memName=NAVJEEVAN%20EQUITY%20BROKING%20PRIVATE%20LIMITED
829,NAVKAR SHARE & STOCK BROKERS PRIVATE LIMITED,INZ000200531,10994,2052,https://enit.nseindia.com/MemDirWeb/brokerDetailPage_Beta?memID=2052&h_MemType=members&memName=NAVKAR%20SHARE%20%26%20STOCK%20BROKERS%20PRIVATE%20LIMITED
830,NAVKAR WEALTH SERVICE PRIVATE LIMITED,INZ000255337,14388,2160,https://enit.nseindia.com/MemDirWeb/brokerDetailPage_Beta?memID=2160&h_MemType=members&memName=NAVKAR%20WEALTH%20SERVICE%20PRIVATE%20LIMITED
831,NAYAN M. VALA SECURITIES PRIVATE LIMITED,INZ000210233,13511,183,https://enit.nseindia.com/MemDirWeb/brokerDetailPage_Beta?memID=183&h_MemType=members&memName=NAYAN%20M.%20VALA%20SECURITIES%20PRIVATE%20LIMITED
832,NCJ SHARE AND STOCK BROKERS LIMITED,INZ000214632,12956,814,https://enit.nseindia.com/MemDirWeb/brokerDetailPage_Beta?memID=814&h_MemType=members&memName=NCJ%20SHARE%20AND%20STOCK%20BROKERS%20LIMITED
833,NDA SECURITIES LTD.,INZ000208431,6438,184,https://enit.nseindia.com/MemDirWeb/brokerDetailPage_Beta?memID=184&h_MemType=members&memName=NDA%20SECURITIES%20LTD.
834,NDB SECURITIES PRIVATE LIMITED,INZ000178232,90009,2882,https://enit.nseindia.com/MemDirWeb/brokerDetailPage_Beta?memID=2882&h_MemType=members&memName=NDB%20SECURITIES%20PRIVATE%20LIMITED
835,NEHA FOREX PRIVATE LIMITED,INZ000213238,14386,2606,https://enit.nseindia.com/MemDirWeb/brokerDetailPage_Beta?memID=2606&h_MemType=members&memName=NEHA%20FOREX%20PRIVATE%20LIMITED
836,NEO APEX SHARE BROKING SERVICES LLP,INZ000313854,90346,3217,https://enit.nseindia.com/MemDirWeb/brokerDetailPage_Beta?memID=3217&h_MemType=members&memName=NEO%20APEX%20SHARE%20BROKING%20SERVICES%20LLP
837,NEO WEALTH MANAGEMENT PRIVATE LIMITED,INZ000306537,90296,3163,https://enit.nseindia.com/MemDirWeb/brokerDetailPage_Beta?memID=3163&h_MemType=members&memName=NEO%20WEALTH%20MANAGEMENT%20PRIVATE%20LIMITED
838,NEON VINIMAY PRIVATE LIMITED,INZ000220132,9100,1,https://enit.nseindia.com/MemDirWeb/brokerDetailPage_Beta?memID=1&h_MemType=members&memName=NEON%20VINIMAY%20PRIVATE%20LIMITED
839,NEOVA GLOBAL FINTECH PRIVATE LIMITED,INZ000319736,90412,3283,https://enit.nseindia.com/MemDirWeb/brokerDetailPage_Beta?memID=3283&h_MemType=members&memName=NEOVA%20GLOBAL%20FINTECH%20PRIVATE%20LIMITED
840,NEW BERRY CAPITALS PRIVATE LIMITED,INZ000004838,14,2163,https://enit.nseindia.com/MemDirWeb/brokerDetailPage_Beta?memID=2163&h_MemType=members&memName=NEW%20BERRY%20CAPITALS%20PRIVATE%20LIMITED
841,NG RATHI INVESTRADES PRIVATED LIMITED,INB231255432/INF231255432,12554,1989,https://enit.nseindia.com/MemDirWeb/brokerDetailPage_Beta?memID=1989&h_MemType=members&memName=NG%20RATHI%20INVESTRADES%20PRIVATED%20LIMITED
842,NHBT SECURITIES P. LTD.,INZ000222935,90159,3035,https://enit.nseindia.com/MemDirWeb/brokerDetailPage_Beta?memID=3035&h_MemType=members&memName=NHBT%20SECURITIES%20P.%20LTD.
843,NIKHIL COMMODITY & DERIVATIVES PVT LTD,INZ000080136,90306,3176,https://enit.nseindia.com/MemDirWeb/brokerDetailPage_Beta?memID=3176&h_MemType=members&memName=NIKHIL%20COMMODITY%20%26%20DERIVATIVES%20PVT%20LTD
844,NIKKO CAPITAL MARKET PVT. LTD.,INB230753135/INF230753135,7531,618,https://enit.nseindia.com/MemDirWeb/brokerDetailPage_Beta?memID=618&h_MemType=members&memName=NIKKO%20CAPITAL%20MARKET%20PVT.%20LTD.
845,NIKUNJ STOCK BROKERS LTD.,INZ000169335,6913,278,https://enit.nseindia.com/MemDirWeb/brokerDetailPage_Beta?memID=278&h_MemType=members&memName=NIKUNJ%20STOCK%20BROKERS%20LTD.
846,NINE STAR BROKING PRIVATE LIMITED,INZ000297230,14128,2537,https://enit.nseindia.com/MemDirWeb/brokerDetailPage_Beta?memID=2537&h_MemType=members&memName=NINE%20STAR%20BROKING%20PRIVATE%20LIMITED
847,NIRMAL BANG EQUITIES PRIVATE LIMITED,INZ000186135,13437,2391,https://enit.nseindia.com/MemDirWeb/brokerDetailPage_Beta?memID=2391&h_MemType=members&memName=NIRMAL%20BANG%20EQUITIES%20PRIVATE%20LIMITED
848,NIRMAL BANG SECURITIES PVT. LTD.,INZ000202536,9391,1105,https://enit.nseindia.com/MemDirWeb/brokerDetailPage_Beta?memID=1105&h_MemType=members&memName=NIRMAL%20BANG%20SECURITIES%20PVT.%20LTD.
849,NIRMAN SHARE BROKERS PRIVATE LIMITED,INZ000197638,12309,2135,https://enit.nseindia.com/MemDirWeb/brokerDetailPage_Beta?memID=2135&h_MemType=members&memName=NIRMAN%20SHARE%20BROKERS%20PRIVATE%20LIMITED
850,NIRPAN SECURITIES PVT. LTD.,INZ000235432,6483,193,https://enit.nseindia.com/MemDirWeb/brokerDetailPage_Beta?memID=193&h_MemType=members&memName=NIRPAN%20SECURITIES%20PVT.%20LTD.
851,NIRSHILP COMMODITIES AND TRADING PRIVATE LIMITED,INZ000180332,90184,3061,https://enit.nseindia.com/MemDirWeb/brokerDetailPage_Beta?memID=3061&h_MemType=members&memName=NIRSHILP%20COMMODITIES%20AND%20TRADING%20PRIVATE%20LIMITED
852,NJ INDIA INVEST PRIVATE LIMITED,INZ000213137,13605,2479,https://enit.nseindia.com/MemDirWeb/brokerDetailPage_Beta?memID=2479&h_MemType=members&memName=NJ%20INDIA%20INVEST%20PRIVATE%20LIMITED
853,NJ SHARES & SECURITIES PVT. LTD.,INZ000265335,8146,759,https://enit.nseindia.com/MemDirWeb/brokerDetailPage_Beta?memID=759&h_MemType=members&memName=NJ%20SHARES%20%26%20SECURITIES%20PVT.%20LTD.
854,NK SECURITIES RESEARCH PVT. LTD.,INZ000206920,14488,2805,https://enit.nseindia.com/MemDirWeb/brokerDetailPage_Beta?memID=2805&h_MemType=members&memName=NK%20SECURITIES%20RESEARCH%20PVT.%20LTD.
855,NKB SECURITIES,INZ000290024,7947,887,https://enit.nseindia.com/MemDirWeb/brokerDetailPage_Beta?memID=887&h_MemType=members&memName=NKB%20SECURITIES
856,NNM SECURITIES PVT. LTD.,INZ000234235,10446,2293,https://enit.nseindia.com/MemDirWeb/brokerDetailPage_Beta?memID=2293&h_MemType=members&memName=NNM%20SECURITIES%20PVT.%20LTD.
857,NOMURA FINANCIAL ADVISORY AND SECURITIES (INDIA) PRIVATE LIMITED,INZ000255633,12990,2233,https://enit.nseindia.com/MemDirWeb/brokerDetailPage_Beta?memID=2233&h_MemType=members&memName=NOMURA%20FINANCIAL%20ADVISORY%20AND%20SECURITIES%20%28INDIA%29%20PRIVATE%20LIMITED
858,NOMURA FIXED INCOME SECURITIES PRIVATE LIMITED,INZ000222133,13546,2445,https://enit.nseindia.com/MemDirWeb/brokerDetailPage_Beta?memID=2445&h_MemType=members&memName=NOMURA%20FIXED%20INCOME%20SECURITIES%20PRIVATE%20LIMITED
859,NORD FOREX INDIA PVT. LTD.,INZ230000739,90004,2877,https://enit.nseindia.com/MemDirWeb/brokerDetailPage_Beta?memID=2877&h_MemType=members&memName=NORD%20FOREX%20INDIA%20PVT.%20LTD.
860,NORTHEAST BROKING SERVICES LTD.,INZ000164233,9701,1761,https://enit.nseindia.com/MemDirWeb/brokerDetailPage_Beta?memID=1761&h_MemType=members&memName=NORTHEAST%20BROKING%20SERVICES%20LTD.
861,NORTHERN ARC SECURITIES PRIVATE LIMITED,,90387,3259,https://enit.nseindia.com/MemDirWeb/brokerDetailPage_Beta?memID=3259&h_MemType=members&memName=NORTHERN%20ARC%20SECURITIES%20PRIVATE%20LIMITED
862,NOUVEAU SHARES & SECURITIES LTD,INB230938434,9384,195,https://enit.nseindia.com/MemDirWeb/brokerDetailPage_Beta?memID=195&h_MemType=members&memName=NOUVEAU%20SHARES%20%26%20SECURITIES%20LTD
863,NOVEL SECURITIES PRIVATE LIMITED,INZ000248836,10976,1533,https://enit.nseindia.com/MemDirWeb/brokerDetailPage_Beta?memID=1533&h_MemType=members&memName=NOVEL%20SECURITIES%20PRIVATE%20LIMITED
864,NU INVESTORS TECHNOLOGIES PRIVATE LIMITED,INZ000304837,90251,3127,https://enit.nseindia.com/MemDirWeb/brokerDetailPage_Beta?memID=3127&h_MemType=members&memName=NU%20INVESTORS%20TECHNOLOGIES%20PRIVATE%20LIMITED
865,NUCLEUS STOCKS BROKERS PRIVATE LIMITED,INZ000170532,10738,1665,https://enit.nseindia.com/MemDirWeb/brokerDetailPage_Beta?memID=1665&h_MemType=members&memName=NUCLEUS%20STOCKS%20BROKERS%20PRIVATE%20LIMITED
866,NUVAMA CLEARING SERVICES LIMITED,INZ000177437,14407,2765,https://enit.nseindia.com/MemDirWeb/brokerDetailPage_Beta?memID=2765&h_MemType=members&memName=NUVAMA%20CLEARING%20SERVICES%20LIMITED
867,NUVAMA WEALTH AND INVESTMENT LIMITED.,INZ000005231,13116,2258,https://enit.nseindia.com/MemDirWeb/brokerDetailPage_Beta?memID=2258&h_MemType=members&memName=NUVAMA%20WEALTH%20AND%20INVESTMENT%20LIMITED.
868,NUVAMA WEALTH MANAGEMENT LIMITED,INZ000166136,11933,1713,https://enit.nseindia.com/MemDirWeb/brokerDetailPage_Beta?memID=1713&h_MemType=members&memName=NUVAMA%20WEALTH%20MANAGEMENT%20LIMITED
869,NVS BROKERAGE PVT LTD,INZ000209331,90098,2978,https://enit.nseindia.com/MemDirWeb/brokerDetailPage_Beta?memID=2978&h_MemType=members&memName=NVS%20BROKERAGE%20PVT%20LTD
870,NX BLOCK TRADES PRIVATE LIMITED,INZ000308934,90343,3215,https://enit.nseindia.com/MemDirWeb/brokerDetailPage_Beta?memID=3215&h_MemType=members&memName=NX%20BLOCK%20TRADES%20PRIVATE%20LIMITED
871,NYCE SECURITIES & DERIVATIVES LIMITED,INZ000208937,13608,2421,https://enit.nseindia.com/MemDirWeb/brokerDetailPage_Beta?memID=2421&h_MemType=members&memName=NYCE%20SECURITIES%20%26%20DERIVATIVES%20LIMITED
872,O J FINANCIAL SERVICES LTD.,INZ000217037,7728,760,https://enit.nseindia.com/MemDirWeb/brokerDetailPage_Beta?memID=760&h_MemType=members&memName=O%20J%20FINANCIAL%20SERVICES%20LTD.
873,O3 SECURITIES PRIVATE LIMITED,INZ000291332,13459,2375,https://enit.nseindia.com/MemDirWeb/brokerDetailPage_Beta?memID=2375&h_MemType=members&memName=O3%20SECURITIES%20PRIVATE%20LIMITED
874,OBSIDIAN INVESTMENT PRIVATE LIMITED,INZ000330031,90476,3342,https://enit.nseindia.com/MemDirWeb/brokerDetailPage_Beta?memID=3342&h_MemType=members&memName=OBSIDIAN%20INVESTMENT%20PRIVATE%20LIMITED
875,OHM DOVETAIL PRIVATE LIMITED,INZ000178836,90123,2998,https://enit.nseindia.com/MemDirWeb/brokerDetailPage_Beta?memID=2998&h_MemType=members&memName=OHM%20DOVETAIL%20PRIVATE%20LIMITED
876,OHM STOCK BROKER PVT. LTD.,INZ000246138,10573,1574,https://enit.nseindia.com/MemDirWeb/brokerDetailPage_Beta?memID=1574&h_MemType=members&memName=OHM%20STOCK%20BROKER%20PVT.%20LTD.
877,OMJI CAPITAL,INB231444028/INF231444028,14440,2786,https://enit.nseindia.com/MemDirWeb/brokerDetailPage_Beta?memID=2786&h_MemType=members&memName=OMJI%20CAPITAL
878,OMKAM CAPITAL MARKETS PRIVATE LIMITED,INB230907934/INF230907934/INE230907934,9079,1048,https://enit.nseindia.com/MemDirWeb/brokerDetailPage_Beta?memID=1048&h_MemType=members&memName=OMKAM%20CAPITAL%20MARKETS%20PRIVATE%20LIMITED
879,OMPRAKASH CHATURVEDI,INB230678719,6787,199,https://enit.nseindia.com/MemDirWeb/brokerDetailPage_Beta?memID=199&h_MemType=members&memName=OMPRAKASH%20CHATURVEDI
880,ONEWORLD SECURITIES PRIVATE LIMITED,INZ000321331,90397,3269,https://enit.nseindia.com/MemDirWeb/brokerDetailPage_Beta?memID=3269&h_MemType=members&memName=ONEWORLD%20SECURITIES%20PRIVATE%20LIMITED
881,OPEN FUTURES,INZ000194616,13321,2378,https://enit.nseindia.com/MemDirWeb/brokerDetailPage_Beta?memID=2378&h_MemType=members&memName=OPEN%20FUTURES
882,OPG SECURITIES PVT. LTD.,INZ000192935,9217,1119,https://enit.nseindia.com/MemDirWeb/brokerDetailPage_Beta?memID=1119&h_MemType=members&memName=OPG%20SECURITIES%20PVT.%20LTD.
883,OPTIVER INDIA SECURITIES PRIVATE LIMITED,INZ000317039,90378,3250,https://enit.nseindia.com/MemDirWeb/brokerDetailPage_Beta?memID=3250&h_MemType=members&memName=OPTIVER%20INDIA%20SECURITIES%20PRIVATE%20LIMITED
884,ORBIS FINANCIAL CORPORATION LIMITED,INZ000165534,13222,2297,https://enit.nseindia.com/MemDirWeb/brokerDetailPage_Beta?memID=2297&h_MemType=members&memName=ORBIS%20FINANCIAL%20CORPORATION%20LIMITED
885,ORION STOCKS LIMITED,INZ000276939,13609,2287,https://enit.nseindia.com/MemDirWeb/brokerDetailPage_Beta?memID=2287&h_MemType=members&memName=ORION%20STOCKS%20LIMITED
886,ORO FINANCIAL CONSULTANTS PRIVATE LIMITED,,90389,3261,https://enit.nseindia.com/MemDirWeb/brokerDetailPage_Beta?memID=3261&h_MemType=members&memName=ORO%20FINANCIAL%20CONSULTANTS%20PRIVATE%20LIMITED
887,ORTEM SECURITIES LIMITED,INZ000284334,8122,568,https://enit.nseindia.com/MemDirWeb/brokerDetailPage_Beta?memID=568&h_MemType=members&memName=ORTEM%20SECURITIES%20LIMITED
888,OSWAL SHARES AND SECURITIES LIMITED,INZ000295436,10631,2210,https://enit.nseindia.com/MemDirWeb/brokerDetailPage_Beta?memID=2210&h_MemType=members&memName=OSWAL%20SHARES%20AND%20SECURITIES%20LIMITED
889,OUR BROKING SERVICES LLP,INZ000309758,90314,3184,https://enit.nseindia.com/MemDirWeb/brokerDetailPage_Beta?memID=3184&h_MemType=members&memName=OUR%20BROKING%20SERVICES%20LLP
890,OYSTER FINCAP PRIVATE LIMITED,INZ000237237,14149,2535,https://enit.nseindia.com/MemDirWeb/brokerDetailPage_Beta?memID=2535&h_MemType=members&memName=OYSTER%20FINCAP%20PRIVATE%20LIMITED
891,P H FINANCIALS AND INVESTMENTS  PRIVATE  LIMITED,INZ000184532,6479,202,https://enit.nseindia.com/MemDirWeb/brokerDetailPage_Beta?memID=202&h_MemType=members&memName=P%20H%20FINANCIALS%20AND%20INVESTMENTS%20%20PRIVATE%20%20LIMITED
892,P.P.J. SHROFF SECURITIES PRIVATE LIMITED,INZ000247532,9864,2768,https://enit.nseindia.com/MemDirWeb/brokerDetailPage_Beta?memID=2768&h_MemType=members&memName=P.P.J.%20SHROFF%20SECURITIES%20PRIVATE%20LIMITED
893,PACE STOCK BROKING SERVICES PRIVATE LIMITED,INZ000180832,11378,764,https://enit.nseindia.com/MemDirWeb/brokerDetailPage_Beta?memID=764&h_MemType=members&memName=PACE%20STOCK%20BROKING%20SERVICES%20PRIVATE%20LIMITED
894,PADAM TOWERS SECURITIES LIMITED,INZ000159835,11168,2435,https://enit.nseindia.com/MemDirWeb/brokerDetailPage_Beta?memID=2435&h_MemType=members&memName=PADAM%20TOWERS%20SECURITIES%20LIMITED
895,PADMAKSHI FINANCIAL SERVICES PRIVATE LIMITED,INZ000011130,9140,238,https://enit.nseindia.com/MemDirWeb/brokerDetailPage_Beta?memID=238&h_MemType=members&memName=PADMAKSHI%20FINANCIAL%20SERVICES%20PRIVATE%20LIMITED
896,PALAK TRADE TECH PRIVATE LIMITED,INZ000322935,90444,3313,https://enit.nseindia.com/MemDirWeb/brokerDetailPage_Beta?memID=3313&h_MemType=members&memName=PALAK%20TRADE%20TECH%20PRIVATE%20LIMITED
897,PALLATON CAPITAL PRIVATE LIMITED,INZ000296036,90215,3092,https://enit.nseindia.com/MemDirWeb/brokerDetailPage_Beta?memID=3092&h_MemType=members&memName=PALLATON%20CAPITAL%20PRIVATE%20LIMITED
898,PANKAJ MANGALDAS SECURITIES PVT. LTD.,INZ000206433,10445,1877,https://enit.nseindia.com/MemDirWeb/brokerDetailPage_Beta?memID=1877&h_MemType=members&memName=PANKAJ%20MANGALDAS%20SECURITIES%20PVT.%20LTD.
899,PARAS SHARE BROKERS PVT. LTD,INZ000256532,12694,2012,https://enit.nseindia.com/MemDirWeb/brokerDetailPage_Beta?memID=2012&h_MemType=members&memName=PARAS%20SHARE%20BROKERS%20PVT.%20LTD
900,PARASRAM CAPITAL PRIVATE LIMITED,,,3253,https://enit.nseindia.com/MemDirWeb/brokerDetailPage_Beta?memID=3253&h_MemType=members&memName=PARASRAM%20CAPITAL%20PRIVATE%20LIMITED
901,PARESH DHIRAJLAL SHAH,INZ000276516,90248,3124,https://enit.nseindia.com/MemDirWeb/brokerDetailPage_Beta?memID=3124&h_MemType=members&memName=PARESH%20DHIRAJLAL%20SHAH
902,PARIM FINSERV PVT LTD,INZ000288425,90028,2903,https://enit.nseindia.com/MemDirWeb/brokerDetailPage_Beta?memID=2903&h_MemType=members&memName=PARIM%20FINSERV%20PVT%20LTD
903,PARKER DERIVATIVES (INDIA) PRIVATE LIMITED,INZ000170932,13343,2377,https://enit.nseindia.com/MemDirWeb/brokerDetailPage_Beta?memID=2377&h_MemType=members&memName=PARKER%20DERIVATIVES%20%28INDIA%29%20PRIVATE%20LIMITED
904,PARNI SECURITIES LTD,INB230644438,6444,80,https://enit.nseindia.com/MemDirWeb/brokerDetailPage_Beta?memID=80&h_MemType=members&memName=PARNI%20SECURITIES%20LTD
905,PARWATI CAPITAL MARKET PRIVATE LIMITED,INZ000205936,11890,1869,https://enit.nseindia.com/MemDirWeb/brokerDetailPage_Beta?memID=1869&h_MemType=members&memName=PARWATI%20CAPITAL%20MARKET%20PRIVATE%20LIMITED
906,PARWATI COMMODITY MARKET PVT. LTD.,INZ000054534,90169,3045,https://enit.nseindia.com/MemDirWeb/brokerDetailPage_Beta?memID=3045&h_MemType=members&memName=PARWATI%20COMMODITY%20MARKET%20PVT.%20LTD.
907,PASHUPATI CAPITAL SERVICES PVT. LTD.,INZ000210436,10978,1658,https://enit.nseindia.com/MemDirWeb/brokerDetailPage_Beta?memID=1658&h_MemType=members&memName=PASHUPATI%20CAPITAL%20SERVICES%20PVT.%20LTD.
908,PATANI SECURITIES PVT. LTD.,INZ000232233,9832,2042,https://enit.nseindia.com/MemDirWeb/brokerDetailPage_Beta?memID=2042&h_MemType=members&memName=PATANI%20SECURITIES%20PVT.%20LTD.
909,PATEL WEALTH ADVISORS PVT LTD,INZ000018432,90074,2948,https://enit.nseindia.com/MemDirWeb/brokerDetailPage_Beta?memID=2948&h_MemType=members&memName=PATEL%20WEALTH%20ADVISORS%20PVT%20LTD
910,PATERSON SECURITIES PRIVATE LIMITED,INZ000264838,13671,924,https://enit.nseindia.com/MemDirWeb/brokerDetailPage_Beta?memID=924&h_MemType=members&memName=PATERSON%20SECURITIES%20PRIVATE%20LIMITED
911,PATRONUS TRADETECH LLP,INZ000318357,90432,3302,https://enit.nseindia.com/MemDirWeb/brokerDetailPage_Beta?memID=3302&h_MemType=members&memName=PATRONUS%20TRADETECH%20LLP
912,PAWAN PARMESHWAR CAPITAL PRIVATE LIMITED,INZ000325937,188,2507,https://enit.nseindia.com/MemDirWeb/brokerDetailPage_Beta?memID=2507&h_MemType=members&memName=PAWAN%20PARMESHWAR%20CAPITAL%20PRIVATE%20LIMITED
913,PAYTM MONEY LTD.,INZ000240532,90165,3041,https://enit.nseindia.com/MemDirWeb/brokerDetailPage_Beta?memID=3041&h_MemType=members&memName=PAYTM%20MONEY%20LTD.
914,PCJ HOLDINGS PRIVATE LIMITED,INZ000068536,13096,2248,https://enit.nseindia.com/MemDirWeb/brokerDetailPage_Beta?memID=2248&h_MemType=members&memName=PCJ%20HOLDINGS%20PRIVATE%20LIMITED
915,PEE AAR SECURITIES LIMITED,INZ000176938,14463,990,https://enit.nseindia.com/MemDirWeb/brokerDetailPage_Beta?memID=990&h_MemType=members&memName=PEE%20AAR%20SECURITIES%20LIMITED
916,PEERLESS SECURITIES LIMITED,INZ000263738,8211,417,https://enit.nseindia.com/MemDirWeb/brokerDetailPage_Beta?memID=417&h_MemType=members&memName=PEERLESS%20SECURITIES%20LIMITED
917,PENTAD SECURITIES PVT. LTD,INZ000168432,90031,2907,https://enit.nseindia.com/MemDirWeb/brokerDetailPage_Beta?memID=2907&h_MemType=members&memName=PENTAD%20SECURITIES%20PVT.%20LTD
918,PERQ CAPITAL MARKETS PRIVATE LIMITED,INZ000325038,90429,3300,https://enit.nseindia.com/MemDirWeb/brokerDetailPage_Beta?memID=3300&h_MemType=members&memName=PERQ%20CAPITAL%20MARKETS%20PRIVATE%20LIMITED
919,PFIL SECURITIES LTD.,INZ000235338,8058,983,https://enit.nseindia.com/MemDirWeb/brokerDetailPage_Beta?memID=983&h_MemType=members&memName=PFIL%20SECURITIES%20LTD.
920,PHILLIPCAPITAL (INDIA) PVT. LTD,INZ000169632,14665,1714,https://enit.nseindia.com/MemDirWeb/brokerDetailPage_Beta?memID=1714&h_MemType=members&memName=PHILLIPCAPITAL%20%28INDIA%29%20PVT.%20LTD
921,PHOENIX SHARE & STOCKBROKERS PVT. LTD.,INB231082935/INF231082935,10829,1727,https://enit.nseindia.com/MemDirWeb/brokerDetailPage_Beta?memID=1727&h_MemType=members&memName=PHOENIX%20SHARE%20%26%20STOCKBROKERS%20PVT.%20LTD.
922,PHONEPE WEALTH BROKING PRIVATE LIMITED,INZ000302639,90226,3103,https://enit.nseindia.com/MemDirWeb/brokerDetailPage_Beta?memID=3103&h_MemType=members&memName=PHONEPE%20WEALTH%20BROKING%20PRIVATE%20LIMITED
923,PINAK SECURITIES LIMITED,INB231379430/INF231379430/INE231379430,13794,2469,https://enit.nseindia.com/MemDirWeb/brokerDetailPage_Beta?memID=2469&h_MemType=members&memName=PINAK%20SECURITIES%20LIMITED
924,PINAKINI SHARE & STOCK BROKERS LIMITED,INZ000264435,7636,866,https://enit.nseindia.com/MemDirWeb/brokerDetailPage_Beta?memID=866&h_MemType=members&memName=PINAKINI%20SHARE%20%26%20STOCK%20BROKERS%20LIMITED
925,PINDI SECURITIES LLP,INZ000315755,90342,3214,https://enit.nseindia.com/MemDirWeb/brokerDetailPage_Beta?memID=3214&h_MemType=members&memName=PINDI%20SECURITIES%20LLP
926,PINNACLE FOREX AND SECURITIES PRIVATE LIMITED,INZ000182337,14122,2387,https://enit.nseindia.com/MemDirWeb/brokerDetailPage_Beta?memID=2387&h_MemType=members&memName=PINNACLE%20FOREX%20AND%20SECURITIES%20PRIVATE%20LIMITED
927,PK INVESTMENTS,INZ000311728,90398,3270,https://enit.nseindia.com/MemDirWeb/brokerDetailPage_Beta?memID=3270&h_MemType=members&memName=PK%20INVESTMENTS
928,PKG SECURITIES,INZ000295913,90214,3091,https://enit.nseindia.com/MemDirWeb/brokerDetailPage_Beta?memID=3091&h_MemType=members&memName=PKG%20SECURITIES
929,PLOUTOS QUANT RESEARCH CAPITAL PRIVATE LIMITED,INZ000295333,90210,3087,https://enit.nseindia.com/MemDirWeb/brokerDetailPage_Beta?memID=3087&h_MemType=members&memName=PLOUTOS%20QUANT%20RESEARCH%20CAPITAL%20PRIVATE%20LIMITED
930,PLUSWEALTH CAPITAL MANAGEMENT LLP,INZ000163752,90129,3002,https://enit.nseindia.com/MemDirWeb/brokerDetailPage_Beta?memID=3002&h_MemType=members&memName=PLUSWEALTH%20CAPITAL%20MANAGEMENT%20LLP
931,PNB GILTS LIMITED,INZ000007831,90056,2932,https://enit.nseindia.com/MemDirWeb/brokerDetailPage_Beta?memID=2932&h_MemType=members&memName=PNB%20GILTS%20LIMITED
932,PNR SECURITIES LTD.,INZ000278532,6908,385,https://enit.nseindia.com/MemDirWeb/brokerDetailPage_Beta?memID=385&h_MemType=members&memName=PNR%20SECURITIES%20LTD.
933,POCKETFUL FINTECH CAPITAL PRIVATE LIMITED,INZ000313732,90326,3196,https://enit.nseindia.com/MemDirWeb/brokerDetailPage_Beta?memID=3196&h_MemType=members&memName=POCKETFUL%20FINTECH%20CAPITAL%20PRIVATE%20LIMITED
934,PORECHA GLOBAL SECURITIES PVT LTD,INZ000231338,90095,2974,https://enit.nseindia.com/MemDirWeb/brokerDetailPage_Beta?memID=2974&h_MemType=members&memName=PORECHA%20GLOBAL%20SECURITIES%20PVT%20LTD
935,PRABHAT FINANCIAL SERVICES LTD.,INZ000169433,8852,774,https://enit.nseindia.com/MemDirWeb/brokerDetailPage_Beta?memID=774&h_MemType=members&memName=PRABHAT%20FINANCIAL%20SERVICES%20LTD.
936,PRABHUDAS LILLADHER PVT. LTD.,INZ000196637,5977,387,https://enit.nseindia.com/MemDirWeb/brokerDetailPage_Beta?memID=387&h_MemType=members&memName=PRABHUDAS%20LILLADHER%20PVT.%20LTD.
937,PRABODH ARTHA WARDHINI PRIVATE LIMITED,INZ000251639,7875,1992,https://enit.nseindia.com/MemDirWeb/brokerDetailPage_Beta?memID=1992&h_MemType=members&memName=PRABODH%20ARTHA%20WARDHINI%20PRIVATE%20LIMITED
938,PRACTICAL FINANCIAL SERVICES PVT. LTD.,INZ000278634,6443,211,https://enit.nseindia.com/MemDirWeb/brokerDetailPage_Beta?memID=211&h_MemType=members&memName=PRACTICAL%20FINANCIAL%20SERVICES%20PVT.%20LTD.
939,PRAGYA EQUITIES PVT. LTD.,INZ000236538,12202,2120,https://enit.nseindia.com/MemDirWeb/brokerDetailPage_Beta?memID=2120&h_MemType=members&memName=PRAGYA%20EQUITIES%20PVT.%20LTD.
940,PRAGYA SECURITIES PRIVATE LIMITED,INZ000172539,8961,1659,https://enit.nseindia.com/MemDirWeb/brokerDetailPage_Beta?memID=1659&h_MemType=members&memName=PRAGYA%20SECURITIES%20PRIVATE%20LIMITED
941,PRAKASH K SHAH SHARES & SECURITIES PVT. LTD,INZ000276438,9973,2048,https://enit.nseindia.com/MemDirWeb/brokerDetailPage_Beta?memID=2048&h_MemType=members&memName=PRAKASH%20K%20SHAH%20SHARES%20%26%20SECURITIES%20PVT.%20LTD
942,PRAKASH SECURITIES,INZ000207722,12967,2185,https://enit.nseindia.com/MemDirWeb/brokerDetailPage_Beta?memID=2185&h_MemType=members&memName=PRAKASH%20SECURITIES
943,PRANAV SECURITIES PVT LTD,INZ000247638,7143,213,https://enit.nseindia.com/MemDirWeb/brokerDetailPage_Beta?memID=213&h_MemType=members&memName=PRANAV%20SECURITIES%20PVT%20LTD
944,PRARAMBH SECURITIES PRIVATE LIMITED,INZ000006130,90052,2916,https://enit.nseindia.com/MemDirWeb/brokerDetailPage_Beta?memID=2916&h_MemType=members&memName=PRARAMBH%20SECURITIES%20PRIVATE%20LIMITED
945,PRASHANT JAYANTILAL PATEL,INZ000266511,6498,215,https://enit.nseindia.com/MemDirWeb/brokerDetailPage_Beta?memID=215&h_MemType=members&memName=PRASHANT%20JAYANTILAL%20PATEL
946,PRATIBHUTI VINIHIT LTD.,INZ000279635,6387,388,https://enit.nseindia.com/MemDirWeb/brokerDetailPage_Beta?memID=388&h_MemType=members&memName=PRATIBHUTI%20VINIHIT%20LTD.
947,PRAVIN RATILAL SHARE AND STOCK BROKERS LTD,INZ000206732,7589,463,https://enit.nseindia.com/MemDirWeb/brokerDetailPage_Beta?memID=463&h_MemType=members&memName=PRAVIN%20RATILAL%20SHARE%20AND%20STOCK%20BROKERS%20LTD
948,PRAYAS SECURITIES PVT.LTD.,INZ000221234,11938,223,https://enit.nseindia.com/MemDirWeb/brokerDetailPage_Beta?memID=223&h_MemType=members&memName=PRAYAS%20SECURITIES%20PVT.LTD.
949,PRB SECURITIES PRIVATE LTD.,INZ000225631,7785,569,https://enit.nseindia.com/MemDirWeb/brokerDetailPage_Beta?memID=569&h_MemType=members&memName=PRB%20SECURITIES%20PRIVATE%20LTD.
950,PREM SOMANI SHARE BROKERS PVT. LTD.,INB230934839/INF230934839,9348,778,https://enit.nseindia.com/MemDirWeb/brokerDetailPage_Beta?memID=778&h_MemType=members&memName=PREM%20SOMANI%20SHARE%20BROKERS%20PVT.%20LTD.
951,PREMIER SHARES LIMITED,INZ000279936,8857,1047,https://enit.nseindia.com/MemDirWeb/brokerDetailPage_Beta?memID=1047&h_MemType=members&memName=PREMIER%20SHARES%20LIMITED
952,PRITHVI FINMART PRIVATE LIMITED,INZ000211637,14308,2371,https://enit.nseindia.com/MemDirWeb/brokerDetailPage_Beta?memID=2371&h_MemType=members&memName=PRITHVI%20FINMART%20PRIVATE%20LIMITED
953,PRIYASHA-MEVEN FINANCE LTD.,INZ000243235,6460,220,https://enit.nseindia.com/MemDirWeb/brokerDetailPage_Beta?memID=220&h_MemType=members&memName=PRIYASHA-MEVEN%20FINANCE%20LTD.
954,PRL STOCK & SHARE BROKERS PVT. LTD.,INB231220931/INF231220931/INE231220931,12209,1921,https://enit.nseindia.com/MemDirWeb/brokerDetailPage_Beta?memID=1921&h_MemType=members&memName=PRL%20STOCK%20%26%20SHARE%20BROKERS%20PVT.%20LTD.
955,PROBULLS STOCKBROKING PRIVATE LIMITED,INZ000210932,13043,2236,https://enit.nseindia.com/MemDirWeb/brokerDetailPage_Beta?memID=2236&h_MemType=members&memName=PROBULLS%20STOCKBROKING%20PRIVATE%20LIMITED
956,PROFICIENT EQUITIES PRIVATE LIMITED,INZ000218531,13475,2338,https://enit.nseindia.com/MemDirWeb/brokerDetailPage_Beta?memID=2338&h_MemType=members&memName=PROFICIENT%20EQUITIES%20PRIVATE%20LIMITED
957,PROFITMART SECURITIES PRIVATE LIMITED,INZ000093633,14556,2815,https://enit.nseindia.com/MemDirWeb/brokerDetailPage_Beta?memID=2815&h_MemType=members&memName=PROFITMART%20SECURITIES%20PRIVATE%20LIMITED
958,PROGNOSIS SECURITIES PRIVATE LIMITED,INZ000176436,12787,2040,https://enit.nseindia.com/MemDirWeb/brokerDetailPage_Beta?memID=2040&h_MemType=members&memName=PROGNOSIS%20SECURITIES%20PRIVATE%20LIMITED
959,PROGRESSIVE SHARE BROKERS PRIVATE LIMITED,INZ000170639,8561,780,https://enit.nseindia.com/MemDirWeb/brokerDetailPage_Beta?memID=780&h_MemType=members&memName=PROGRESSIVE%20SHARE%20BROKERS%20PRIVATE%20LIMITED
960,PROMPT CORPORATE SERVICES LTD.,INZ000177338,11205,1703,https://enit.nseindia.com/MemDirWeb/brokerDetailPage_Beta?memID=1703&h_MemType=members&memName=PROMPT%20CORPORATE%20SERVICES%20LTD.
961,PROSPERA FINSTOCKS PRIVATE LIMITED,INZ000328737,90460,3327,https://enit.nseindia.com/MemDirWeb/brokerDetailPage_Beta?memID=3327&h_MemType=members&memName=PROSPERA%20FINSTOCKS%20PRIVATE%20LIMITED
962,PRRSAAR SAMPADA PRIVATE LIMITED,INZ000027432,13457,2395,https://enit.nseindia.com/MemDirWeb/brokerDetailPage_Beta?memID=2395&h_MemType=members&memName=PRRSAAR%20SAMPADA%20PRIVATE%20LIMITED
963,PRUDENT CORPORATE ADVISORY SERVICES LIMITED,INZ000293634,90209,3086,https://enit.nseindia.com/MemDirWeb/brokerDetailPage_Beta?memID=3086&h_MemType=members&memName=PRUDENT%20CORPORATE%20ADVISORY%20SERVICES%20LIMITED
964,PSB SECURITIES LIMITED,INZ000164630,13397,2389,https://enit.nseindia.com/MemDirWeb/brokerDetailPage_Beta?memID=2389&h_MemType=members&memName=PSB%20SECURITIES%20LIMITED
965,PSJ SECURITIES PVT. LTD.,INZ000268831,9068,1076,https://enit.nseindia.com/MemDirWeb/brokerDetailPage_Beta?memID=1076&h_MemType=members&memName=PSJ%20SECURITIES%20PVT.%20LTD.
966,PSYNANCE TRADING LLP,INZ000309457,90300,3170,https://enit.nseindia.com/MemDirWeb/brokerDetailPage_Beta?memID=3170&h_MemType=members&memName=PSYNANCE%20TRADING%20LLP
967,PUG SECURITIES PRIVATE LIMITED,INB231200735/INF231200735/INE231200735,12007,1882,https://enit.nseindia.com/MemDirWeb/brokerDetailPage_Beta?memID=1882&h_MemType=members&memName=PUG%20SECURITIES%20PRIVATE%20LIMITED
968,PUMARTH CREDIT & CAPITAL LTD.,INZ000290936,7829,888,https://enit.nseindia.com/MemDirWeb/brokerDetailPage_Beta?memID=888&h_MemType=members&memName=PUMARTH%20CREDIT%20%26%20CAPITAL%20LTD.
969,PUNE E STOCK BROKING LIMITED,INZ000161438,12892,2112,https://enit.nseindia.com/MemDirWeb/brokerDetailPage_Beta?memID=2112&h_MemType=members&memName=PUNE%20E%20STOCK%20BROKING%20LIMITED
970,PUNEET SECURITIES PVT. LTD.,INZ000285533,8767,781,https://enit.nseindia.com/MemDirWeb/brokerDetailPage_Beta?memID=781&h_MemType=members&memName=PUNEET%20SECURITIES%20PVT.%20LTD.
971,PUNJAB NATIONAL BANK,INF231272743/INE231307930,13079,2006,https://enit.nseindia.com/MemDirWeb/brokerDetailPage_Beta?memID=2006&h_MemType=members&memName=PUNJAB%20NATIONAL%20BANK
972,PURE BROKING PRIVATE LIMITED,INZ000163631,90006,2878,https://enit.nseindia.com/MemDirWeb/brokerDetailPage_Beta?memID=2878&h_MemType=members&memName=PURE%20BROKING%20PRIVATE%20LIMITED
973,PUSHPAK FINSTOCK,INZ000223221,14124,2526,https://enit.nseindia.com/MemDirWeb/brokerDetailPage_Beta?memID=2526&h_MemType=members&memName=PUSHPAK%20FINSTOCK
974,QE SECURITIES LLP,INZ000041822,90083,2951,https://enit.nseindia.com/MemDirWeb/brokerDetailPage_Beta?memID=2951&h_MemType=members&memName=QE%20SECURITIES%20LLP
975,QI BROKERAGE LLP,INZ000299350,90230,3107,https://enit.nseindia.com/MemDirWeb/brokerDetailPage_Beta?memID=3107&h_MemType=members&memName=QI%20BROKERAGE%20LLP
976,QUANTART SECURITIES,INB231458614 /INE231458614,14586,2823,https://enit.nseindia.com/MemDirWeb/brokerDetailPage_Beta?memID=2823&h_MemType=members&memName=QUANTART%20SECURITIES
977,QUANTICKER RESEARCH LLP,INZ000319254,90420,3291,https://enit.nseindia.com/MemDirWeb/brokerDetailPage_Beta?memID=3291&h_MemType=members&memName=QUANTICKER%20RESEARCH%20LLP
978,QUANTIFY BROKING LLP,INZ000315351,90324,3194,https://enit.nseindia.com/MemDirWeb/brokerDetailPage_Beta?memID=3194&h_MemType=members&memName=QUANTIFY%20BROKING%20LLP
979,QUANTUM GLOBAL SECURITIES LIMITED,INZ000214334,8256,782,https://enit.nseindia.com/MemDirWeb/brokerDetailPage_Beta?memID=782&h_MemType=members&memName=QUANTUM%20GLOBAL%20SECURITIES%20LIMITED
980,QUANTUM SECURITIES PVT. LTD.,INZ000229132,5824,783,https://enit.nseindia.com/MemDirWeb/brokerDetailPage_Beta?memID=783&h_MemType=members&memName=QUANTUM%20SECURITIES%20PVT.%20LTD.
981,QUBE RESEARCH AND TRADING PRIVATE LIMITED,INZ000324635,90454,3321,https://enit.nseindia.com/MemDirWeb/brokerDetailPage_Beta?memID=3321&h_MemType=members&memName=QUBE%20RESEARCH%20AND%20TRADING%20PRIVATE%20LIMITED
982,QUEST FIN-SEC MARKETS LIMITED,INZ000292538,8129,868,https://enit.nseindia.com/MemDirWeb/brokerDetailPage_Beta?memID=868&h_MemType=members&memName=QUEST%20FIN-SEC%20MARKETS%20LIMITED
983,QUEST SECURITIES LIMITED,INZ000271639,13626,2460,https://enit.nseindia.com/MemDirWeb/brokerDetailPage_Beta?memID=2460&h_MemType=members&memName=QUEST%20SECURITIES%20LIMITED
984,R B K SHARE BROKING LIMITED,INZ000225939,8259,838,https://enit.nseindia.com/MemDirWeb/brokerDetailPage_Beta?memID=838&h_MemType=members&memName=R%20B%20K%20SHARE%20BROKING%20LIMITED
985,R G SHARE BROKERS LTD.,INB230755035/INF230755035,7550,785,https://enit.nseindia.com/MemDirWeb/brokerDetailPage_Beta?memID=785&h_MemType=members&memName=R%20G%20SHARE%20BROKERS%20LTD.
986,R J STOCK BROKING PRIVATE LIMITED,INZ000262737,90199,3076,https://enit.nseindia.com/MemDirWeb/brokerDetailPage_Beta?memID=3076&h_MemType=members&memName=R%20J%20STOCK%20BROKING%20PRIVATE%20LIMITED
987,R K GLOBAL SHARES & SECURITIES LIMITED,INZ000187132,8250,786,https://enit.nseindia.com/MemDirWeb/brokerDetailPage_Beta?memID=786&h_MemType=members&memName=R%20K%20GLOBAL%20SHARES%20%26%20SECURITIES%20LIMITED
988,R R CHOKHANI STOCK BROKERS PVT LTD,INZ000253835,10454,228,https://enit.nseindia.com/MemDirWeb/brokerDetailPage_Beta?memID=228&h_MemType=members&memName=R%20R%20CHOKHANI%20STOCK%20BROKERS%20PVT%20LTD
989,R SS INVESTMENTS PVT. LTD.,INZ000280636,9443,1235,https://enit.nseindia.com/MemDirWeb/brokerDetailPage_Beta?memID=1235&h_MemType=members&memName=R%20SS%20INVESTMENTS%20PVT.%20LTD.
990,R WADIWALA SECURITIES PVT. LTD.,INZ000187332,12219,1937,https://enit.nseindia.com/MemDirWeb/brokerDetailPage_Beta?memID=1937&h_MemType=members&memName=R%20WADIWALA%20SECURITIES%20PVT.%20LTD.
991,R.K. STOCKHOLDING (P) LTD.,INZ000211932,12310,1984,https://enit.nseindia.com/MemDirWeb/brokerDetailPage_Beta?memID=1984&h_MemType=members&memName=R.K.%20STOCKHOLDING%20%28P%29%20LTD.
992,R.L.P. SECURITIES PVT. LTD.,INZ000166638,9611,1736,https://enit.nseindia.com/MemDirWeb/brokerDetailPage_Beta?memID=1736&h_MemType=members&memName=R.L.P.%20SECURITIES%20PVT.%20LTD.
993,RADAR VISION LIMITED,INZ000183237,90141,3018,https://enit.nseindia.com/MemDirWeb/brokerDetailPage_Beta?memID=3018&h_MemType=members&memName=RADAR%20VISION%20LIMITED
994,RADHARAMANA HOLDING PRIVATE LIMITED,INB231304131/INF231304131,13041,2245,https://enit.nseindia.com/MemDirWeb/brokerDetailPage_Beta?memID=2245&h_MemType=members&memName=RADHARAMANA%20HOLDING%20PRIVATE%20LIMITED
995,RAEDAN CAPITAL PRIVATE LIMITED,INZ000306633,90268,3142,https://enit.nseindia.com/MemDirWeb/brokerDetailPage_Beta?memID=3142&h_MemType=members&memName=RAEDAN%20CAPITAL%20PRIVATE%20LIMITED
996,RAGHUKUL SHARES INDIA PRIVATE LIMITED,INZ000184236,13477,2408,https://enit.nseindia.com/MemDirWeb/brokerDetailPage_Beta?memID=2408&h_MemType=members&memName=RAGHUKUL%20SHARES%20INDIA%20PRIVATE%20LIMITED
997,RAGHUNANDAN CAPITAL PRIVATE LIMITED,INZ000307234,13176,2219,https://enit.nseindia.com/MemDirWeb/brokerDetailPage_Beta?memID=2219&h_MemType=members&memName=RAGHUNANDAN%20CAPITAL%20PRIVATE%20LIMITED
998,RAIMA EQUITIES PRIVATE LIMITED,INZ000263832,7783,538,https://enit.nseindia.com/MemDirWeb/brokerDetailPage_Beta?memID=538&h_MemType=members&memName=RAIMA%20EQUITIES%20PRIVATE%20LIMITED
999,RAINBOW SECURITIES PRIVATE LIMITED,INZ000190631,12089,2419,https://enit.nseindia.com/MemDirWeb/brokerDetailPage_Beta?memID=2419&h_MemType=members&memName=RAINBOW%20SECURITIES%20PRIVATE%20LIMITED
1000,RAISE SECURITIES PRIVATE LIMITED,INZ000006031,90133,3008,https://enit.nseindia.com/MemDirWeb/brokerDetailPage_Beta?memID=3008&h_MemType=members&memName=RAISE%20SECURITIES%20PRIVATE%20LIMITED
1001,RAJANARAYAN CAPITAL MARKETS SERVICES LTD.,INB230753233/INF230753233,7532,619,https://enit.nseindia.com/MemDirWeb/brokerDetailPage_Beta?memID=619&h_MemType=members&memName=RAJANARAYAN%20CAPITAL%20MARKETS%20SERVICES%20LTD.
1002,RAJCHANDRA CAPITAL SERVICES PVT. LTD.,INZ000233334,9936,2502,https://enit.nseindia.com/MemDirWeb/brokerDetailPage_Beta?memID=2502&h_MemType=members&memName=RAJCHANDRA%20CAPITAL%20SERVICES%20PVT.%20LTD.
1003,RAJENDRA MODI SHARE BROKERS PVT LTD,INZ000199631,13028,2175,https://enit.nseindia.com/MemDirWeb/brokerDetailPage_Beta?memID=2175&h_MemType=members&memName=RAJENDRA%20MODI%20SHARE%20BROKERS%20PVT%20LTD
1004,RAJENDRA SHARE BROKING PRIVATE LIMITED,INZ000266332,90320,3190,https://enit.nseindia.com/MemDirWeb/brokerDetailPage_Beta?memID=3190&h_MemType=members&memName=RAJENDRA%20SHARE%20BROKING%20PRIVATE%20LIMITED
1005,RAJESH TULSIRAM MAHESHWARI,INZ000029017,90078,2952,https://enit.nseindia.com/MemDirWeb/brokerDetailPage_Beta?memID=2952&h_MemType=members&memName=RAJESH%20TULSIRAM%20MAHESHWARI
1006,RAJGUL SECURITIES PVT LTD,INZ000316035,13027,2222,https://enit.nseindia.com/MemDirWeb/brokerDetailPage_Beta?memID=2222&h_MemType=members&memName=RAJGUL%20SECURITIES%20PVT%20LTD
1007,RAJKUMAR CHAINRAI BASANTANI,INB230649415,6494,227,https://enit.nseindia.com/MemDirWeb/brokerDetailPage_Beta?memID=227&h_MemType=members&memName=RAJKUMAR%20CHAINRAI%20BASANTANI
1008,RAJSONS SECURITIES LTD.,INZ000217932,8118,791,https://enit.nseindia.com/MemDirWeb/brokerDetailPage_Beta?memID=791&h_MemType=members&memName=RAJSONS%20SECURITIES%20LTD.
1009,RAJVI STOCK BROKING PRIVATE LIMITED,INZ000004333,12170,1923,https://enit.nseindia.com/MemDirWeb/brokerDetailPage_Beta?memID=1923&h_MemType=members&memName=RAJVI%20STOCK%20BROKING%20PRIVATE%20LIMITED
1010,RAKHECHA SECURITIES LTD.,INZ000276131,11512,1776,https://enit.nseindia.com/MemDirWeb/brokerDetailPage_Beta?memID=1776&h_MemType=members&memName=RAKHECHA%20SECURITIES%20LTD.
1011,RAMAKANT RAMNIWAS KASAT,INZ000310313,90308,3178,https://enit.nseindia.com/MemDirWeb/brokerDetailPage_Beta?memID=3178&h_MemType=members&memName=RAMAKANT%20RAMNIWAS%20KASAT
1012,RAMESHWARAM CAPITAL MARKET,INZ000224114,13029,2221,https://enit.nseindia.com/MemDirWeb/brokerDetailPage_Beta?memID=2221&h_MemType=members&memName=RAMESHWARAM%20CAPITAL%20MARKET
1013,RAMSNEHI VINIYOG PRIVATE LIMITED,INZ000046331,90186,3063,https://enit.nseindia.com/MemDirWeb/brokerDetailPage_Beta?memID=3063&h_MemType=members&memName=RAMSNEHI%20VINIYOG%20PRIVATE%20LIMITED
1014,RANGOLI TECHTRADERS PRIVATE LIMITED,INZ000216437,12931,2133,https://enit.nseindia.com/MemDirWeb/brokerDetailPage_Beta?memID=2133&h_MemType=members&memName=RANGOLI%20TECHTRADERS%20PRIVATE%20LIMITED
1015,RAPID CAPITAL SERVICES,INZ000259221,6565,234,https://enit.nseindia.com/MemDirWeb/brokerDetailPage_Beta?memID=234&h_MemType=members&memName=RAPID%20CAPITAL%20SERVICES
1016,RASHI EQUISEARCH PRIVATE LIMITED,INZ000276636,87,178,https://enit.nseindia.com/MemDirWeb/brokerDetailPage_Beta?memID=178&h_MemType=members&memName=RASHI%20EQUISEARCH%20PRIVATE%20LIMITED
1017,RATNAKAR SECURITIES PVT LTD,INZ000191735,7780,466,https://enit.nseindia.com/MemDirWeb/brokerDetailPage_Beta?memID=466&h_MemType=members&memName=RATNAKAR%20SECURITIES%20PVT%20LTD
1018,RAVECHI SECURITIES,INB231301913/INF231301913,13019,2255,https://enit.nseindia.com/MemDirWeb/brokerDetailPage_Beta?memID=2255&h_MemType=members&memName=RAVECHI%20SECURITIES
1019,RAVECHI SECURITIES,INB231301913/INF231301913,13019,2255,https://enit.nseindia.com/MemDirWeb/brokerDetailPage_Beta?memID=2255&h_MemType=members&memName=RAVECHI%20SECURITIES
1020,RAVINDRA BHARTI FINANCIAL SERVICES PRIVATED LIMITED,,,3262,https://enit.nseindia.com/MemDirWeb/brokerDetailPage_Beta?memID=3262&h_MemType=members&memName=RAVINDRA%20BHARTI%20FINANCIAL%20SERVICES%20PRIVATED%20LIMITED
1021,RAY & LAWRENCE CURRENCIES PRIVATE LIMITED,INE231429932,14299,2530,https://enit.nseindia.com/MemDirWeb/brokerDetailPage_Beta?memID=2530&h_MemType=members&memName=RAY%20%26%20LAWRENCE%20CURRENCIES%20PRIVATE%20LIMITED
1022,RBC FINANCIAL SERVICES PVT. LTD.,INZ000203332,7713,795,https://enit.nseindia.com/MemDirWeb/brokerDetailPage_Beta?memID=795&h_MemType=members&memName=RBC%20FINANCIAL%20SERVICES%20PVT.%20LTD.
1023,REFLECTION INVESTMENTS,INZ000283123,7790,927,https://enit.nseindia.com/MemDirWeb/brokerDetailPage_Beta?memID=927&h_MemType=members&memName=REFLECTION%20INVESTMENTS
1024,RELAN INDUSTRIAL FINANCE LTD.,INZ000255437,7835,796,https://enit.nseindia.com/MemDirWeb/brokerDetailPage_Beta?memID=796&h_MemType=members&memName=RELAN%20INDUSTRIAL%20FINANCE%20LTD.
1025,RELIABLE STOCKS & SHARES (INDIA) LTD.,INZ000290639,7544,928,https://enit.nseindia.com/MemDirWeb/brokerDetailPage_Beta?memID=928&h_MemType=members&memName=RELIABLE%20STOCKS%20%26%20SHARES%20%28INDIA%29%20LTD.
1026,RELIABLENIVESH SECURITIES PRIVATE LIMITED,INZ000303333,90325,3195,https://enit.nseindia.com/MemDirWeb/brokerDetailPage_Beta?memID=3195&h_MemType=members&memName=RELIABLENIVESH%20SECURITIES%20PRIVATE%20LIMITED
1027,RELIANCE SECURITIES LIMITED,INZ000172433,12348,1973,https://enit.nseindia.com/MemDirWeb/brokerDetailPage_Beta?memID=1973&h_MemType=members&memName=RELIANCE%20SECURITIES%20LIMITED
1028,RELIGARE BROKING LIMITED,INZ000330135,6537,79,https://enit.nseindia.com/MemDirWeb/brokerDetailPage_Beta?memID=79&h_MemType=members&memName=RELIGARE%20BROKING%20LIMITED
1029,RELIGO BROKING PRIVATE LIMITED,INZ000329131,90463,3330,https://enit.nseindia.com/MemDirWeb/brokerDetailPage_Beta?memID=3330&h_MemType=members&memName=RELIGO%20BROKING%20PRIVATE%20LIMITED
1030,RELITRADE STOCK BROKING PRIVATE LIMITED,INZ000184331,14905,2852,https://enit.nseindia.com/MemDirWeb/brokerDetailPage_Beta?memID=2852&h_MemType=members&memName=RELITRADE%20STOCK%20BROKING%20PRIVATE%20LIMITED
1031,RELYBULLS STOCK BROKING PRIVATE LIMITED,INZ000278937,14474,2793,https://enit.nseindia.com/MemDirWeb/brokerDetailPage_Beta?memID=2793&h_MemType=members&memName=RELYBULLS%20STOCK%20BROKING%20PRIVATE%20LIMITED
1032,RIDHI SHARE BROKERS PVT. LTD.,INZ000285935,13009,2192,https://enit.nseindia.com/MemDirWeb/brokerDetailPage_Beta?memID=2192&h_MemType=members&memName=RIDHI%20SHARE%20BROKERS%20PVT.%20LTD.
1033,RIKHAV SECURITIES LIMITED,INZ000157737,12804,2084,https://enit.nseindia.com/MemDirWeb/brokerDetailPage_Beta?memID=2084&h_MemType=members&memName=RIKHAV%20SECURITIES%20LIMITED
1034,ROI NET SECURITIES PRIVATE LIMITED,INZ000314837,90345,3212,https://enit.nseindia.com/MemDirWeb/brokerDetailPage_Beta?memID=3212&h_MemType=members&memName=ROI%20NET%20SECURITIES%20PRIVATE%20LIMITED
1035,ROLTA SHARES & STOCKS PVT. LTD.,INZ000252232,7846,396,https://enit.nseindia.com/MemDirWeb/brokerDetailPage_Beta?memID=396&h_MemType=members&memName=ROLTA%20SHARES%20%26%20STOCKS%20PVT.%20LTD.
1036,ROONGTA RISING STOCK PRIVATE LIMITED,INZ000274634,13091,2240,https://enit.nseindia.com/MemDirWeb/brokerDetailPage_Beta?memID=2240&h_MemType=members&memName=ROONGTA%20RISING%20STOCK%20PRIVATE%20LIMITED
1037,ROSY BLUE SECURITIES PRIVATE LIMITED,INZ000221531,7218,239,https://enit.nseindia.com/MemDirWeb/brokerDetailPage_Beta?memID=239&h_MemType=members&memName=ROSY%20BLUE%20SECURITIES%20PRIVATE%20LIMITED
1038,RR EQUITY BROKERS PVT. LTD.,INZ000270435,12196,1935,https://enit.nseindia.com/MemDirWeb/brokerDetailPage_Beta?memID=1935&h_MemType=members&memName=RR%20EQUITY%20BROKERS%20PVT.%20LTD.
1039,RR GLOBAL CAPITAL,INZ000213626,90153,3029,https://enit.nseindia.com/MemDirWeb/brokerDetailPage_Beta?memID=3029&h_MemType=members&memName=RR%20GLOBAL%20CAPITAL
1040,RRB MASTER SECURITIES DELHI LTD.,INZ000265237,6113,1780,https://enit.nseindia.com/MemDirWeb/brokerDetailPage_Beta?memID=1780&h_MemType=members&memName=RRB%20MASTER%20SECURITIES%20DELHI%20LTD.
1041,RRS SHARES & STOCK BROKERS PVT. LTD,INZ000257533,11301,510,https://enit.nseindia.com/MemDirWeb/brokerDetailPage_Beta?memID=510&h_MemType=members&memName=RRS%20SHARES%20%26%20STOCK%20BROKERS%20PVT.%20LTD
1042,RS WEALTH MANAGEMENT P. LTD.,INZ000009936,90151,3028,https://enit.nseindia.com/MemDirWeb/brokerDetailPage_Beta?memID=3028&h_MemType=members&memName=RS%20WEALTH%20MANAGEMENT%20P.%20LTD.
1043,RSG SHARE & STOCK BROKERS LTD.,INB230814535,8145,800,https://enit.nseindia.com/MemDirWeb/brokerDetailPage_Beta?memID=800&h_MemType=members&memName=RSG%20SHARE%20%26%20STOCK%20BROKERS%20LTD.
1044,RUDRA SHARES & STOCK BROKERS LIMITED,INZ000004937,13336,2365,https://enit.nseindia.com/MemDirWeb/brokerDetailPage_Beta?memID=2365&h_MemType=members&memName=RUDRA%20SHARES%20%26%20STOCK%20BROKERS%20LIMITED
1045,RUDRANATH STOCK BROKING PRIVATE LIMITED,,,3267,https://enit.nseindia.com/MemDirWeb/brokerDetailPage_Beta?memID=3267&h_MemType=members&memName=RUDRANATH%20STOCK%20BROKING%20PRIVATE%20LIMITED
1046,RUSHABH INVESTMENTS,INZ000242722,6597,240,https://enit.nseindia.com/MemDirWeb/brokerDetailPage_Beta?memID=240&h_MemType=members&memName=RUSHABH%20INVESTMENTS
1047,S A ARTHA SECURITIES PRIVATE LIMITED,INZ000316838,90369,3241,https://enit.nseindia.com/MemDirWeb/brokerDetailPage_Beta?memID=3241&h_MemType=members&memName=S%20A%20ARTHA%20SECURITIES%20PRIVATE%20LIMITED
1048,S D NISSAR SECURITIES PRIVATE LIMITED,INB231291338/INF231291338,12913,2125,https://enit.nseindia.com/MemDirWeb/brokerDetailPage_Beta?memID=2125&h_MemType=members&memName=S%20D%20NISSAR%20SECURITIES%20PRIVATE%20LIMITED
1049,S G STOCK SERVICES LTD.,INB230886230,8862,804,https://enit.nseindia.com/MemDirWeb/brokerDetailPage_Beta?memID=804&h_MemType=members&memName=S%20G%20STOCK%20SERVICES%20LTD.
1050,S R STOCK BROKING PRIVATE LIMITED,INZ000004531,90048,2881,https://enit.nseindia.com/MemDirWeb/brokerDetailPage_Beta?memID=2881&h_MemType=members&memName=S%20R%20STOCK%20BROKING%20PRIVATE%20LIMITED
1051,S.P.JAIN SECURITIES PRIVATE LIMITED,INZ000218230,10595,2025,https://enit.nseindia.com/MemDirWeb/brokerDetailPage_Beta?memID=2025&h_MemType=members&memName=S.P.JAIN%20SECURITIES%20PRIVATE%20LIMITED
1052,SAAKETA INVESTMENT SERVICES LIMITED,INZ000179131,7598,872,https://enit.nseindia.com/MemDirWeb/brokerDetailPage_Beta?memID=872&h_MemType=members&memName=SAAKETA%20INVESTMENT%20SERVICES%20LIMITED
1053,SAAR SECURITIES INDIA PRIVATE LIMITED,INZ000223939,12856,2083,https://enit.nseindia.com/MemDirWeb/brokerDetailPage_Beta?memID=2083&h_MemType=members&memName=SAAR%20SECURITIES%20INDIA%20PRIVATE%20LIMITED
1054,SACHDEVA STOCKS PRIVATE LIMITED,INZ000292435,12877,2082,https://enit.nseindia.com/MemDirWeb/brokerDetailPage_Beta?memID=2082&h_MemType=members&memName=SACHDEVA%20STOCKS%20PRIVATE%20LIMITED
1055,SADRAVYA MONEY PRIVATE LIMITED,INZ000307633,90302,3173,https://enit.nseindia.com/MemDirWeb/brokerDetailPage_Beta?memID=3173&h_MemType=members&memName=SADRAVYA%20MONEY%20PRIVATE%20LIMITED
1056,SAFAL CAPITAL (INDIA) LIMITED,INZ000155333,11027,1925,https://enit.nseindia.com/MemDirWeb/brokerDetailPage_Beta?memID=1925&h_MemType=members&memName=SAFAL%20CAPITAL%20%28INDIA%29%20LIMITED
1057,SAFEGOLD DIGIDEMAT PRIVATE LIMITED,INZ000314736,90335,3205,https://enit.nseindia.com/MemDirWeb/brokerDetailPage_Beta?memID=3205&h_MemType=members&memName=SAFEGOLD%20DIGIDEMAT%20PRIVATE%20LIMITED
1058,SAGUN MARKETING PRIVATE LIMITED,INE231368833,13688,2417,https://enit.nseindia.com/MemDirWeb/brokerDetailPage_Beta?memID=2417&h_MemType=members&memName=SAGUN%20MARKETING%20PRIVATE%20LIMITED
1059,SAJAG SECURITIES PVT. LTD.,INZ000221337,7549,960,https://enit.nseindia.com/MemDirWeb/brokerDetailPage_Beta?memID=960&h_MemType=members&memName=SAJAG%20SECURITIES%20PVT.%20LTD.
1060,SAL SECURITIES PVT LTD,INZ000287438,12117,1907,https://enit.nseindia.com/MemDirWeb/brokerDetailPage_Beta?memID=1907&h_MemType=members&memName=SAL%20SECURITIES%20PVT%20LTD
1061,SALAI DERIVATIVES PRIVATE LIMITED,INZ000311032,90297,3164,https://enit.nseindia.com/MemDirWeb/brokerDetailPage_Beta?memID=3164&h_MemType=members&memName=SALAI%20DERIVATIVES%20PRIVATE%20LIMITED
1062,SALASAR STOCK BROKING LTD.,INZ000238734,7526,581,https://enit.nseindia.com/MemDirWeb/brokerDetailPage_Beta?memID=581&h_MemType=members&memName=SALASAR%20STOCK%20BROKING%20LTD.
1063,SAMBHAV FINANCE,,,2275,https://enit.nseindia.com/MemDirWeb/brokerDetailPage_Beta?memID=2275&h_MemType=members&memName=SAMBHAV%20FINANCE
1064,SAMCO SECURITIES LIMITED,INZ000002535,12135,39,https://enit.nseindia.com/MemDirWeb/brokerDetailPage_Beta?memID=39&h_MemType=members&memName=SAMCO%20SECURITIES%20LIMITED
1065,SAMDHYAN COMMODITIES BROKERS PRIVATE LIMITED,INZ000077431,90303,3172,https://enit.nseindia.com/MemDirWeb/brokerDetailPage_Beta?memID=3172&h_MemType=members&memName=SAMDHYAN%20COMMODITIES%20BROKERS%20PRIVATE%20LIMITED
1066,SAMRIDHI STOCKS PVT. LTD.,INZ000191233,12733,2013,https://enit.nseindia.com/MemDirWeb/brokerDetailPage_Beta?memID=2013&h_MemType=members&memName=SAMRIDHI%20STOCKS%20PVT.%20LTD.
1067,SAMURAI SECURITIES PRIVATE LIMITED,INZ000187234,12102,1960,https://enit.nseindia.com/MemDirWeb/brokerDetailPage_Beta?memID=1960&h_MemType=members&memName=SAMURAI%20SECURITIES%20PRIVATE%20LIMITED
1068,SAMYAG BROKING PRIVATE LIMITED,INZ000181631,13993,2522,https://enit.nseindia.com/MemDirWeb/brokerDetailPage_Beta?memID=2522&h_MemType=members&memName=SAMYAG%20BROKING%20PRIVATE%20LIMITED
1069,SANCHAY FINVEST LTD.,INZ000289036,11679,882,https://enit.nseindia.com/MemDirWeb/brokerDetailPage_Beta?memID=882&h_MemType=members&memName=SANCHAY%20FINVEST%20LTD.
1070,SANCHIT FINANCIAL & MANAGEMENT SERVICES LTD.,INZ000295835,8039,808,https://enit.nseindia.com/MemDirWeb/brokerDetailPage_Beta?memID=808&h_MemType=members&memName=SANCHIT%20FINANCIAL%20%26%20MANAGEMENT%20SERVICES%20LTD.
1071,SANCTUM WEALTH PRIVATE LIMITED,INZ000011338,90072,2953,https://enit.nseindia.com/MemDirWeb/brokerDetailPage_Beta?memID=2953&h_MemType=members&memName=SANCTUM%20WEALTH%20PRIVATE%20LIMITED
1072,SANFORD C.BERNSTEIN (INDIA) PRIVATE LIMITED,INZ000213537,90160,3036,https://enit.nseindia.com/MemDirWeb/brokerDetailPage_Beta?memID=3036&h_MemType=members&memName=SANFORD%20C.BERNSTEIN%20%28INDIA%29%20PRIVATE%20LIMITED
1073,SANGHAVI SAVLA STOCKBROKERS LTD.,INZ000182234,7656,124,https://enit.nseindia.com/MemDirWeb/brokerDetailPage_Beta?memID=124&h_MemType=members&memName=SANGHAVI%20SAVLA%20STOCKBROKERS%20LTD.
1074,SANJAY AGARWAL BROKING LIMITED,INZ000097519,90102,2966,https://enit.nseindia.com/MemDirWeb/brokerDetailPage_Beta?memID=2966&h_MemType=members&memName=SANJAY%20AGARWAL%20BROKING%20LIMITED
1075,SANKALP FINANCE,INZ000298721,90223,3100,https://enit.nseindia.com/MemDirWeb/brokerDetailPage_Beta?memID=3100&h_MemType=members&memName=SANKALP%20FINANCE
1076,SANKALP SHARE BROKERS PRIVATE LIMITED,INZ000285732,12501,1980,https://enit.nseindia.com/MemDirWeb/brokerDetailPage_Beta?memID=1980&h_MemType=members&memName=SANKALP%20SHARE%20BROKERS%20PRIVATE%20LIMITED
1077,SANTOSH KUMAR KEJRIWAL SECURITIES P LTD.,INZ000182035,7759,582,https://enit.nseindia.com/MemDirWeb/brokerDetailPage_Beta?memID=582&h_MemType=members&memName=SANTOSH%20KUMAR%20KEJRIWAL%20SECURITIES%20P%20LTD.
1078,SAPPHIRE BROKING,INZ000329823,90481,3347,https://enit.nseindia.com/MemDirWeb/brokerDetailPage_Beta?memID=3347&h_MemType=members&memName=SAPPHIRE%20BROKING
1079,SARA CAPITAL LIMITED,INB231294431/INF231294431,12944,2137,https://enit.nseindia.com/MemDirWeb/brokerDetailPage_Beta?memID=2137&h_MemType=members&memName=SARA%20CAPITAL%20LIMITED
1080,SARA SECURITIES PVT. LTD.,INZ000216732,12083,1890,https://enit.nseindia.com/MemDirWeb/brokerDetailPage_Beta?memID=1890&h_MemType=members&memName=SARA%20SECURITIES%20PVT.%20LTD.
1081,SARVIN CAPITAL PRIVATE LIMITED,INB230759237/INF230759237/INE230759237,7592,583,https://enit.nseindia.com/MemDirWeb/brokerDetailPage_Beta?memID=583&h_MemType=members&memName=SARVIN%20CAPITAL%20PRIVATE%20LIMITED
1082,SATCO CAPITAL MARKETS LIMITED,INZ000198838,6422,247,https://enit.nseindia.com/MemDirWeb/brokerDetailPage_Beta?memID=247&h_MemType=members&memName=SATCO%20CAPITAL%20MARKETS%20LIMITED
1083,SATYA FINVEST CO,INB231309429/INF231309429,13094,2246,https://enit.nseindia.com/MemDirWeb/brokerDetailPage_Beta?memID=2246&h_MemType=members&memName=SATYA%20FINVEST%20CO
1084,SATYAM SECURITIES P LTD,INB231269631/INF231269631,12696,2017,https://enit.nseindia.com/MemDirWeb/brokerDetailPage_Beta?memID=2017&h_MemType=members&memName=SATYAM%20SECURITIES%20P%20LTD
1085,SAURASHTRA CAPITAL BROKING PRIVATE LIMITED,INZ000246238,7480,1725,https://enit.nseindia.com/MemDirWeb/brokerDetailPage_Beta?memID=1725&h_MemType=members&memName=SAURASHTRA%20CAPITAL%20BROKING%20PRIVATE%20LIMITED
1086,SAURIN INVESTMENTS (P) LTD.,INZ000285637,8237,469,https://enit.nseindia.com/MemDirWeb/brokerDetailPage_Beta?memID=469&h_MemType=members&memName=SAURIN%20INVESTMENTS%20%28P%29%20LTD.
1087,SBI DFHI LIMITED,INZ000259939,90128,3005,https://enit.nseindia.com/MemDirWeb/brokerDetailPage_Beta?memID=3005&h_MemType=members&memName=SBI%20DFHI%20LIMITED
1088,SBICAP SECURITIES LIMITED,INZ000200032,10529,399,https://enit.nseindia.com/MemDirWeb/brokerDetailPage_Beta?memID=399&h_MemType=members&memName=SBICAP%20SECURITIES%20LIMITED
1089,SBI-SG GLOBAL SECURITIES SERVICES PRIVATE LIMITED,INZ000164039,13768,2388,https://enit.nseindia.com/MemDirWeb/brokerDetailPage_Beta?memID=2388&h_MemType=members&memName=SBI-SG%20GLOBAL%20SECURITIES%20SERVICES%20PRIVATE%20LIMITED
1090,SDFC SECURITIES LIMITED,INB230822939/INF230822939,8229,512,https://enit.nseindia.com/MemDirWeb/brokerDetailPage_Beta?memID=512&h_MemType=members&memName=SDFC%20SECURITIES%20LIMITED
1091,SENTINELSEC INDIA LLP,INZ000323153,90418,3289,https://enit.nseindia.com/MemDirWeb/brokerDetailPage_Beta?memID=3289&h_MemType=members&memName=SENTINELSEC%20INDIA%20LLP
1092,SERNET FINANCIAL SERVICES PRIVATE LIMITED,INZ000189331,90073,2954,https://enit.nseindia.com/MemDirWeb/brokerDetailPage_Beta?memID=2954&h_MemType=members&memName=SERNET%20FINANCIAL%20SERVICES%20PRIVATE%20LIMITED
1093,SETHI FINMART PVT. LTD.,INZ000240734,12793,2058,https://enit.nseindia.com/MemDirWeb/brokerDetailPage_Beta?memID=2058&h_MemType=members&memName=SETHI%20FINMART%20PVT.%20LTD.
1094,SEVENHILL SECURITIES LIMITED,INB230806935,8069,963,https://enit.nseindia.com/MemDirWeb/brokerDetailPage_Beta?memID=963&h_MemType=members&memName=SEVENHILL%20SECURITIES%20LIMITED
1095,SHADOWFAX TRADERS,INZ000010314,90065,2944,https://enit.nseindia.com/MemDirWeb/brokerDetailPage_Beta?memID=2944&h_MemType=members&memName=SHADOWFAX%20TRADERS
1096,SHAH INVESTORS HOME LIMITED,INZ000167335,7590,470,https://enit.nseindia.com/MemDirWeb/brokerDetailPage_Beta?memID=470&h_MemType=members&memName=SHAH%20INVESTORS%20HOME%20LIMITED
1097,SHAILESH MULCHAND NISSAR,INZ000248617,278,2122,https://enit.nseindia.com/MemDirWeb/brokerDetailPage_Beta?memID=2122&h_MemType=members&memName=SHAILESH%20MULCHAND%20NISSAR
1098,SHARAD AGARWAL BROKING SERVICES PRIVATE LIMITED,INZ000265636,9111,584,https://enit.nseindia.com/MemDirWeb/brokerDetailPage_Beta?memID=584&h_MemType=members&memName=SHARAD%20AGARWAL%20BROKING%20SERVICES%20PRIVATE%20LIMITED
1099,SHARDA CAPITAL PVT. LTD.,INE231387737,13877,2544,https://enit.nseindia.com/MemDirWeb/brokerDetailPage_Beta?memID=2544&h_MemType=members&memName=SHARDA%20CAPITAL%20PVT.%20LTD.
1100,SHARE INDIA ALGOPLUS PRIVATE LIMITED,INZ000301934,90273,3147,https://enit.nseindia.com/MemDirWeb/brokerDetailPage_Beta?memID=3147&h_MemType=members&memName=SHARE%20INDIA%20ALGOPLUS%20PRIVATE%20LIMITED
1101,SHARE INDIA SECURITIES LIMITED,INZ000178336,10798,1745,https://enit.nseindia.com/MemDirWeb/brokerDetailPage_Beta?memID=1745&h_MemType=members&memName=SHARE%20INDIA%20SECURITIES%20LIMITED
1102,SHARE WISE EQUITY BROKERS PRIVATE LIMITED,INZ000300631,90249,3125,https://enit.nseindia.com/MemDirWeb/brokerDetailPage_Beta?memID=3125&h_MemType=members&memName=SHARE%20WISE%20EQUITY%20BROKERS%20PRIVATE%20LIMITED
1103,SHAREKHAN LTD.,INZ000171337,10733,2069,https://enit.nseindia.com/MemDirWeb/brokerDetailPage_Beta?memID=2069&h_MemType=members&memName=SHAREKHAN%20LTD.
1104,SHARES  BAZAAR PRIVATE LTD,,,3165,https://enit.nseindia.com/MemDirWeb/brokerDetailPage_Beta?memID=3165&h_MemType=members&memName=SHARES%20%20BAZAAR%20PRIVATE%20LTD
1105,SHAREWAY SECURITIES PRIVATE LIMITED,INZ000208134,13093,2259,https://enit.nseindia.com/MemDirWeb/brokerDetailPage_Beta?memID=2259&h_MemType=members&memName=SHAREWAY%20SECURITIES%20PRIVATE%20LIMITED
1106,SHAREWEALTH SECURITIES LIMITED,INZ000176636,12499,1972,https://enit.nseindia.com/MemDirWeb/brokerDetailPage_Beta?memID=1972&h_MemType=members&memName=SHAREWEALTH%20SECURITIES%20LIMITED
1107,SHELLY SHARES & SECURITIES,INB231350118/INF231350118/INE231350118,13501,2281,https://enit.nseindia.com/MemDirWeb/brokerDetailPage_Beta?memID=2281&h_MemType=members&memName=SHELLY%20SHARES%20%26%20SECURITIES
1108,SHILPA SHARES AND SECURITIES,INB230662822,6628,261,https://enit.nseindia.com/MemDirWeb/brokerDetailPage_Beta?memID=261&h_MemType=members&memName=SHILPA%20SHARES%20AND%20SECURITIES
1109,SHILPA STOCK BROKER PRIVATE LIMITED,INZ000201636,10574,1753,https://enit.nseindia.com/MemDirWeb/brokerDetailPage_Beta?memID=1753&h_MemType=members&memName=SHILPA%20STOCK%20BROKER%20PRIVATE%20LIMITED
1110,SHIVMANGAL SECURITIES PRIVATE LIMITED,INZ000216335,8135,585,https://enit.nseindia.com/MemDirWeb/brokerDetailPage_Beta?memID=585&h_MemType=members&memName=SHIVMANGAL%20SECURITIES%20PRIVATE%20LIMITED
1111,SHREE BAHUBALI STOCK BROKING LTD,INZ000103838,7818,586,https://enit.nseindia.com/MemDirWeb/brokerDetailPage_Beta?memID=586&h_MemType=members&memName=SHREE%20BAHUBALI%20STOCK%20BROKING%20LTD
1112,SHREE BALAJI MULTICOMMODITIES PVT LTD,INZ000077535,90202,3079,https://enit.nseindia.com/MemDirWeb/brokerDetailPage_Beta?memID=3079&h_MemType=members&memName=SHREE%20BALAJI%20MULTICOMMODITIES%20PVT%20LTD
1113,SHREE KANHA STOCK BROKING PVT. LTD,INZ000222633,12162,1926,https://enit.nseindia.com/MemDirWeb/brokerDetailPage_Beta?memID=1926&h_MemType=members&memName=SHREE%20KANHA%20STOCK%20BROKING%20PVT.%20LTD
1114,SHREE NAMAN SECURITIES & FINANCE PVT. LTD,INZ000283937,8082,455,https://enit.nseindia.com/MemDirWeb/brokerDetailPage_Beta?memID=455&h_MemType=members&memName=SHREE%20NAMAN%20SECURITIES%20%26%20FINANCE%20PVT.%20LTD
1115,SHREE RAM FINCARE,INZ000313927,90362,3234,https://enit.nseindia.com/MemDirWeb/brokerDetailPage_Beta?memID=3234&h_MemType=members&memName=SHREE%20RAM%20FINCARE
1116,SHREE TISAI SECURITIES PRIVATE LIMITED,INZ000215732,14131,2846,https://enit.nseindia.com/MemDirWeb/brokerDetailPage_Beta?memID=2846&h_MemType=members&memName=SHREE%20TISAI%20SECURITIES%20PRIVATE%20LIMITED
1117,SHREEHARI SHARES & STOCK BROKERS LLP,INZ000166031,9802,1891,https://enit.nseindia.com/MemDirWeb/brokerDetailPage_Beta?memID=1891&h_MemType=members&memName=SHREEHARI%20SHARES%20%26%20STOCK%20BROKERS%20LLP
1118,SHREEKANT PHUMBHRA,INZ000241419,5566,587,https://enit.nseindia.com/MemDirWeb/brokerDetailPage_Beta?memID=587&h_MemType=members&memName=SHREEKANT%20PHUMBHRA
1119,SHRENI SHARES LIMITED,INZ000268538,14109,2536,https://enit.nseindia.com/MemDirWeb/brokerDetailPage_Beta?memID=2536&h_MemType=members&memName=SHRENI%20SHARES%20LIMITED
1120,SHRI BRIJ SECURITIES PVT.LTD.,INZ000183033,9759,1729,https://enit.nseindia.com/MemDirWeb/brokerDetailPage_Beta?memID=1729&h_MemType=members&memName=SHRI%20BRIJ%20SECURITIES%20PVT.LTD.
1121,SHRI HARIRAM HOLDINGS,INB231322117/INF231322117,13221,2283,https://enit.nseindia.com/MemDirWeb/brokerDetailPage_Beta?memID=2283&h_MemType=members&memName=SHRI%20HARIRAM%20HOLDINGS
1122,SHRI KRISHNA SHARE BROKERS PRIVATE LIMITED,INZ000302434,13488,2411,https://enit.nseindia.com/MemDirWeb/brokerDetailPage_Beta?memID=2411&h_MemType=members&memName=SHRI%20KRISHNA%20SHARE%20BROKERS%20PRIVATE%20LIMITED
1123,SHRI PARASRAM HOLDINGS PVT. LTD.,INZ000220838,8140,816,https://enit.nseindia.com/MemDirWeb/brokerDetailPage_Beta?memID=816&h_MemType=members&memName=SHRI%20PARASRAM%20HOLDINGS%20PVT.%20LTD.
1124,SHRI RAM COMMODITIES,INZ000029627,90150,3025,https://enit.nseindia.com/MemDirWeb/brokerDetailPage_Beta?memID=3025&h_MemType=members&memName=SHRI%20RAM%20COMMODITIES
1125,SHRI SHYAM KRIPA INVESTMENTS PRIVATE LIMITED,INZ000317238,90376,3248,https://enit.nseindia.com/MemDirWeb/brokerDetailPage_Beta?memID=3248&h_MemType=members&memName=SHRI%20SHYAM%20KRIPA%20INVESTMENTS%20PRIVATE%20LIMITED
1126,SHRI SUMATI OIL INDUSTRIES PVT LTD,INZ000074834,90172,3049,https://enit.nseindia.com/MemDirWeb/brokerDetailPage_Beta?memID=3049&h_MemType=members&memName=SHRI%20SUMATI%20OIL%20INDUSTRIES%20PVT%20LTD
1127,SHRI VENKATESH STOCK BROKER SERVICES INDIA PRIVATE LIMITED,INZ000231135,90265,3139,https://enit.nseindia.com/MemDirWeb/brokerDetailPage_Beta?memID=3139&h_MemType=members&memName=SHRI%20VENKATESH%20STOCK%20BROKER%20SERVICES%20INDIA%20PRIVATE%20LIMITED
1128,SHRI VIJAYSHREE INVESTMENT SERVICES PRIVATE LIMITED,INZ000324038,90441,3310,https://enit.nseindia.com/MemDirWeb/brokerDetailPage_Beta?memID=3310&h_MemType=members&memName=SHRI%20VIJAYSHREE%20INVESTMENT%20SERVICES%20PRIVATE%20LIMITED
1129,SHRIDHAR MALLAWAT,INZ000309314,90298,3168,https://enit.nseindia.com/MemDirWeb/brokerDetailPage_Beta?memID=3168&h_MemType=members&memName=SHRIDHAR%20MALLAWAT
1130,SHRIRAM INSIGHT SHARE BROKERS LIMITED,INZ000216238,13486,1104,https://enit.nseindia.com/MemDirWeb/brokerDetailPage_Beta?memID=1104&h_MemType=members&memName=SHRIRAM%20INSIGHT%20SHARE%20BROKERS%20LIMITED
1131,SHRIYAM BROKING INTERMEDIARY LTD.,INZ000274033,6640,402,https://enit.nseindia.com/MemDirWeb/brokerDetailPage_Beta?memID=402&h_MemType=members&memName=SHRIYAM%20BROKING%20INTERMEDIARY%20LTD.
1132,SHUBHAM STOCK BROKING SERVICES PVT. LTD.,INZ000287736,12543,1985,https://enit.nseindia.com/MemDirWeb/brokerDetailPage_Beta?memID=1985&h_MemType=members&memName=SHUBHAM%20STOCK%20BROKING%20SERVICES%20PVT.%20LTD.
1133,SI INVESTMENTS AND BROKING PRIVATE LIMITED,INZ000272531,9915,2850,https://enit.nseindia.com/MemDirWeb/brokerDetailPage_Beta?memID=2850&h_MemType=members&memName=SI%20INVESTMENTS%20AND%20BROKING%20PRIVATE%20LIMITED
1134,SIC STOCKS & SERVICES PRIVATE LIMITED,INZ000289933,11803,2228,https://enit.nseindia.com/MemDirWeb/brokerDetailPage_Beta?memID=2228&h_MemType=members&memName=SIC%20STOCKS%20%26%20SERVICES%20PRIVATE%20LIMITED
1135,SIDDHARTHA COMMODITIES PRIVATE LIMITED,INZ000086139,90344,3216,https://enit.nseindia.com/MemDirWeb/brokerDetailPage_Beta?memID=3216&h_MemType=members&memName=SIDDHARTHA%20COMMODITIES%20PRIVATE%20LIMITED
1136,SIG INDIA TRADING PRIVATE LIMITED,INZ000318238,90386,3258,https://enit.nseindia.com/MemDirWeb/brokerDetailPage_Beta?memID=3258&h_MemType=members&memName=SIG%20INDIA%20TRADING%20PRIVATE%20LIMITED
1137,SIGNATUREGLOBAL COMTRADE PRIVATE LIMITED,INZ000192436,90107,2982,https://enit.nseindia.com/MemDirWeb/brokerDetailPage_Beta?memID=2982&h_MemType=members&memName=SIGNATUREGLOBAL%20COMTRADE%20PRIVATE%20LIMITED
1138,SILVER STREAM EQUITIES PRIVATE LIMITED,INZ000198335,13598,2442,https://enit.nseindia.com/MemDirWeb/brokerDetailPage_Beta?memID=2442&h_MemType=members&memName=SILVER%20STREAM%20EQUITIES%20PRIVATE%20LIMITED
1139,SIMANDHAR BROKING LIMITED,INB231390437/INF231390437/INE231390437,13904,2512,https://enit.nseindia.com/MemDirWeb/brokerDetailPage_Beta?memID=2512&h_MemType=members&memName=SIMANDHAR%20BROKING%20LIMITED
1140,SINGHAL CAPITAL MARKET LIMITED,INZ000286134,7540,817,https://enit.nseindia.com/MemDirWeb/brokerDetailPage_Beta?memID=817&h_MemType=members&memName=SINGHAL%20CAPITAL%20MARKET%20LIMITED
1141,SKI CAPITAL SERVICES LTD.,INZ000188835,8153,819,https://enit.nseindia.com/MemDirWeb/brokerDetailPage_Beta?memID=819&h_MemType=members&memName=SKI%20CAPITAL%20SERVICES%20LTD.
1142,SKP SECURITIES LTD.,INZ000199335,7075,1050,https://enit.nseindia.com/MemDirWeb/brokerDetailPage_Beta?memID=1050&h_MemType=members&memName=SKP%20SECURITIES%20LTD.
1143,SKS CAPITAL & RESEARCH PRIVATE LIMITED,INZ000223739,11179,1673,https://enit.nseindia.com/MemDirWeb/brokerDetailPage_Beta?memID=1673&h_MemType=members&memName=SKS%20CAPITAL%20%26%20RESEARCH%20PRIVATE%20LIMITED
1144,SKSE SECURITIES LTD.,INZ000293432,10760,1769,https://enit.nseindia.com/MemDirWeb/brokerDetailPage_Beta?memID=1769&h_MemType=members&memName=SKSE%20SECURITIES%20LTD.
1145,SKY COMMODITIES INDIA PVT LTD,INZ000049235,90221,3098,https://enit.nseindia.com/MemDirWeb/brokerDetailPage_Beta?memID=3098&h_MemType=members&memName=SKY%20COMMODITIES%20INDIA%20PVT%20LTD
1146,SKYWARDS INVESTEC PRIVATE LIMITED,INZ000315235,90340,3211,https://enit.nseindia.com/MemDirWeb/brokerDetailPage_Beta?memID=3211&h_MemType=members&memName=SKYWARDS%20INVESTEC%20PRIVATE%20LIMITED
1147,SMART EQUITY BROKERS PRIVATE LIMITED,INZ000177636,12782,2059,https://enit.nseindia.com/MemDirWeb/brokerDetailPage_Beta?memID=2059&h_MemType=members&memName=SMART%20EQUITY%20BROKERS%20PRIVATE%20LIMITED
1148,SMC GLOBAL SECURITIES LTD.,INZ000199438,7714,820,https://enit.nseindia.com/MemDirWeb/brokerDetailPage_Beta?memID=820&h_MemType=members&memName=SMC%20GLOBAL%20SECURITIES%20LTD.
1149,SMIFS LIMITED,INZ000220635,5999,406,https://enit.nseindia.com/MemDirWeb/brokerDetailPage_Beta?memID=406&h_MemType=members&memName=SMIFS%20LIMITED
1150,SMK SHARES AND STOCK BROKING PVT. LTD.,INZ000217239,9860,2035,https://enit.nseindia.com/MemDirWeb/brokerDetailPage_Beta?memID=2035&h_MemType=members&memName=SMK%20SHARES%20AND%20STOCK%20BROKING%20PVT.%20LTD.
1151,SMP SECURITIES LTD.,INZ000274734,7784,821,https://enit.nseindia.com/MemDirWeb/brokerDetailPage_Beta?memID=821&h_MemType=members&memName=SMP%20SECURITIES%20LTD.
1152,SOCIETE GENERALE SECURITIES INDIA PRIVATE LIMITED,INZ000093534,9252,1138,https://enit.nseindia.com/MemDirWeb/brokerDetailPage_Beta?memID=1138&h_MemType=members&memName=SOCIETE%20GENERALE%20SECURITIES%20INDIA%20PRIVATE%20LIMITED
1153,SODHANI SECURITIES LTD.,INZ000242534,10245,269,https://enit.nseindia.com/MemDirWeb/brokerDetailPage_Beta?memID=269&h_MemType=members&memName=SODHANI%20SECURITIES%20LTD.
1154,SOMAYAJULU & CO. LTD.,INZ000273538,6293,407,https://enit.nseindia.com/MemDirWeb/brokerDetailPage_Beta?memID=407&h_MemType=members&memName=SOMAYAJULU%20%26%20CO.%20LTD.
1155,SONA GLOBAL LTD.,INB231281339/INF231281339,12813,2079,https://enit.nseindia.com/MemDirWeb/brokerDetailPage_Beta?memID=2079&h_MemType=members&memName=SONA%20GLOBAL%20LTD.
1156,SONAWALA GLOBAL EQUITIES PRIVATE LIMITED,INZ000279713,6779,175,https://enit.nseindia.com/MemDirWeb/brokerDetailPage_Beta?memID=175&h_MemType=members&memName=SONAWALA%20GLOBAL%20EQUITIES%20PRIVATE%20LIMITED
1157,SOUTH ASIAN STOCKS LTD.,INZ000164738,9073,992,https://enit.nseindia.com/MemDirWeb/brokerDetailPage_Beta?memID=992&h_MemType=members&memName=SOUTH%20ASIAN%20STOCKS%20LTD.
1158,SOUTH GUJARAT SHARES & SHAREBROKERS LTD,INZ000244231,8845,1015,https://enit.nseindia.com/MemDirWeb/brokerDetailPage_Beta?memID=1015&h_MemType=members&memName=SOUTH%20GUJARAT%20SHARES%20%26%20SHAREBROKERS%20LTD
1159,SPACE ANG INDIA CORPORATION,INZ000000117,90036,2912,https://enit.nseindia.com/MemDirWeb/brokerDetailPage_Beta?memID=2912&h_MemType=members&memName=SPACE%20ANG%20INDIA%20CORPORATION
1160,SPAN CAPLEASE PVT. LTD.,INZ000183933,10419,1959,https://enit.nseindia.com/MemDirWeb/brokerDetailPage_Beta?memID=1959&h_MemType=members&memName=SPAN%20CAPLEASE%20PVT.%20LTD.
1161,SPARK INSTITUTIONAL EQUITIES PRIVATE LIMITED,INZ000307037,12562,1995,https://enit.nseindia.com/MemDirWeb/brokerDetailPage_Beta?memID=1995&h_MemType=members&memName=SPARK%20INSTITUTIONAL%20EQUITIES%20PRIVATE%20LIMITED
1162,SPARK PWM PRIVATE LIMITED,INZ000285135,90179,3057,https://enit.nseindia.com/MemDirWeb/brokerDetailPage_Beta?memID=3057&h_MemType=members&memName=SPARK%20PWM%20PRIVATE%20LIMITED
1163,SPARK SECURITIES PVT. LTD,INZ000219434,7593,590,https://enit.nseindia.com/MemDirWeb/brokerDetailPage_Beta?memID=590&h_MemType=members&memName=SPARK%20SECURITIES%20PVT.%20LTD
1164,SPARKLE SECURITIES SOLUTIONS PRIVATE LIMITED,INZ000257237,13006,2230,https://enit.nseindia.com/MemDirWeb/brokerDetailPage_Beta?memID=2230&h_MemType=members&memName=SPARKLE%20SECURITIES%20SOLUTIONS%20PRIVATE%20LIMITED
1165,SPFL SECURITIES LIMITED,INZ000214237,8125,823,https://enit.nseindia.com/MemDirWeb/brokerDetailPage_Beta?memID=823&h_MemType=members&memName=SPFL%20SECURITIES%20LIMITED
1166,SPREAD X SECURITIES PRIVATE LIMITED,INZ000310930,90309,3179,https://enit.nseindia.com/MemDirWeb/brokerDetailPage_Beta?memID=3179&h_MemType=members&memName=SPREAD%20X%20SECURITIES%20PRIVATE%20LIMITED
1167,SPS SHARE BROKERS PVT. LTD.,INZ000206136,9799,1927,https://enit.nseindia.com/MemDirWeb/brokerDetailPage_Beta?memID=1927&h_MemType=members&memName=SPS%20SHARE%20BROKERS%20PVT.%20LTD.
1168,SR ALGOTECH PRIVATE LIMITED,INZ000321133,90403,3274,https://enit.nseindia.com/MemDirWeb/brokerDetailPage_Beta?memID=3274&h_MemType=members&memName=SR%20ALGOTECH%20PRIVATE%20LIMITED
1169,SRI BHEEMESWARA SECURITIES (P) LTD,INB231118135/INF231118135,11181,1722,https://enit.nseindia.com/MemDirWeb/brokerDetailPage_Beta?memID=1722&h_MemType=members&memName=SRI%20BHEEMESWARA%20SECURITIES%20%28P%29%20LTD
1170,SRI SAIRAM FINANCE AND SECURITIES,,,2335,https://enit.nseindia.com/MemDirWeb/brokerDetailPage_Beta?memID=2335&h_MemType=members&memName=SRI%20SAIRAM%20FINANCE%20AND%20SECURITIES
1171,SRI SAIRAM GLOBAL SECURITIES LTD,INB230752136/INF230752136,7521,488,https://enit.nseindia.com/MemDirWeb/brokerDetailPage_Beta?memID=488&h_MemType=members&memName=SRI%20SAIRAM%20GLOBAL%20SECURITIES%20LTD
1172,SRI SHIRDI SECURITIES PRIVATE LIMITED,INZ000165032,11499,1771,https://enit.nseindia.com/MemDirWeb/brokerDetailPage_Beta?memID=1771&h_MemType=members&memName=SRI%20SHIRDI%20SECURITIES%20PRIVATE%20LIMITED
1173,SRM SECURITIES PRIVATE LIMITED,INB231426231/INF231426231/INE231426231,14262,2538,https://enit.nseindia.com/MemDirWeb/brokerDetailPage_Beta?memID=2538&h_MemType=members&memName=SRM%20SECURITIES%20PRIVATE%20LIMITED
1174,SS CORPORATE SECURITIES LIMITED,INZ000219533,7538,805,https://enit.nseindia.com/MemDirWeb/brokerDetailPage_Beta?memID=805&h_MemType=members&memName=SS%20CORPORATE%20SECURITIES%20LIMITED
1175,SSD SECURITIES PVT. LTD.,INZ000200930,12389,2026,https://enit.nseindia.com/MemDirWeb/brokerDetailPage_Beta?memID=2026&h_MemType=members&memName=SSD%20SECURITIES%20PVT.%20LTD.
1176,SSJ FINANCE & SECURITIES PVT. LTD.,INZ000178436,11183,1679,https://enit.nseindia.com/MemDirWeb/brokerDetailPage_Beta?memID=1679&h_MemType=members&memName=SSJ%20FINANCE%20%26%20SECURITIES%20PVT.%20LTD.
1177,SSM SECURITIES PVT. LTD.,INZ000194130,10864,1905,https://enit.nseindia.com/MemDirWeb/brokerDetailPage_Beta?memID=1905&h_MemType=members&memName=SSM%20SECURITIES%20PVT.%20LTD.
1178,SSPL WEALTH PRIVATE LIMITED,INZ000192638,11221,1718,https://enit.nseindia.com/MemDirWeb/brokerDetailPage_Beta?memID=1718&h_MemType=members&memName=SSPL%20WEALTH%20PRIVATE%20LIMITED
1179,STABLE BROKING PRIVATE LIMITED,,90363,3235,https://enit.nseindia.com/MemDirWeb/brokerDetailPage_Beta?memID=3235&h_MemType=members&memName=STABLE%20BROKING%20PRIVATE%20LIMITED
1180,STANDARD CHARTERED BANK,INF231192131/INE231307633,13076,1853,https://enit.nseindia.com/MemDirWeb/brokerDetailPage_Beta?memID=1853&h_MemType=members&memName=STANDARD%20CHARTERED%20BANK
1181,STANDARD CHARTERED SECURITIES (INDIA) LIMITED,INZ000231932,13333,420,https://enit.nseindia.com/MemDirWeb/brokerDetailPage_Beta?memID=420&h_MemType=members&memName=STANDARD%20CHARTERED%20SECURITIES%20%28INDIA%29%20LIMITED
1182,STANDARD SECURITIES & INVESTMENT INTERMEDIATES LIMITED,INZ000224239,8054,825,https://enit.nseindia.com/MemDirWeb/brokerDetailPage_Beta?memID=825&h_MemType=members&memName=STANDARD%20SECURITIES%20%26%20INVESTMENT%20INTERMEDIATES%20LIMITED
1183,STANDARD STOCK BROKERS LTD.,INZ000255932,7016,803,https://enit.nseindia.com/MemDirWeb/brokerDetailPage_Beta?memID=803&h_MemType=members&memName=STANDARD%20STOCK%20BROKERS%20LTD.
1184,STAR FINVEST PVT. LTD.,INZ000160735,10639,630,https://enit.nseindia.com/MemDirWeb/brokerDetailPage_Beta?memID=630&h_MemType=members&memName=STAR%20FINVEST%20PVT.%20LTD.
1185,STAR SHARE & STOCK BROKERS LTD.,INB230771636/INF230771636,7716,826,https://enit.nseindia.com/MemDirWeb/brokerDetailPage_Beta?memID=826&h_MemType=members&memName=STAR%20SHARE%20%26%20STOCK%20BROKERS%20LTD.
1186,STATE BANK OF INDIA,INE231308730,13087,2328,https://enit.nseindia.com/MemDirWeb/brokerDetailPage_Beta?memID=2328&h_MemType=members&memName=STATE%20BANK%20OF%20INDIA
1187,STCI PRIMARY DEALER LIMITED,INZ230003337,90007,2884,https://enit.nseindia.com/MemDirWeb/brokerDetailPage_Beta?memID=2884&h_MemType=members&memName=STCI%20PRIMARY%20DEALER%20LIMITED
1188,STEEL CITY SECURITIES LTD.,INZ000223538,8061,874,https://enit.nseindia.com/MemDirWeb/brokerDetailPage_Beta?memID=874&h_MemType=members&memName=STEEL%20CITY%20SECURITIES%20LTD.
1189,STELLAREDGE BROKERS PRIVATE LIMITED,INZ000321036,90402,3273,https://enit.nseindia.com/MemDirWeb/brokerDetailPage_Beta?memID=3273&h_MemType=members&memName=STELLAREDGE%20BROKERS%20PRIVATE%20LIMITED
1190,STOCK HOLDING CORPORATION OF INDIA LTD,INZ000241237,11330,1668,https://enit.nseindia.com/MemDirWeb/brokerDetailPage_Beta?memID=1668&h_MemType=members&memName=STOCK%20HOLDING%20CORPORATION%20OF%20INDIA%20LTD
1191,STOCKHOLDING SERVICES LIMITED,INZ000199936,12538,2242,https://enit.nseindia.com/MemDirWeb/brokerDetailPage_Beta?memID=2242&h_MemType=members&memName=STOCKHOLDING%20SERVICES%20LIMITED
1192,STOCKHOME INDIA LTD.,INZ000182734,11680,1843,https://enit.nseindia.com/MemDirWeb/brokerDetailPage_Beta?memID=1843&h_MemType=members&memName=STOCKHOME%20INDIA%20LTD.
1193,STOCKOLOGY SECURITIES PRIVATE LIMITED,INZ000326233,90434,3304,https://enit.nseindia.com/MemDirWeb/brokerDetailPage_Beta?memID=3304&h_MemType=members&memName=STOCKOLOGY%20SECURITIES%20PRIVATE%20LIMITED
1194,STOCKPLUS FINANCIAL SERVICES,INZ000227218,90045,2923,https://enit.nseindia.com/MemDirWeb/brokerDetailPage_Beta?memID=2923&h_MemType=members&memName=STOCKPLUS%20FINANCIAL%20SERVICES
1195,STOCKPRO 9 CAPITAL PRIVATE LIMITED,INZ000312738,90321,3191,https://enit.nseindia.com/MemDirWeb/brokerDetailPage_Beta?memID=3191&h_MemType=members&memName=STOCKPRO%209%20CAPITAL%20PRIVATE%20LIMITED
1196,STOXBEE BROKING PRIVATE LIMITED,,,3348,https://enit.nseindia.com/MemDirWeb/brokerDetailPage_Beta?memID=3348&h_MemType=members&memName=STOXBEE%20BROKING%20PRIVATE%20LIMITED
1197,STRATAGEM STOCK BROKER PRIVATE LIMITED,INZ000221434,13725,2462,https://enit.nseindia.com/MemDirWeb/brokerDetailPage_Beta?memID=2462&h_MemType=members&memName=STRATAGEM%20STOCK%20BROKER%20PRIVATE%20LIMITED
1198,SUKESH JAIN SECURITIES PRIVATE LIMITED,INZ000233631,90327,3197,https://enit.nseindia.com/MemDirWeb/brokerDetailPage_Beta?memID=3197&h_MemType=members&memName=SUKESH%20JAIN%20SECURITIES%20PRIVATE%20LIMITED
1199,SUMPOORNA PORTFOLIO LIMITED,INZ000190335,14290,2564,https://enit.nseindia.com/MemDirWeb/brokerDetailPage_Beta?memID=2564&h_MemType=members&memName=SUMPOORNA%20PORTFOLIO%20LIMITED
1200,SUN N SUN FIN SERVICES LTD.,INZ000283232,7817,934,https://enit.nseindia.com/MemDirWeb/brokerDetailPage_Beta?memID=934&h_MemType=members&memName=SUN%20N%20SUN%20FIN%20SERVICES%20LTD.
1201,SUNCITY SHARE BROKER PVT LTD,INZ000172332,90124,2999,https://enit.nseindia.com/MemDirWeb/brokerDetailPage_Beta?memID=2999&h_MemType=members&memName=SUNCITY%20SHARE%20BROKER%20PVT%20LTD
1202,SUNFLOWER BROKING PVT. LTD.,INZ000195131,13586,2449,https://enit.nseindia.com/MemDirWeb/brokerDetailPage_Beta?memID=2449&h_MemType=members&memName=SUNFLOWER%20BROKING%20PVT.%20LTD.
1203,SUNIDHI SECURITIES & FINANCE LIMITED,INZ000169235,6764,412,https://enit.nseindia.com/MemDirWeb/brokerDetailPage_Beta?memID=412&h_MemType=members&memName=SUNIDHI%20SECURITIES%20%26%20FINANCE%20LIMITED
1204,SUNLIGHT BROKING LLP,INZ000048660,90084,2960,https://enit.nseindia.com/MemDirWeb/brokerDetailPage_Beta?memID=2960&h_MemType=members&memName=SUNLIGHT%20BROKING%20LLP
1205,SUNNESS CAPITAL INDIA PVT LTD,INB011459634/INF011459634/NSE231459634,90081,2958,https://enit.nseindia.com/MemDirWeb/brokerDetailPage_Beta?memID=2958&h_MemType=members&memName=SUNNESS%20CAPITAL%20INDIA%20PVT%20LTD
1206,SUNRISE GILTS & SECURITIES PVT LTD,INZ000025734,90076,2941,https://enit.nseindia.com/MemDirWeb/brokerDetailPage_Beta?memID=2941&h_MemType=members&memName=SUNRISE%20GILTS%20%26%20SECURITIES%20PVT%20LTD
1207,SUNRISE GLOBAL FINTECH PRIVATE LIMITED,,90464,3331,https://enit.nseindia.com/MemDirWeb/brokerDetailPage_Beta?memID=3331&h_MemType=members&memName=SUNRISE%20GLOBAL%20FINTECH%20PRIVATE%20LIMITED
1208,SUNSHINE FINSEC & MERCANTILE LTD.,INZ000297032,9472,1228,https://enit.nseindia.com/MemDirWeb/brokerDetailPage_Beta?memID=1228&h_MemType=members&memName=SUNSHINE%20FINSEC%20%26%20MERCANTILE%20LTD.
1209,SUNSHINE STOCK BROKING PRIVATE LIMITED,INZ000281939,12896,2107,https://enit.nseindia.com/MemDirWeb/brokerDetailPage_Beta?memID=2107&h_MemType=members&memName=SUNSHINE%20STOCK%20BROKING%20PRIVATE%20LIMITED
1210,SUPERNAL VENTURES PRIVATE LIMITED,INZ000323330,90410,3281,https://enit.nseindia.com/MemDirWeb/brokerDetailPage_Beta?memID=3281&h_MemType=members&memName=SUPERNAL%20VENTURES%20PRIVATE%20LIMITED
1211,SURANA EQUITIES & DERIVATIVES,INZ000292117,13801,2299,https://enit.nseindia.com/MemDirWeb/brokerDetailPage_Beta?memID=2299&h_MemType=members&memName=SURANA%20EQUITIES%20%26%20DERIVATIVES
1212,SURESH CHAND S JAIN,INZ000198212,6507,276,https://enit.nseindia.com/MemDirWeb/brokerDetailPage_Beta?memID=276&h_MemType=members&memName=SURESH%20CHAND%20S%20JAIN
1213,SURESH RATHI SECURITIES PRIVATE LIMITED,INZ000165734,9763,1657,https://enit.nseindia.com/MemDirWeb/brokerDetailPage_Beta?memID=1657&h_MemType=members&memName=SURESH%20RATHI%20SECURITIES%20PRIVATE%20LIMITED
1214,SURYAVANSHAM COMMTRADE LLP,INZ000103465,90127,3001,https://enit.nseindia.com/MemDirWeb/brokerDetailPage_Beta?memID=3001&h_MemType=members&memName=SURYAVANSHAM%20COMMTRADE%20LLP
1215,SUSHIL FINANCIAL SERVICES PRIVATE LIMITED,INZ000165135,6074,414,https://enit.nseindia.com/MemDirWeb/brokerDetailPage_Beta?memID=414&h_MemType=members&memName=SUSHIL%20FINANCIAL%20SERVICES%20PRIVATE%20LIMITED
1216,SUSTVEST BROKING PRIVATE LIMITED,,90404,3275,https://enit.nseindia.com/MemDirWeb/brokerDetailPage_Beta?memID=3275&h_MemType=members&memName=SUSTVEST%20BROKING%20PRIVATE%20LIMITED
1217,SUVRIDHI CAPITAL MARKETS PRIVATE LIMITED,INZ000025437,9067,1011,https://enit.nseindia.com/MemDirWeb/brokerDetailPage_Beta?memID=1011&h_MemType=members&memName=SUVRIDHI%20CAPITAL%20MARKETS%20PRIVATE%20LIMITED
1218,SVCM SECURITIES PRIVATE LIMITED,INZ000293732,90216,3093,https://enit.nseindia.com/MemDirWeb/brokerDetailPage_Beta?memID=3093&h_MemType=members&memName=SVCM%20SECURITIES%20PRIVATE%20LIMITED
1219,SVS SECURITIES PVT. LTD.,INZ000284933,9957,441,https://enit.nseindia.com/MemDirWeb/brokerDetailPage_Beta?memID=441&h_MemType=members&memName=SVS%20SECURITIES%20PVT.%20LTD.
1220,SVV SHARE & STOCK BROKERS PRIVATE LIMITED,INZ000238938,132,130,https://enit.nseindia.com/MemDirWeb/brokerDetailPage_Beta?memID=130&h_MemType=members&memName=SVV%20SHARE%20%26%20STOCK%20BROKERS%20PRIVATE%20LIMITED
1221,SW CAPITAL PRIVATE LIMITED,INZ000182531,6553,248,https://enit.nseindia.com/MemDirWeb/brokerDetailPage_Beta?memID=248&h_MemType=members&memName=SW%20CAPITAL%20PRIVATE%20LIMITED
1222,SWASTIKA INVESTMART LIMITED,INZ000192732,11297,1728,https://enit.nseindia.com/MemDirWeb/brokerDetailPage_Beta?memID=1728&h_MemType=members&memName=SWASTIKA%20INVESTMART%20LIMITED
1223,SYKES & RAY EQUITIES (I) LTD.,INZ000199833,7277,281,https://enit.nseindia.com/MemDirWeb/brokerDetailPage_Beta?memID=281&h_MemType=members&memName=SYKES%20%26%20RAY%20EQUITIES%20%28I%29%20LTD.
1224,SYNDICATE BANK,INE231330635,13306,2372,https://enit.nseindia.com/MemDirWeb/brokerDetailPage_Beta?memID=2372&h_MemType=members&memName=SYNDICATE%20BANK
1225,SYSTEMATIX SHARES & STOCKS (INDIA) LTD.,INZ000171134,11327,1900,https://enit.nseindia.com/MemDirWeb/brokerDetailPage_Beta?memID=1900&h_MemType=members&memName=SYSTEMATIX%20SHARES%20%26%20STOCKS%20%28INDIA%29%20LTD.
1226,TARA CAPITAL PARTNERS INDIA PRIVATE LIMITED,INZ000302233,90242,3119,https://enit.nseindia.com/MemDirWeb/brokerDetailPage_Beta?memID=3119&h_MemType=members&memName=TARA%20CAPITAL%20PARTNERS%20INDIA%20PRIVATE%20LIMITED
1227,TATA FINTECH PRIVATE LIMITED,INZ000308636,90291,3158,https://enit.nseindia.com/MemDirWeb/brokerDetailPage_Beta?memID=3158&h_MemType=members&memName=TATA%20FINTECH%20PRIVATE%20LIMITED
1228,TAURUS CORPORATE ADVISORY SERVICES LIMITED,INZ000258036,13298,2256,https://enit.nseindia.com/MemDirWeb/brokerDetailPage_Beta?memID=2256&h_MemType=members&memName=TAURUS%20CORPORATE%20ADVISORY%20SERVICES%20LIMITED
1229,TECSTOX SECURITIES PRIVATE LIMITED,INZ000328032,90439,3308,https://enit.nseindia.com/MemDirWeb/brokerDetailPage_Beta?memID=3308&h_MemType=members&memName=TECSTOX%20SECURITIES%20PRIVATE%20LIMITED
1230,THAR SHARE BROKERS PRIVATE LIMITED,INZ000275132,12717,2004,https://enit.nseindia.com/MemDirWeb/brokerDetailPage_Beta?memID=2004&h_MemType=members&memName=THAR%20SHARE%20BROKERS%20PRIVATE%20LIMITED
1231,THE CALCUTTA STOCK EXCHANGE LIMITED,00003/INF231458136,3,2808,https://enit.nseindia.com/MemDirWeb/brokerDetailPage_Beta?memID=2808&h_MemType=members&memName=THE%20CALCUTTA%20STOCK%20EXCHANGE%20LIMITED
1232,THE FEDERAL BANK LIMITED,INZ000101434,13110,2332,https://enit.nseindia.com/MemDirWeb/brokerDetailPage_Beta?memID=2332&h_MemType=members&memName=THE%20FEDERAL%20BANK%20LIMITED
1233,THE FIRST CUSTODIAN FUND (I) LTD,INZ000277934,6381,416,https://enit.nseindia.com/MemDirWeb/brokerDetailPage_Beta?memID=416&h_MemType=members&memName=THE%20FIRST%20CUSTODIAN%20FUND%20%28I%29%20LTD
1234,THE HONGKONG AND SHANGHAI BANKING CORPORATION LIMITED,INF231201239/INE231363339,13633,1878,https://enit.nseindia.com/MemDirWeb/brokerDetailPage_Beta?memID=1878&h_MemType=members&memName=THE%20HONGKONG%20AND%20SHANGHAI%20BANKING%20CORPORATION%20LIMITED
1235,THE OMNISCIENT SECURITIES PVT. LTD.,INZ000227433,10474,1706,https://enit.nseindia.com/MemDirWeb/brokerDetailPage_Beta?memID=1706&h_MemType=members&memName=THE%20OMNISCIENT%20SECURITIES%20PVT.%20LTD.
1236,THE SOUTH INDIAN BANK LIMITED,INZ000082248,90243,3120,https://enit.nseindia.com/MemDirWeb/brokerDetailPage_Beta?memID=3120&h_MemType=members&memName=THE%20SOUTH%20INDIAN%20BANK%20LIMITED
1237,THINCREDBLU SECURITIES PRIVATE LIMITED,INZ000191839,14614,2827,https://enit.nseindia.com/MemDirWeb/brokerDetailPage_Beta?memID=2827&h_MemType=members&memName=THINCREDBLU%20SECURITIES%20PRIVATE%20LIMITED
1238,THIRANI SECURITIES PVT LTD,INZ000185936,12045,1896,https://enit.nseindia.com/MemDirWeb/brokerDetailPage_Beta?memID=1896&h_MemType=members&memName=THIRANI%20SECURITIES%20PVT%20LTD
1239,TIME CAPITAL LTD.,INZ000291834,7718,835,https://enit.nseindia.com/MemDirWeb/brokerDetailPage_Beta?memID=835&h_MemType=members&memName=TIME%20CAPITAL%20LTD.
1240,TIPSONS STOCK BROKERS PRIVATE LIMITED,INZ000217531,14280,2448,https://enit.nseindia.com/MemDirWeb/brokerDetailPage_Beta?memID=2448&h_MemType=members&memName=TIPSONS%20STOCK%20BROKERS%20PRIVATE%20LIMITED
1241,TIRUPATI BALAJI INVESTMENTS & SECURITIES PVT LTD,INZ000308836,90280,3150,https://enit.nseindia.com/MemDirWeb/brokerDetailPage_Beta?memID=3150&h_MemType=members&memName=TIRUPATI%20BALAJI%20INVESTMENTS%20%26%20SECURITIES%20PVT%20LTD
1242,TODI SECURITIES PVT. LTD.,INZ000214535,11900,1870,https://enit.nseindia.com/MemDirWeb/brokerDetailPage_Beta?memID=1870&h_MemType=members&memName=TODI%20SECURITIES%20PVT.%20LTD.
1243,TORUS FINANCIAL MARKETS PRIVATE LIMITED,INZ000299936,90245,3122,https://enit.nseindia.com/MemDirWeb/brokerDetailPage_Beta?memID=3122&h_MemType=members&memName=TORUS%20FINANCIAL%20MARKETS%20PRIVATE%20LIMITED
1244,TOSHNIWAL EQUITY SERVICES PVT. LTD.,INZ000240235,12560,285,https://enit.nseindia.com/MemDirWeb/brokerDetailPage_Beta?memID=285&h_MemType=members&memName=TOSHNIWAL%20EQUITY%20SERVICES%20PVT.%20LTD.
1245,TOSS FINANCIAL SERVICES PVT. LTD.,INZ000314234,7602,166,https://enit.nseindia.com/MemDirWeb/brokerDetailPage_Beta?memID=166&h_MemType=members&memName=TOSS%20FINANCIAL%20SERVICES%20PVT.%20LTD.
1246,TOUCHSTONE CAPITAL MARKET SERVICES PVT. LTD,INZ000272831,9500,23,https://enit.nseindia.com/MemDirWeb/brokerDetailPage_Beta?memID=23&h_MemType=members&memName=TOUCHSTONE%20CAPITAL%20MARKET%20SERVICES%20PVT.%20LTD
1247,TOWER RESEARCH CAPITAL MARKETS INDIA PRIVATE LIMITED,INZ000183334,14616,2830,https://enit.nseindia.com/MemDirWeb/brokerDetailPage_Beta?memID=2830&h_MemType=members&memName=TOWER%20RESEARCH%20CAPITAL%20MARKETS%20INDIA%20PRIVATE%20LIMITED
1248,TRACOM STOCK BROKERS PVT.LTD.,INZ000246930,8154,474,https://enit.nseindia.com/MemDirWeb/brokerDetailPage_Beta?memID=474&h_MemType=members&memName=TRACOM%20STOCK%20BROKERS%20PVT.LTD.
1249,TRADE PULSE BROKING PRIVATE LIMITED,INZ000322030,90416,3287,https://enit.nseindia.com/MemDirWeb/brokerDetailPage_Beta?memID=3287&h_MemType=members&memName=TRADE%20PULSE%20BROKING%20PRIVATE%20LIMITED
1250,TRADEBOOK CONSULTANCY SERVICES PRIVATE LIMITED,INZ000328638,90468,3334,https://enit.nseindia.com/MemDirWeb/brokerDetailPage_Beta?memID=3334&h_MemType=members&memName=TRADEBOOK%20CONSULTANCY%20SERVICES%20PRIVATE%20LIMITED
1251,TRADEBULLS SECURITIES (P) LTD.,INZ000171838,13499,2436,https://enit.nseindia.com/MemDirWeb/brokerDetailPage_Beta?memID=2436&h_MemType=members&memName=TRADEBULLS%20SECURITIES%20%28P%29%20LTD.
1252,TRADEHIFI STOCK BROKING PRIVATE LIMITED,INZ000208339,13092,2238,https://enit.nseindia.com/MemDirWeb/brokerDetailPage_Beta?memID=2238&h_MemType=members&memName=TRADEHIFI%20STOCK%20BROKING%20PRIVATE%20LIMITED
1253,TRADEJINI FINANCIAL SERVICES PVT LTD,INZ000160938,14655,2836,https://enit.nseindia.com/MemDirWeb/brokerDetailPage_Beta?memID=2836&h_MemType=members&memName=TRADEJINI%20FINANCIAL%20SERVICES%20PVT%20LTD
1254,TRADENEXT SECURITIES LTD,INZ000009530,14940,732,https://enit.nseindia.com/MemDirWeb/brokerDetailPage_Beta?memID=732&h_MemType=members&memName=TRADENEXT%20SECURITIES%20LTD
1255,TRADESMART FINTECH SECURITIES LIMITED,INZ000247736,9643,254,https://enit.nseindia.com/MemDirWeb/brokerDetailPage_Beta?memID=254&h_MemType=members&memName=TRADESMART%20FINTECH%20SECURITIES%20LIMITED
1256,TRADESWIFT BROKING PRIVATE LIMITED,INZ000166439,12485,1958,https://enit.nseindia.com/MemDirWeb/brokerDetailPage_Beta?memID=1958&h_MemType=members&memName=TRADESWIFT%20BROKING%20PRIVATE%20LIMITED
1257,TRADETALK RESEARCH PRIVATE LIMITED,INZ000329031,90473,3339,https://enit.nseindia.com/MemDirWeb/brokerDetailPage_Beta?memID=3339&h_MemType=members&memName=TRADETALK%20RESEARCH%20PRIVATE%20LIMITED
1258,TRADEWALK BROKING PRIVATE LIMITED,INZ000296535,90218,3095,https://enit.nseindia.com/MemDirWeb/brokerDetailPage_Beta?memID=3095&h_MemType=members&memName=TRADEWALK%20BROKING%20PRIVATE%20LIMITED
1259,TRADEWELL SECURITIES LTD.,INZ000171936,12835,2097,https://enit.nseindia.com/MemDirWeb/brokerDetailPage_Beta?memID=2097&h_MemType=members&memName=TRADEWELL%20SECURITIES%20LTD.
1260,TRADEWINGS SOLUTIONS LIMITED,,,3166,https://enit.nseindia.com/MemDirWeb/brokerDetailPage_Beta?memID=3166&h_MemType=members&memName=TRADEWINGS%20SOLUTIONS%20LIMITED
1261,TRANS SCAN SECURITIES PVT. LTD.,INZ000266638,7831,598,https://enit.nseindia.com/MemDirWeb/brokerDetailPage_Beta?memID=598&h_MemType=members&memName=TRANS%20SCAN%20SECURITIES%20PVT.%20LTD.
1262,TRANSGLOBAL SECURITIES LTD.,INZ000287139,11494,1762,https://enit.nseindia.com/MemDirWeb/brokerDetailPage_Beta?memID=1762&h_MemType=members&memName=TRANSGLOBAL%20SECURITIES%20LTD.
1263,TRDEZ INVESTMENT PRIVATE LIMITED,INZ000311938,90366,3238,https://enit.nseindia.com/MemDirWeb/brokerDetailPage_Beta?memID=3238&h_MemType=members&memName=TRDEZ%20INVESTMENT%20PRIVATE%20LIMITED
1264,TRIDHYA TRADE STOCKS LLP,INZ000308057,90276,3149,https://enit.nseindia.com/MemDirWeb/brokerDetailPage_Beta?memID=3149&h_MemType=members&memName=TRIDHYA%20TRADE%20STOCKS%20LLP
1265,TRIMBHAK INVESTMENTS & FINANCE SERVICES PVT. LTD.,INZ000211035,8540,876,https://enit.nseindia.com/MemDirWeb/brokerDetailPage_Beta?memID=876&h_MemType=members&memName=TRIMBHAK%20INVESTMENTS%20%26%20FINANCE%20SERVICES%20PVT.%20LTD.
1266,TRIMURTI CAPITAL BROKING LLP,INZ000312953,90322,3192,https://enit.nseindia.com/MemDirWeb/brokerDetailPage_Beta?memID=3192&h_MemType=members&memName=TRIMURTI%20CAPITAL%20BROKING%20LLP
1267,TRISHAKTI CAPITAL LIMITED,INZ000031637,90373,3243,https://enit.nseindia.com/MemDirWeb/brokerDetailPage_Beta?memID=3243&h_MemType=members&memName=TRISHAKTI%20CAPITAL%20LIMITED
1268,TRIVENI MANAGEMENT CONSULTANCY SERVICES LTD.,INZ000219738,6528,289,https://enit.nseindia.com/MemDirWeb/brokerDetailPage_Beta?memID=289&h_MemType=members&memName=TRIVENI%20MANAGEMENT%20CONSULTANCY%20SERVICES%20LTD.
1269,TROO TRIBE TECH LIMITED,INZ000292638,7276,81,https://enit.nseindia.com/MemDirWeb/brokerDetailPage_Beta?memID=81&h_MemType=members&memName=TROO%20TRIBE%20TECH%20LIMITED
1270,TRUST CAPITAL & STOCK BROKERS PRIVATE LIMITED,,90470,3336,https://enit.nseindia.com/MemDirWeb/brokerDetailPage_Beta?memID=3336&h_MemType=members&memName=TRUST%20CAPITAL%20%26%20STOCK%20BROKERS%20PRIVATE%20LIMITED
1271,TRUST FINANCIAL CONSULTANCY SERVICES PVT. LTD.,INZ000238639,11987,1876,https://enit.nseindia.com/MemDirWeb/brokerDetailPage_Beta?memID=1876&h_MemType=members&memName=TRUST%20FINANCIAL%20CONSULTANCY%20SERVICES%20PVT.%20LTD.
1272,TRUST SECURITIES SERVICES PRIVATE LIMITED,,90350,3221,https://enit.nseindia.com/MemDirWeb/brokerDetailPage_Beta?memID=3221&h_MemType=members&memName=TRUST%20SECURITIES%20SERVICES%20PRIVATE%20LIMITED
1273,TRUSTLINE SECURITIES LIMITED,INZ000211534,7536,719,https://enit.nseindia.com/MemDirWeb/brokerDetailPage_Beta?memID=719&h_MemType=members&memName=TRUSTLINE%20SECURITIES%20LIMITED
1274,TWENTY FOUR CARAT STOCK & SHARE BROKERS LIMITED,INB231296832/INF231296832/INE231296832,12968,2191,https://enit.nseindia.com/MemDirWeb/brokerDetailPage_Beta?memID=2191&h_MemType=members&memName=TWENTY%20FOUR%20CARAT%20STOCK%20%26%20SHARE%20BROKERS%20LIMITED
1275,TWIN EARTH SECURITIES PRIVATE LIMITED,INZ000253038,11225,1738,https://enit.nseindia.com/MemDirWeb/brokerDetailPage_Beta?memID=1738&h_MemType=members&memName=TWIN%20EARTH%20SECURITIES%20PRIVATE%20LIMITED
1276,TWO ROADS TRADING PRIVATE LIMITED,INZ000003830,90044,2917,https://enit.nseindia.com/MemDirWeb/brokerDetailPage_Beta?memID=2917&h_MemType=members&memName=TWO%20ROADS%20TRADING%20PRIVATE%20LIMITED
1277,UAE EXCHANGE & FINANCE LTD.,INZ000196935,6558,290,https://enit.nseindia.com/MemDirWeb/brokerDetailPage_Beta?memID=290&h_MemType=members&memName=UAE%20EXCHANGE%20%26%20FINANCE%20LTD.
1278,UBS SECURITIES INDIA PVT. LTD.,INZ000259830,9514,1261,https://enit.nseindia.com/MemDirWeb/brokerDetailPage_Beta?memID=1261&h_MemType=members&memName=UBS%20SECURITIES%20INDIA%20PVT.%20LTD.
1279,UCO BANK,INZ000327245,90475,3341,https://enit.nseindia.com/MemDirWeb/brokerDetailPage_Beta?memID=3341&h_MemType=members&memName=UCO%20BANK
1280,UJJIVAN SMALL FINANCE BANK LIMITED,,90443,3312,https://enit.nseindia.com/MemDirWeb/brokerDetailPage_Beta?memID=3312&h_MemType=members&memName=UJJIVAN%20SMALL%20FINANCE%20BANK%20LIMITED
1281,UKS FOREX PRIVATE LIMITED,INZ000212432,10080,2239,https://enit.nseindia.com/MemDirWeb/brokerDetailPage_Beta?memID=2239&h_MemType=members&memName=UKS%20FOREX%20PRIVATE%20LIMITED
1282,ULJK FINANCIAL SERVICES PRIVATE LIMITED,INZ000259732,12819,114,https://enit.nseindia.com/MemDirWeb/brokerDetailPage_Beta?memID=114&h_MemType=members&memName=ULJK%20FINANCIAL%20SERVICES%20PRIVATE%20LIMITED
1283,ULJK SECURITIES PRIVATE LIMITED,INZ000252037,90379,3251,https://enit.nseindia.com/MemDirWeb/brokerDetailPage_Beta?memID=3251&h_MemType=members&memName=ULJK%20SECURITIES%20PRIVATE%20LIMITED
1284,UNIFI CAPITAL PRIVATE LIMITED,INZ000246334,11596,1774,https://enit.nseindia.com/MemDirWeb/brokerDetailPage_Beta?memID=1774&h_MemType=members&memName=UNIFI%20CAPITAL%20PRIVATE%20LIMITED
1285,UNION BANK OF INDIA,INF231229842/INE231308946,13089,1950,https://enit.nseindia.com/MemDirWeb/brokerDetailPage_Beta?memID=1950&h_MemType=members&memName=UNION%20BANK%20OF%20INDIA
1286,UNIQUE STOCKBRO PRIVATE LIMITED,INZ000187737,10721,1009,https://enit.nseindia.com/MemDirWeb/brokerDetailPage_Beta?memID=1009&h_MemType=members&memName=UNIQUE%20STOCKBRO%20PRIVATE%20LIMITED
1287,UNITED SHARE BROKERS LTD,INZ000235634,8380,715,https://enit.nseindia.com/MemDirWeb/brokerDetailPage_Beta?memID=715&h_MemType=members&memName=UNITED%20SHARE%20BROKERS%20LTD
1288,UNIVERSAL STOCK BROKERS PVT. LTD.,INZ000224635,12420,1965,https://enit.nseindia.com/MemDirWeb/brokerDetailPage_Beta?memID=1965&h_MemType=members&memName=UNIVERSAL%20STOCK%20BROKERS%20PVT.%20LTD.
1289,UNIVEST STOCK BROKING PRIVATE LIMITED,INZ000317437,90392,3265,https://enit.nseindia.com/MemDirWeb/brokerDetailPage_Beta?memID=3265&h_MemType=members&memName=UNIVEST%20STOCK%20BROKING%20PRIVATE%20LIMITED
1290,UPMOVE FINANCIAL TECHNOLOGIES SERVICES,INZ000158323,90120,2994,https://enit.nseindia.com/MemDirWeb/brokerDetailPage_Beta?memID=2994&h_MemType=members&memName=UPMOVE%20FINANCIAL%20TECHNOLOGIES%20SERVICES
1291,UPSTOX SECURITIES PRIVATE LIMITED,INZ000315837,13942,2513,https://enit.nseindia.com/MemDirWeb/brokerDetailPage_Beta?memID=2513&h_MemType=members&memName=UPSTOX%20SECURITIES%20PRIVATE%20LIMITED
1292,URJA INVESTMENT PVT. LTD.,INZ000266734,6961,292,https://enit.nseindia.com/MemDirWeb/brokerDetailPage_Beta?memID=292&h_MemType=members&memName=URJA%20INVESTMENT%20PVT.%20LTD.
1293,URSA LABS LLP,INZ000318154,90382,3254,https://enit.nseindia.com/MemDirWeb/brokerDetailPage_Beta?memID=3254&h_MemType=members&memName=URSA%20LABS%20LLP
1294,V MATHRAN & CO PVT. LTD.,INZ000200831,90163,3038,https://enit.nseindia.com/MemDirWeb/brokerDetailPage_Beta?memID=3038&h_MemType=members&memName=V%20MATHRAN%20%26%20CO%20PVT.%20LTD.
1295,V. C. MEHTA,INZ000219324,90190,3067,https://enit.nseindia.com/MemDirWeb/brokerDetailPage_Beta?memID=3067&h_MemType=members&memName=V.%20C.%20MEHTA
1296,V. G. CAPITAL MARKET PVT. LTD.,INZ000266131,8759,602,https://enit.nseindia.com/MemDirWeb/brokerDetailPage_Beta?memID=602&h_MemType=members&memName=V.%20G.%20CAPITAL%20MARKET%20PVT.%20LTD.
1297,V. P. CONSULTANTS PRIVATE LIMITED,INZ000222834,12872,2105,https://enit.nseindia.com/MemDirWeb/brokerDetailPage_Beta?memID=2105&h_MemType=members&memName=V.%20P.%20CONSULTANTS%20PRIVATE%20LIMITED
1298,V.R.M. SHARE BROKING PVT. LTD,INZ000256739,11098,1677,https://enit.nseindia.com/MemDirWeb/brokerDetailPage_Beta?memID=1677&h_MemType=members&memName=V.R.M.%20SHARE%20BROKING%20PVT.%20LTD
1299,VACHANA INVESTMENTS PRIVATE LIMITED,INZ000248337,90005,2883,https://enit.nseindia.com/MemDirWeb/brokerDetailPage_Beta?memID=2883&h_MemType=members&memName=VACHANA%20INVESTMENTS%20PRIVATE%20LIMITED
1300,VAG HOLDINGS PVT. LTD.,INB231112831/INF231112831/INE231112831,11128,2010,https://enit.nseindia.com/MemDirWeb/brokerDetailPage_Beta?memID=2010&h_MemType=members&memName=VAG%20HOLDINGS%20PVT.%20LTD.
1301,VAIBHAV STOCK & DERIVATIVES BROKING PVT. LTD,INZ000261338,12151,1911,https://enit.nseindia.com/MemDirWeb/brokerDetailPage_Beta?memID=1911&h_MemType=members&memName=VAIBHAV%20STOCK%20%26%20DERIVATIVES%20BROKING%20PVT.%20LTD
1302,VAJRAADITYA VENTURES,INZ000174423,14925,2865,https://enit.nseindia.com/MemDirWeb/brokerDetailPage_Beta?memID=2865&h_MemType=members&memName=VAJRAADITYA%20VENTURES
1303,VARDHAMAN CAPITAL PVT. LTD,INZ000204533,7528,604,https://enit.nseindia.com/MemDirWeb/brokerDetailPage_Beta?memID=604&h_MemType=members&memName=VARDHAMAN%20CAPITAL%20PVT.%20LTD
1304,VARDHAMANGLOBAL SHARECOM PRIVATE LIMITED,INZ000009431,90064,2943,https://enit.nseindia.com/MemDirWeb/brokerDetailPage_Beta?memID=2943&h_MemType=members&memName=VARDHAMANGLOBAL%20SHARECOM%20PRIVATE%20LIMITED
1305,VARUN BROKING INDIA LIMITED,INZ000167638,8044,841,https://enit.nseindia.com/MemDirWeb/brokerDetailPage_Beta?memID=841&h_MemType=members&memName=VARUN%20BROKING%20INDIA%20LIMITED
1306,VASANTI SHARE BROKERS LIMITED,INB231213837/INF231213837/INE231213837,12138,1929,https://enit.nseindia.com/MemDirWeb/brokerDetailPage_Beta?memID=1929&h_MemType=members&memName=VASANTI%20SHARE%20BROKERS%20LIMITED
1307,VCK SHARE & STOCK BROKING SERVICES LTD.,INZ000215030,4691,298,https://enit.nseindia.com/MemDirWeb/brokerDetailPage_Beta?memID=298&h_MemType=members&memName=VCK%20SHARE%20%26%20STOCK%20BROKING%20SERVICES%20LTD.
1308,VED BROTHERS SECURITIES PVT LTD,INZ000273631,12812,2081,https://enit.nseindia.com/MemDirWeb/brokerDetailPage_Beta?memID=2081&h_MemType=members&memName=VED%20BROTHERS%20SECURITIES%20PVT%20LTD
1309,VEDIKA SECURITIES (P) LTD,INZ000242635,7720,605,https://enit.nseindia.com/MemDirWeb/brokerDetailPage_Beta?memID=605&h_MemType=members&memName=VEDIKA%20SECURITIES%20%28P%29%20LTD
1310,VEDIKA STOCK BROKING PRIVATE LIMITED,INZ000187033,14755,2861,https://enit.nseindia.com/MemDirWeb/brokerDetailPage_Beta?memID=2861&h_MemType=members&memName=VEDIKA%20STOCK%20BROKING%20PRIVATE%20LIMITED
1311,VEETRAG SECURITIES PVT. LTD.,INB231291031/INF231291031/INE231291031,12910,2117,https://enit.nseindia.com/MemDirWeb/brokerDetailPage_Beta?memID=2117&h_MemType=members&memName=VEETRAG%20SECURITIES%20PVT.%20LTD.
1312,VENKATARAMAN & CO.,INZ000261922,5123,937,https://enit.nseindia.com/MemDirWeb/brokerDetailPage_Beta?memID=937&h_MemType=members&memName=VENKATARAMAN%20%26%20CO.
1313,VENTURA SECURITIES LTD.,INZ000194736,7604,383,https://enit.nseindia.com/MemDirWeb/brokerDetailPage_Beta?memID=383&h_MemType=members&memName=VENTURA%20SECURITIES%20LTD.
1314,VERIQUS PARTNERS PRIVATE LIMITED,INZ000329631,90471,3337,https://enit.nseindia.com/MemDirWeb/brokerDetailPage_Beta?memID=3337&h_MemType=members&memName=VERIQUS%20PARTNERS%20PRIVATE%20LIMITED
1315,VERSATILE STOCK BROKING LLP,INZ000306053,90266,3140,https://enit.nseindia.com/MemDirWeb/brokerDetailPage_Beta?memID=3140&h_MemType=members&memName=VERSATILE%20STOCK%20BROKING%20LLP
1316,VERTEX SECURITIES LTD.,INZ000204731,13248,613,https://enit.nseindia.com/MemDirWeb/brokerDetailPage_Beta?memID=613&h_MemType=members&memName=VERTEX%20SECURITIES%20LTD.
1317,VFC SECURITIES PVT. LTD.,INZ000250133,9712,1131,https://enit.nseindia.com/MemDirWeb/brokerDetailPage_Beta?memID=1131&h_MemType=members&memName=VFC%20SECURITIES%20PVT.%20LTD.
1318,VIBRANT SECURITIES PVT. LTD.,INZ000220733,6458,299,https://enit.nseindia.com/MemDirWeb/brokerDetailPage_Beta?memID=299&h_MemType=members&memName=VIBRANT%20SECURITIES%20PVT.%20LTD.
1319,VICTORIA STOCKVISION BROKING PRIVATE LIMITED,,,2261,https://enit.nseindia.com/MemDirWeb/brokerDetailPage_Beta?memID=2261&h_MemType=members&memName=VICTORIA%20STOCKVISION%20BROKING%20PRIVATE%20LIMITED
1320,VICTORY FINANCIAL SERVICES LTD.,INZ000255831,9030,842,https://enit.nseindia.com/MemDirWeb/brokerDetailPage_Beta?memID=842&h_MemType=members&memName=VICTORY%20FINANCIAL%20SERVICES%20LTD.
1321,VICTORY PORTFOLIO LTD,INZ000289431,7819,843,https://enit.nseindia.com/MemDirWeb/brokerDetailPage_Beta?memID=843&h_MemType=members&memName=VICTORY%20PORTFOLIO%20LTD
1322,VIJETA BROKING INDIA PRIVATE LIMITED,INZ000254833,13186,2263,https://enit.nseindia.com/MemDirWeb/brokerDetailPage_Beta?memID=2263&h_MemType=members&memName=VIJETA%20BROKING%20INDIA%20PRIVATE%20LIMITED
1323,VIJIT GLOBAL SECURITIES PRIVATE LIMITED,INZ000300834,90238,3116,https://enit.nseindia.com/MemDirWeb/brokerDetailPage_Beta?memID=3116&h_MemType=members&memName=VIJIT%20GLOBAL%20SECURITIES%20PRIVATE%20LIMITED
1324,VIKABH SECURITIES PRIVATE LIMITED,INZ000220237,6760,122,https://enit.nseindia.com/MemDirWeb/brokerDetailPage_Beta?memID=122&h_MemType=members&memName=VIKABH%20SECURITIES%20PRIVATE%20LIMITED
1325,VIKASH STOCK BROKING SERVICES PVT. LTD.,INZ000100438,90105,2980,https://enit.nseindia.com/MemDirWeb/brokerDetailPage_Beta?memID=2980&h_MemType=members&memName=VIKASH%20STOCK%20BROKING%20SERVICES%20PVT.%20LTD.
1326,VIKSON SECURITIES PRIVATE LIMITED,INZ000192233,13810,2190,https://enit.nseindia.com/MemDirWeb/brokerDetailPage_Beta?memID=2190&h_MemType=members&memName=VIKSON%20SECURITIES%20PRIVATE%20LIMITED
1327,VIMAL & SONS,INZ000270222,7726,972,https://enit.nseindia.com/MemDirWeb/brokerDetailPage_Beta?memID=972&h_MemType=members&memName=VIMAL%20%26%20SONS
1328,VIMGI INVESTMENTS PVT.LTD,INZ000269034,6475,302,https://enit.nseindia.com/MemDirWeb/brokerDetailPage_Beta?memID=302&h_MemType=members&memName=VIMGI%20INVESTMENTS%20PVT.LTD
1329,VINEET SECURITIES (P) LTD.,INZ000191936,11402,1952,https://enit.nseindia.com/MemDirWeb/brokerDetailPage_Beta?memID=1952&h_MemType=members&memName=VINEET%20SECURITIES%20%28P%29%20LTD.
1330,VINOD AGARWAL & CO. PVT. LTD.,INZ000288135,8234,845,https://enit.nseindia.com/MemDirWeb/brokerDetailPage_Beta?memID=845&h_MemType=members&memName=VINOD%20AGARWAL%20%26%20CO.%20PVT.%20LTD.
1331,VINOD SHARES LTD.,INZ000175235,12736,2057,https://enit.nseindia.com/MemDirWeb/brokerDetailPage_Beta?memID=2057&h_MemType=members&memName=VINOD%20SHARES%20LTD.
1332,VIRTU INDIA PRIVATE LIMITED,INZ000280037,14783,2849,https://enit.nseindia.com/MemDirWeb/brokerDetailPage_Beta?memID=2849&h_MemType=members&memName=VIRTU%20INDIA%20PRIVATE%20LIMITED
1333,VISARIA SECURITIES PRIVATE LIMITED,INZ000245530,11583,45,https://enit.nseindia.com/MemDirWeb/brokerDetailPage_Beta?memID=45&h_MemType=members&memName=VISARIA%20SECURITIES%20PRIVATE%20LIMITED
1334,VISHVAS SECURITIES LIMITED,INB230914232/INF230914232,9142,1112,https://enit.nseindia.com/MemDirWeb/brokerDetailPage_Beta?memID=1112&h_MemType=members&memName=VISHVAS%20SECURITIES%20LIMITED
1335,VISHWAS FINCAP SERVICES PRIVATE LIMITED,INZ000189835,14024,2473,https://enit.nseindia.com/MemDirWeb/brokerDetailPage_Beta?memID=2473&h_MemType=members&memName=VISHWAS%20FINCAP%20SERVICES%20PRIVATE%20LIMITED
1336,VISUAL SECURITIES PVT. LTD.,INZ000283337,12415,1977,https://enit.nseindia.com/MemDirWeb/brokerDetailPage_Beta?memID=1977&h_MemType=members&memName=VISUAL%20SECURITIES%20PVT.%20LTD.
1337,VIVEK FINANCIAL FOCUS LTD.,INZ000276333,7541,847,https://enit.nseindia.com/MemDirWeb/brokerDetailPage_Beta?memID=847&h_MemType=members&memName=VIVEK%20FINANCIAL%20FOCUS%20LTD.
1338,VLS SECURITIES LTD.,INZ000263638,8807,422,https://enit.nseindia.com/MemDirWeb/brokerDetailPage_Beta?memID=422&h_MemType=members&memName=VLS%20SECURITIES%20LTD.
1339,VOGUE COMMERCIAL COMPANY LIMITED,INZ000277536,8820,848,https://enit.nseindia.com/MemDirWeb/brokerDetailPage_Beta?memID=848&h_MemType=members&memName=VOGUE%20COMMERCIAL%20COMPANY%20LIMITED
1340,VOLTAIRE SECURITIES PRIVATE LIMITED,INZ000290830,90180,3056,https://enit.nseindia.com/MemDirWeb/brokerDetailPage_Beta?memID=3056&h_MemType=members&memName=VOLTAIRE%20SECURITIES%20PRIVATE%20LIMITED
1341,VRAMATH FINANCIAL SERVICES PRIVATE LIMITED,INZ000249130,14792,2871,https://enit.nseindia.com/MemDirWeb/brokerDetailPage_Beta?memID=2871&h_MemType=members&memName=VRAMATH%20FINANCIAL%20SERVICES%20PRIVATE%20LIMITED
1342,VRIDHI CAPITAL & FINANCE PRIVATE LIMITED,INZ000323534,90445,3314,https://enit.nseindia.com/MemDirWeb/brokerDetailPage_Beta?memID=3314&h_MemType=members&memName=VRIDHI%20CAPITAL%20%26%20FINANCE%20PRIVATE%20LIMITED
1343,VRISE SECURITIES PRIVATE LIMITED,INZ000010934,12889,2099,https://enit.nseindia.com/MemDirWeb/brokerDetailPage_Beta?memID=2099&h_MemType=members&memName=VRISE%20SECURITIES%20PRIVATE%20LIMITED
1344,VRS INVESTMENTS,INZ000297616,90220,3097,https://enit.nseindia.com/MemDirWeb/brokerDetailPage_Beta?memID=3097&h_MemType=members&memName=VRS%20INVESTMENTS
1345,VSE STOCK SERVICES LIMITED,INZ000193839,11997,1867,https://enit.nseindia.com/MemDirWeb/brokerDetailPage_Beta?memID=1867&h_MemType=members&memName=VSE%20STOCK%20SERVICES%20LIMITED
1346,VT CAPITAL MARKET PRIVATE LIMITED,INZ000168637,14759,2869,https://enit.nseindia.com/MemDirWeb/brokerDetailPage_Beta?memID=2869&h_MemType=members&memName=VT%20CAPITAL%20MARKET%20PRIVATE%20LIMITED
1347,WADHWA SECURITIES LIMITED,INZ000236838,9818,2212,https://enit.nseindia.com/MemDirWeb/brokerDetailPage_Beta?memID=2212&h_MemType=members&memName=WADHWA%20SECURITIES%20LIMITED
1348,WALLFORT FINANCIAL SERVICES LTD,INZ000234739,8524,878,https://enit.nseindia.com/MemDirWeb/brokerDetailPage_Beta?memID=878&h_MemType=members&memName=WALLFORT%20FINANCIAL%20SERVICES%20LTD
1349,WAY2WEALTH BROKERS PRIVATE LIMITED,INZ000178638,11502,404,https://enit.nseindia.com/MemDirWeb/brokerDetailPage_Beta?memID=404&h_MemType=members&memName=WAY2WEALTH%20BROKERS%20PRIVATE%20LIMITED
1350,WEALTH DISCOVERY SECURITIES PVT. LTD.,INZ000199032,14357,2778,https://enit.nseindia.com/MemDirWeb/brokerDetailPage_Beta?memID=2778&h_MemType=members&memName=WEALTH%20DISCOVERY%20SECURITIES%20PVT.%20LTD.
1351,WEALTH FIRST PORTFOLIO MANAGERS LIMITED,INZ000018333,13463,2802,https://enit.nseindia.com/MemDirWeb/brokerDetailPage_Beta?memID=2802&h_MemType=members&memName=WEALTH%20FIRST%20PORTFOLIO%20MANAGERS%20LIMITED
1352,WEALTH INDIA FINANCIAL SERVICES PVT LTD,INZ000241638,90134,3009,https://enit.nseindia.com/MemDirWeb/brokerDetailPage_Beta?memID=3009&h_MemType=members&memName=WEALTH%20INDIA%20FINANCIAL%20SERVICES%20PVT%20LTD
1353,WEALTH MANTRA LIMITED,INB231168635/INF231168635/INE231168635,11686,1842,https://enit.nseindia.com/MemDirWeb/brokerDetailPage_Beta?memID=1842&h_MemType=members&memName=WEALTH%20MANTRA%20LIMITED
1354,WEALTHSTREET FINANCIAL SERVICES PRIVATE LIMITED,INZ000157331,90118,2993,https://enit.nseindia.com/MemDirWeb/brokerDetailPage_Beta?memID=2993&h_MemType=members&memName=WEALTHSTREET%20FINANCIAL%20SERVICES%20PRIVATE%20LIMITED
1355,WEALTHYIN BROKING PRIVATE LIMITED,INZ000308532,90293,3160,https://enit.nseindia.com/MemDirWeb/brokerDetailPage_Beta?memID=3160&h_MemType=members&memName=WEALTHYIN%20BROKING%20PRIVATE%20LIMITED
1356,WEBULL EQUITY BROKING PRIVATE LIMITED,INZ000307935,90289,3157,https://enit.nseindia.com/MemDirWeb/brokerDetailPage_Beta?memID=3157&h_MemType=members&memName=WEBULL%20EQUITY%20BROKING%20PRIVATE%20LIMITED
1357,WELLINDIA SECURITIES LIMITED,INZ000223137,12829,2073,https://enit.nseindia.com/MemDirWeb/brokerDetailPage_Beta?memID=2073&h_MemType=members&memName=WELLINDIA%20SECURITIES%20LIMITED
1358,WELLWORTH SHARE & STOCK BROKING LIMITED,INZ000261433,10557,1895,https://enit.nseindia.com/MemDirWeb/brokerDetailPage_Beta?memID=1895&h_MemType=members&memName=WELLWORTH%20SHARE%20%26%20STOCK%20BROKING%20LIMITED
1359,WIINANCE FINANCIAL SERVICES PRIVATE LIMITED,INZ000239038,90018,2894,https://enit.nseindia.com/MemDirWeb/brokerDetailPage_Beta?memID=2894&h_MemType=members&memName=WIINANCE%20FINANCIAL%20SERVICES%20PRIVATE%20LIMITED
1360,WMG BROKING PRIVATE LTD,INZ000314336,90337,3207,https://enit.nseindia.com/MemDirWeb/brokerDetailPage_Beta?memID=3207&h_MemType=members&memName=WMG%20BROKING%20PRIVATE%20LTD
1361,WOODSTOCK BROKING PVT. LTD,INZ000242835,7766,465,https://enit.nseindia.com/MemDirWeb/brokerDetailPage_Beta?memID=465&h_MemType=members&memName=WOODSTOCK%20BROKING%20PVT.%20LTD
1362,XTX MARKETS LLP,INZ000293058,90198,3075,https://enit.nseindia.com/MemDirWeb/brokerDetailPage_Beta?memID=3075&h_MemType=members&memName=XTX%20MARKETS%20LLP
1363,YASHWI SECURITIES (P) LIMITED,INZ000214935,12118,1912,https://enit.nseindia.com/MemDirWeb/brokerDetailPage_Beta?memID=1912&h_MemType=members&memName=YASHWI%20SECURITIES%20%28P%29%20LIMITED
1364,YES BANK LIMITED,INZ000263944,13345,2368,https://enit.nseindia.com/MemDirWeb/brokerDetailPage_Beta?memID=2368&h_MemType=members&memName=YES%20BANK%20LIMITED
1365,YES SECURITIES (INDIA) LIMITED,INZ000185632,14914,2863,https://enit.nseindia.com/MemDirWeb/brokerDetailPage_Beta?memID=2863&h_MemType=members&memName=YES%20SECURITIES%20%28INDIA%29%20LIMITED
1366,YMS FINANCIAL PRIVATE LIMITED,INZ000308336,90274,3148,https://enit.nseindia.com/MemDirWeb/brokerDetailPage_Beta?memID=3148&h_MemType=members&memName=YMS%20FINANCIAL%20PRIVATE%20LIMITED
1367,YOKE SECURITIES LTD.,INZ000242232,11232,1694,https://enit.nseindia.com/MemDirWeb/brokerDetailPage_Beta?memID=1694&h_MemType=members&memName=YOKE%20SECURITIES%20LTD.
1368,YUG SECURITIES PRIVATE LIMITED,INZ000195732,12994,2215,https://enit.nseindia.com/MemDirWeb/brokerDetailPage_Beta?memID=2215&h_MemType=members&memName=YUG%20SECURITIES%20PRIVATE%20LIMITED
1369,YUVRAJ SECURITIES,INZ000165313,90131,3007,https://enit.nseindia.com/MemDirWeb/brokerDetailPage_Beta?memID=3007&h_MemType=members&memName=YUVRAJ%20SECURITIES
1370,ZANSKAR SECURITIES PRIVATE LIMITED,INZ000316631,90370,3242,https://enit.nseindia.com/MemDirWeb/brokerDetailPage_Beta?memID=3242&h_MemType=members&memName=ZANSKAR%20SECURITIES%20PRIVATE%20LIMITED
1371,ZAVERI ENTERPRISE PVT. LTD.,INZ000215837,13170,2430,https://enit.nseindia.com/MemDirWeb/brokerDetailPage_Beta?memID=2430&h_MemType=members&memName=ZAVERI%20ENTERPRISE%20PVT.%20LTD.
1372,ZEBU SHARE AND WEALTH MANAGEMENTS PRIVATE LIMITED,INZ000174634,13179,2810,https://enit.nseindia.com/MemDirWeb/brokerDetailPage_Beta?memID=2810&h_MemType=members&memName=ZEBU%20SHARE%20AND%20WEALTH%20MANAGEMENTS%20PRIVATE%20LIMITED
1373,ZEN SECURITIES LTD.,INZ000195436,6849,880,https://enit.nseindia.com/MemDirWeb/brokerDetailPage_Beta?memID=880&h_MemType=members&memName=ZEN%20SECURITIES%20LTD.
1374,ZEPHYR FINANCIAL PUBLISHERS  PRIVATE LIMITED,,90330,3200,https://enit.nseindia.com/MemDirWeb/brokerDetailPage_Beta?memID=3200&h_MemType=members&memName=ZEPHYR%20FINANCIAL%20PUBLISHERS%20%20PRIVATE%20LIMITED
1375,ZERODHA BROKING LIMITED,INZ000031633,13906,2516,https://enit.nseindia.com/MemDirWeb/brokerDetailPage_Beta?memID=2516&h_MemType=members&memName=ZERODHA%20BROKING%20LIMITED
1376,ZISHKA CAPITAL LLP,INZ000157953,90116,2991,https://enit.nseindia.com/MemDirWeb/brokerDetailPage_Beta?memID=2991&h_MemType=members&memName=ZISHKA%20CAPITAL%20LLP
1377,ZUARI FINSERV LIMITED,INZ000162134,10521,1976,https://enit.nseindia.com/MemDirWeb/brokerDetailPage_Beta?memID=1976&h_MemType=members&memName=ZUARI%20FINSERV%20LIMITED
